x u b5 b10 b20 b40
0 0 0 0 0 0
0.0005 0.00157079568083 0.00146890167236 0.00154474426435 0.00156416114813 0.00156908699422
0.001 0.00314158748588 0.0029366797347 0.00308880547726 0.00312795315085 0.0031379817733
0.0015 0.00471237153937 0.00440333314791 0.0046321811855 0.0046913727979 0.00470668077617
0.002 0.00628314396556 0.00586886087391 0.00617486893761 0.0062544168804 0.00627518044256
0.0025 0.00785390088871 0.00733326187566 0.00771686628391 0.00781708219082 0.00784347721306
0.003 0.00942463843314 0.00879653511717 0.00925817077651 0.00937936552304 0.0094115675291
0.0035 0.0109953527232 0.0102586795635 0.0107987799693 0.0109412636723 0.010979447833
0.004 0.0125660398834 0.0117196941807 0.0123386914179 0.0125027734353 0.0125471145678
0.0045 0.014136696038 0.0131795779359 0.0138779026799 0.01406389161 0.0141145641776
0.005 0.0157073173118 0.0146383297973 0.0154164113144 0.0156246149959 0.0156817931072
0.0055 0.0172778998294 0.016095948734 0.0169542148826 0.0171849403939 0.0172487978024
0.006 0.0188484397154 0.0175524337164 0.0184913109472 0.0187448646062 0.0188155747099
0.0065 0.0204189330948 0.0190077837157 0.0200276970729 0.0203043844365 0.0203821202771
0.007 0.0219893760925 0.0204619977043 0.0215633708261 0.02186349669 0.0219484309526
0.0075 0.0235597648336 0.0219150746555 0.023098329775 0.023422198173 0.0235145031856
0.008 0.0251300954433 0.0233670135437 0.0246325714898 0.0249804856937 0.0250803334264
0.0085 0.0267003640471 0.0248178133444 0.0261660935422 0.0265383560615 0.0266459181263
0.009 0.0282705667703 0.026267473034 0.0276988935058 0.0280958060871 0.0282112537373
0.0095 0.0298406997387 0.0277159915902 0.0292309689562 0.0296528325829 0.0297763367125
0.01 0.0314107590781 0.0291633679914 0.0307623174705 0.0312094323626 0.0313411635059
0.0105 0.0329807409147 0.0306096012174 0.0322929366279 0.0327656022415 0.0329057305725
0.011 0.0345506413745 0.0320546902486 0.0338228240093 0.0343213390361 0.0344700343681
0.0115 0.036120456584 0.033498634067 0.0353519771973 0.0358766395648 0.0360340713496
0.012 0.0376901826699 0.034941431655 0.0368803937765 0.037431500647 0.037597837975
0.0125 0.0392598157591 0.0363830819967 0.0384080713332 0.0389859191039 0.039161330703
0.013 0.0408293519785 0.0378235840767 0.0399350074555 0.040539891758 0.0407245459934
0.0135 0.0423987874556 0.0392629368809 0.0414611997335 0.0420934154334 0.042287480307
0.014 0.0439681183179 0.0407011393963 0.042986645759 0.0436464869557 0.0438501301058
0.0145 0.0455373406932 0.0421381906107 0.0445113431256 0.0451991031519 0.0454124918524
0.015 0.0471064507096 0.0435740895132 0.0460352894288 0.0467512608506 0.0469745620108
0.0155 0.0486754444956 0.0450088350937 0.0475584822658 0.0483029568818 0.0485363370458
0.016 0.0502443181798 0.0464424263433 0.0490809192359 0.0498541880772 0.0500978134233
0.0165 0.0518130678911 0.0478748622542 0.05060259794 0.0514049512698 0.0516589876103
0.017 0.0533816897588 0.0493061418195 0.0521235159808 0.0529552432943 0.0532198560747
0.0175 0.0549501799124 0.0507362640333 0.0536436709631 0.0545050609868 0.0547804152855
0.018 0.056518534482 0.0521652278909 0.0551630604933 0.0560544011849 0.0563406617129
0.0185 0.0580867495977 0.0535930323885 0.0566816821797 0.0576032607281 0.057900591828
0.019 0.0596548213902 0.0550196765235 0.0581995336325 0.0591516364569 0.0594602021031
0.0195 0.0612227459903 0.0564451592941 0.0597166124639 0.0606995252137 0.0610194890113
0.02 0.0627905195293 0.0578694796999 0.0612329162875 0.0622469238424 0.0625784490273
0.0205 0.064358138139 0.0592926367411 0.0627484427191 0.0637938291884 0.0641370786264
0.021 0.0659255979514 0.0607146294193 0.0642631893764 0.0653402380988 0.0656953742852
0.0215 0.0674928950989 0.062135456737 0.0657771538787 0.066886147422 0.0672533324815
0.022 0.0690600257144 0.0635551176978 0.0672903338473 0.0684315540082 0.068810949694
0.0225 0.0706269859312 0.0649736113061 0.0688027269054 0.0699764547092 0.0703682224028
0.023 0.0721937718829 0.0663909365677 0.070314330678 0.0715208463782 0.0719251470888
0.0235 0.0737603797036 0.0678070924893 0.0718251427919 0.0730647258701 0.0734817202344
0.024 0.0753268055279 0.0692220780784 0.0733351608759 0.0746080900414 0.0750379383228
0.0245 0.0768930454909 0.070635892344 0.0748443825606 0.0761509357501 0.0765937978386
0.025 0.0784590957278 0.0720485342957 0.0763528054784 0.077693259856 0.0781492952674
0.0255 0.0800249523748 0.0734600029445 0.0778604272637 0.0792350592204 0.0797044270961
0.026 0.0815906115682 0.0748702973021 0.0793672455527 0.0807763307061 0.0812591898127
0.0265 0.0831560694448 0.0762794163816 0.0808732579834 0.0823170711777 0.0828135799064
0.027 0.0847213221421 0.0776873591968 0.0823784621958 0.0838572775013 0.0843675938676
0.0275 0.0862863657979 0.0790941247628 0.0838828558318 0.0853969465446 0.0859212281877
0.028 0.0878511965507 0.0804997120956 0.0853864365351 0.0869360751772 0.0874744793597
0.0285 0.0894158105395 0.0819041202122 0.0868892019512 0.08847466027 0.0890273438774
0.029 0.0909802039036 0.0833073481308 0.0883911497277 0.0900126986958 0.0905798182361
0.0295 0.0925443727831 0.0847093948706 0.0898922775139 0.0915501873288 0.0921318989322
0.03 0.0941083133185 0.0861102594518 0.0913925829611 0.0930871230451 0.0936835824633
0.0305 0.0956720216511 0.0875099408955 0.0928920637224 0.0946235027222 0.0952348653284
0.031 0.0972354939224 0.0889084382242 0.0943907174528 0.0961593232396 0.0967857440274
0.0315 0.0987987262748 0.090305750461 0.0958885418093 0.0976945814782 0.098336215062
0.032 0.100361714851 0.0917018766303 0.0973855344507 0.0992292743206 0.0998862749345
0.0325 0.101924455795 0.0930968157577 0.0988816930377 0.100763398651 0.101435920149
0.033 0.10348694525 0.0944905668694 0.100377015233 0.102296951356 0.102985147211
0.0335 0.105049179362 0.0958831289931 0.101871498701 0.103829929322 0.104533952626
0.034 0.106611154275 0.0972745011572 0.103365141108 0.10536232944 0.106082332903
0.0345 0.108172866136 0.0986646823912 0.104857940123 0.106894148601 0.10763028455
0.035 0.109734311091 0.100053671726 0.106349893415 0.108425383696 0.109177804077
0.0355 0.111295485288 0.101441468193 0.107840998657 0.109956031621 0.110724887997
0.036 0.112856384873 0.102828070825 0.109331253523 0.111486089272 0.112271532823
0.0365 0.114417005998 0.104213478655 0.110820655689 0.113015553546 0.113817735068
0.037 0.115977344809 0.105597690719 0.112309202833 0.114544421344 0.115363491248
0.0375 0.117537397458 0.106980706052 0.113796892634 0.116072689567 0.11690879788
0.038 0.119097160095 0.108362523691 0.115283722774 0.117600355118 0.118453651482
0.0385 0.120656628871 0.109743142674 0.116769690937 0.119127414901 0.119998048575
0.039 0.12221579994 0.111122562041 0.118254794809 0.120653865824 0.121541985679
0.0395 0.123774669453 0.11250078083 0.119739032076 0.122179704794 0.123085459316
0.04 0.125333233564 0.113877798083 0.121222400429 0.123704928722 0.12462846601
0.0405 0.126891488428 0.115253612841 0.122704897558 0.125229534519 0.126171002286
0.041 0.1284494302 0.116628224149 0.124186521157 0.1267535191 0.127713064671
0.0415 0.130007055036 0.11800163105 0.125667268922 0.128276879379 0.129254649692
0.042 0.131564359092 0.11937383259 0.127147138548 0.129799612274 0.13079575388
0.0425 0.133121338527 0.120744827814 0.128626127735 0.131321714703 0.132336373763
0.043 0.134677989497 0.12211461577 0.130104234185 0.132843183587 0.133876505876
0.0435 0.136234308163 0.123483195506 0.131581455599 0.134364015849 0.13541614675
0.044 0.137790290685 0.124850566071 0.133057789684 0.135884208413 0.136955292921
0.0445 0.139345933222 0.126216726517 0.134533234145 0.137403758205 0.138493940926
0.045 0.140901231938 0.127581675893 0.136007786692 0.138922662153 0.140032087302
0.0455 0.142456182993 0.128945413254 0.137481445035 0.140440917186 0.141569728589
0.046 0.144010782552 0.130307937651 0.138954206886 0.141958520236 0.143106861326
0.0465 0.145565026779 0.131669248141 0.140426069961 0.143475468237 0.144643482057
0.047 0.147118911839 0.133029343777 0.141897031976 0.144991758122 0.146179587325
0.0475 0.148672433897 0.134388223618 0.14336709065 0.14650738683 0.147715173675
0.048 0.150225589121 0.13574588672 0.144836243702 0.148022351299 0.149250237654
0.0485 0.151778373678 0.137102332143 0.146304488855 0.14953664847 0.150784775809
0.049 0.153330783737 0.138457558946 0.147771823835 0.151050275284 0.152318784691
0.0495 0.154882815468 0.13981156619 0.149238246366 0.152563228687 0.15385226085
0.05 0.15643446504 0.141164352936 0.150703754177 0.154075505624 0.15538520084
0.0505 0.157985728626 0.142515918248 0.152168344998 0.155587103043 0.156917601213
0.051 0.159536602398 0.14386626119 0.153632016563 0.157098017895 0.158449458526
0.0515 0.16108708253 0.145215380826 0.155094766604 0.15860824713 0.159980769336
0.052 0.162637165195 0.146563276222 0.156556592858 0.160117787703 0.161511530202
0.0525 0.164186846569 0.147909946446 0.158017493063 0.161626636568 0.163041737684
0.053 0.165736122828 0.149255390565 0.15947746496 0.163134790684 0.164571388343
0.0535 0.16728499015 0.150599607649 0.160936506289 0.164642247008 0.166100478743
0.054 0.168833444713 0.151942596768 0.162394614796 0.166149002503 0.167629005449
0.0545 0.170381482696 0.153284356993 0.163851788226 0.167655054132 0.169156965028
0.055 0.171929100279 0.154624887396 0.165308024328 0.169160398858 0.170684354047
0.0555 0.173476293645 0.155964187051 0.166763320851 0.170665033649 0.172211169077
0.056 0.175023058975 0.157302255031 0.168217675547 0.172168955474 0.173737406687
0.0565 0.176569392453 0.158639090413 0.16967108617 0.173672161302 0.175263063452
0.057 0.178115290264 0.159974692272 0.171123550476 0.175174648108 0.176788135946
0.0575 0.179660748593 0.161309059686 0.172575066223 0.176676412864 0.178312620745
0.058 0.181205763627 0.162642191734 0.174025631172 0.178177452547 0.179836514426
0.0585 0.182750331554 0.163974087494 0.175475243083 0.179677764136 0.181359813568
0.059 0.184294448562 0.165304746049 0.176923899721 0.18117734461 0.182882514754
0.0595 0.185838110843 0.166634166478 0.178371598851 0.182676190952 0.184404614564
0.06 0.187381314586 0.167962347865 0.179818338242 0.184174300146 0.185926109585
0.0605 0.188924055984 0.169289289294 0.181264115664 0.185671669178 0.187446996401
0.061 0.190466331231 0.170614989849 0.182708928887 0.187168295035 0.188967271599
0.0615 0.192008136522 0.171939448616 0.184152775688 0.188664174709 0.19048693177
0.062 0.193549468051 0.173262664681 0.18559565384 0.190159305189 0.192005973504
0.0625 0.195090322016 0.174584637134 0.187037561122 0.191653683471 0.193524393394
0.063 0.196630694615 0.175905365061 0.188478495314 0.193147306551 0.195042188034
0.0635 0.198170582048 0.177224847555 0.189918454198 0.194640171425 0.196559354019
0.064 0.199709980514 0.178543083704 0.191357435558 0.196132275094 0.198075887948
0.0645 0.201248886216 0.179860072602 0.19279543718 0.197623614559 0.199591786421
0.065 0.202787295357 0.181175813342 0.194232456851 0.199114186825 0.201107046037
0.0655 0.204325204139 0.182490305017 0.195668492362 0.200603988897 0.2026216634
0.066 0.20586260877 0.183803546723 0.197103541505 0.202093017782 0.204135635114
0.0665 0.207399505455 0.185115537555 0.198537602074 0.203581270491 0.205648957786
0.067 0.208935890402 0.186426276612 0.199970671865 0.205068744035 0.207161628024
0.0675 0.210471759821 0.187735762991 0.201402748675 0.206555435428 0.208673642437
0.068 0.212007109922 0.189043995791 0.202833830306 0.208041341686 0.210184997637
0.0685 0.213541936916 0.190350974114 0.204263914558 0.209526459826 0.211695690237
0.069 0.215076237017 0.191656697059 0.205692999237 0.211010786868 0.213205716853
0.0695 0.216610006439 0.192961163731 0.207121082148 0.212494319835 0.214715074101
0.07 0.218143241397 0.194264373231 0.208548161101 0.21397705575 0.216223758599
0.0705 0.219675938108 0.195566324666 0.209974233904 0.215458991638 0.217731766969
0.071 0.22120809279 0.196867017139 0.21139929837 0.216940124529 0.219239095832
0.0715 0.222739701664 0.198166449758 0.212823352314 0.218420451452 0.220745741813
0.072 0.224270760949 0.199464621631 0.214246393552 0.219899969439 0.222251701536
0.0725 0.225801266869 0.200761531866 0.215668419902 0.221378675524 0.223756971631
0.073 0.227331215647 0.202057179572 0.217089429185 0.222856566743 0.225261548726
0.0735 0.228860603507 0.203351563861 0.218509419223 0.224333640135 0.226765429453
0.074 0.230389426677 0.204644683844 0.219928387842 0.225809892741 0.228268610444
0.0745 0.231917681383 0.205936538635 0.221346332866 0.227285321601 0.229771088335
0.075 0.233445363856 0.207227127346 0.222763252126 0.228759923762 0.231272859763
0.0755 0.234972470325 0.208516449093 0.224179143452 0.230233696269 0.232773921366
0.076 0.236498997024 0.209804502992 0.225594004677 0.231706636172 0.234274269785
0.0765 0.238024940184 0.21109128816 0.227007833635 0.233178740521 0.235773901662
0.077 0.239550296042 0.212376803714 0.228420628163 0.234650006368 0.237272813641
0.0775 0.241075060833 0.213661048775 0.2298323861 0.23612043077 0.238771002369
0.078 0.242599230795 0.214944022461 0.231243105288 0.237590010782 0.240268464494
0.0785 0.244122802168 0.216225723895 0.232652783569 0.239058743465 0.241765196666
0.079 0.245645771192 0.217506152197 0.234061418788 0.240526625879 0.243261195537
0.0795 0.24716813411 0.218785306493 0.235469008793 0.241993655089 0.24475645776
0.08 0.248689887165 0.220063185905 0.236875551432 0.243459828159 0.246250979991
0.0805 0.250211026602 0.221339789559 0.238281044558 0.244925142157 0.247744758888
0.081 0.251731548668 0.222615116582 0.239685486024 0.246389594153 0.249237791111
0.0815 0.253251449612 0.2238891661 0.241088873684 0.24785318122 0.25073007332
0.082 0.254770725683 0.225161937243 0.242491205397 0.249315900431 0.25222160218
0.0825 0.256289373133 0.22643342914 0.243892479022 0.250777748863 0.253712374355
0.083 0.257807388214 0.227703640921 0.245292692421 0.252238723593 0.255202386514
0.0835 0.259324767181 0.228972571717 0.246691843458 0.253698821703 0.256691635325
0.084 0.26084150629 0.230240220662 0.248089929998 0.255158040276 0.25818011746
0.0845 0.262357601798 0.23150658689 0.249486949909 0.256616376396 0.259667829592
0.085 0.263873049965 0.232771669533 0.250882901062 0.258073827151 0.261154768396
0.0855 0.265387847052 0.23403546773 0.252277781329 0.259530389629 0.26264093055
0.086 0.26690198932 0.235297980615 0.253671588583 0.260986060923 0.264126312733
0.0865 0.268415473035 0.236559207328 0.255064320702 0.262440838125 0.265610911626
0.087 0.26992829446 0.237819147006 0.256455975563 0.263894718333 0.267094723912
0.0875 0.271440449865 0.23907779879 0.257846551046 0.265347698643 0.268577746276
0.088 0.272951935517 0.240335161821 0.259236045036 0.266799776157 0.270059975407
0.0885 0.274462747688 0.24159123524 0.260624455415 0.268250947975 0.271541407993
0.089 0.275972882649 0.242846018191 0.262011780071 0.269701211205 0.273022040726
0.0895 0.277482336674 0.244099509817 0.263398016893 0.271150562951 0.274501870299
0.09 0.278991106039 0.245351709264 0.264783163772 0.272599000324 0.275980893408
0.0905 0.280499187022 0.246602615678 0.266167218601 0.274046520434 0.277459106749
0.091 0.2820065759 0.247852228206 0.267550179274 0.275493120395 0.278936507024
0.0915 0.283513268955 0.249100545997 0.26893204369 0.276938797323 0.280413090933
0.092 0.28501926247 0.250347568198 0.270312809748 0.278383548336 0.28188885518
0.0925 0.286524552728 0.251593293962 0.271692475349 0.279827370554 0.283363796471
0.093 0.288029136015 0.252837722438 0.273071038396 0.2812702611 0.284837911515
0.0935 0.289533008618 0.25408085278 0.274448496796 0.282712217099 0.28631119702
0.094 0.291036166828 0.255322684141 0.275824848457 0.284153235677 0.287783649699
0.0945 0.292538606935 0.256563215675 0.277200091287 0.285593313963 0.289255266267
0.095 0.294040325232 0.257802446537 0.2785742232 0.28703244909 0.29072604344
0.0955 0.295541318014 0.259040375885 0.27994724211 0.288470638191 0.292195977936
0.096 0.297041581577 0.260277002876 0.281319145932 0.289907878403 0.293665066475
0.0965 0.298541112219 0.261512326668 0.282689932586 0.291344166862 0.295133305781
0.097 0.300039906241 0.262746346422 0.284059599992 0.292779500711 0.296600692579
0.0975 0.301537959944 0.263979061297 0.285428146072 0.294213877092 0.298067223596
0.098 0.303035269633 0.265210470456 0.286795568751 0.295647293151 0.29953289556
0.0985 0.304531831612 0.266440573061 0.288161865957 0.297079746034 0.300997705203
0.099 0.306027642189 0.267669368277 0.289527035619 0.298511232892 0.302461649258
0.0995 0.307522697673 0.268896855267 0.290891075667 0.299941750876 0.303924724463
0.1 0.309016994375 0.270123033198 0.292253984035 0.301371297142 0.305386927553
0.1005 0.310510528609 0.271347901237 0.293615758658 0.302799868846 0.30684825527
0.101 0.312003296688 0.272571458552 0.294976397475 0.304227463147 0.308308704355
0.1015 0.313495294931 0.273793704311 0.296335898425 0.305654077206 0.309768271553
0.102 0.314986519655 0.275014637686 0.297694259449 0.307079708186 0.311226953612
0.1025 0.316476967182 0.276234257846 0.299051478492 0.308504353256 0.312684747279
0.103 0.317966633832 0.277452563965 0.3004075535 0.309928009581 0.314141649305
0.1035 0.319455515932 0.278669555215 0.301762482421 0.311350674333 0.315597656445
0.104 0.320943609807 0.27988523077 0.303116263207 0.312772344686 0.317052765454
0.1045 0.322430911786 0.281099589806 0.304468893808 0.314193017814 0.318506973089
0.105 0.323917418198 0.2823126315 0.305820372182 0.315612690896 0.319960276111
0.1055 0.325403125376 0.283524355027 0.307170696283 0.317031361111 0.321412671281
0.106 0.326888029655 0.284734759568 0.308519864071 0.318449025641 0.322864155366
0.1065 0.32837212737 0.2859438443 0.309867873508 0.319865681673 0.324314725131
0.107 0.329855414859 0.287151608406 0.311214722557 0.321281326392 0.325764377345
0.1075 0.331337888463 0.288358051065 0.312560409184 0.322695956989 0.32721310878
0.108 0.332819544523 0.289563171462 0.313904931356 0.324109570655 0.32866091621
0.1085 0.334300379384 0.290766968778 0.315248287042 0.325522164584 0.330107796411
0.109 0.335780389393 0.2919694422 0.316590474217 0.326933735974 0.33155374616
0.1095 0.337259570896 0.293170590912 0.317931490852 0.328344282024 0.33299876224
0.11 0.338737920245 0.294370414102 0.319271334925 0.329753799935 0.334442841431
0.1105 0.340215433792 0.295568910956 0.320610004415 0.33116228691 0.33588598052
0.111 0.341692107891 0.296766080665 0.321947497302 0.332569740157 0.337328176295
0.1115 0.343167938899 0.297961922417 0.323283811569 0.333976156883 0.338769425544
0.112 0.344642923175 0.299156435404 0.3246189452 0.335381534301 0.340209725061
0.1125 0.346117057077 0.300349618817 0.325952896184 0.336785869623 0.34164907164
0.113 0.347590336971 0.30154147185 0.32728566251 0.338189160066 0.343087462077
0.1135 0.34906275922 0.302731993696 0.328617242169 0.339591402848 0.344524893173
0.114 0.350534320191 0.303921183551 0.329947633155 0.340992595189 0.345961361728
0.1145 0.352005016254 0.30510904061 0.331276833465 0.342392734314 0.347396864547
0.115 0.353474843779 0.306295564071 0.332604841095 0.343791817447 0.348831398436
0.1155 0.354943799141 0.307480753132 0.333931654047 0.345189841817 0.350264960204
0.116 0.356411878713 0.308664606991 0.335257270323 0.346586804655 0.351697546662
0.1165 0.357879078875 0.30984712485 0.336581687928 0.347982703192 0.353129154623
0.117 0.359345396006 0.31102830591 0.337904904869 0.349377534666 0.354559780903
0.1175 0.360810826488 0.312208149372 0.339226919154 0.350771296314 0.355989422322
0.118 0.362275366705 0.313386654441 0.340547728795 0.352163985376 0.357418075699
0.1185 0.363739013043 0.31456382032 0.341867331806 0.353555599095 0.358845737858
0.119 0.365201761892 0.315739646215 0.343185726202 0.354946134717 0.360272405624
0.1195 0.366663609641 0.316914131333 0.344502910001 0.356335589489 0.361698075825
0.12 0.368124552685 0.318087274881 0.345818881223 0.357723960662 0.363122745292
0.1205 0.369584587417 0.319259076067 0.34713363789 0.359111245488 0.364546410858
0.121 0.371043710237 0.320429534102 0.348447178028 0.360497441223 0.365969069359
0.1215 0.372501917543 0.321598648196 0.349759499661 0.361882545124 0.367390717631
0.122 0.373959205738 0.32276641756 0.35107060082 0.363266554453 0.368811352515
0.1225 0.375415571225 0.323932841407 0.352380479536 0.36464946647 0.370230970855
0.123 0.376871010412 0.325097918951 0.353689133841 0.366031278443 0.371649569495
0.1235 0.378325519707 0.326261649408 0.354996561772 0.367411987639 0.373067145282
0.124 0.379779095522 0.327424031992 0.356302761365 0.368791591327 0.374483695069
0.1245 0.381231734269 0.32858506592 0.357607730661 0.370170086781 0.375899215706
0.125 0.382683432365 0.329744750411 0.358911467702 0.371547471277 0.377313704049
0.1255 0.384134186228 0.330903084684 0.360213970533 0.372923742091 0.378727156956
0.126 0.385583992277 0.332060067958 0.3615152372 0.374298896505 0.380139571288
0.1265 0.387032846937 0.333215699455 0.362815265751 0.375672931801 0.381550943906
0.127 0.388480746631 0.334369978396 0.364114054238 0.377045845265 0.382961271676
0.1275 0.389927687788 0.335522904005 0.365411600714 0.378417634185 0.384370551467
0.128 0.391373666837 0.336674475506 0.366707903234 0.379788295852 0.385778780148
0.1285 0.392818680211 0.337824692124 0.368002959856 0.381157827558 0.387185954592
0.129 0.394262724343 0.338973553086 0.369296768641 0.3825262266 0.388592071675
0.1295 0.395705795671 0.340121057618 0.370589327649 0.383893490275 0.389997128274
0.13 0.397147890635 0.341267204949 0.371880634946 0.385259615885 0.391401121271
0.1305 0.398589005675 0.342411994309 0.373170688598 0.386624600732 0.392804047548
0.131 0.400029137237 0.343555424928 0.374459486674 0.387988442123 0.394205903992
0.1315 0.401468281767 0.344697496037 0.375747027245 0.389351137367 0.39560668749
0.132 0.402906435714 0.345838206868 0.377033308384 0.390712683773 0.397006394933
0.1325 0.404343595529 0.346977556656 0.378318328167 0.392073078657 0.398405023216
0.133 0.405779757666 0.348115544635 0.379602084672 0.393432319335 0.399802569233
0.1335 0.407214918582 0.349252170041 0.380884575978 0.394790403125 0.401199029884
0.134 0.408649074736 0.35038743211 0.382165800168 0.396147327348 0.40259440207
0.1345 0.410082222589 0.351521330079 0.383445755326 0.39750308933 0.403988682694
0.135 0.411514358605 0.352653863189 0.38472443954 0.398857686396 0.405381868665
0.1355 0.41294547925 0.353785030677 0.386001850897 0.400211115876 0.40677395689
0.136 0.414375580993 0.354914831786 0.38727798749 0.401563375101 0.408164944281
0.1365 0.415804660306 0.356043265757 0.388552847412 0.402914461407 0.409554827753
0.137 0.417232713662 0.357170331833 0.389826428758 0.404264372131 0.410943604224
0.1375 0.418659737537 0.358296029259 0.391098729627 0.405613104612 0.412331270612
0.138 0.420085728412 0.359420357278 0.392369748118 0.406960656193 0.413717823841
0.1385 0.421510682766 0.360543315137 0.393639482335 0.408307024218 0.415103260835
0.139 0.422934597085 0.361664902083 0.394907930381 0.409652206036 0.416487578522
0.1395 0.424357467855 0.362785117364 0.396175090365 0.410996198997 0.417870773833
0.14 0.425779291565 0.36390396023 0.397440960395 0.412339000454 0.419252843701
0.1405 0.427200064707 0.36502142993 0.398705538583 0.413680607762 0.420633785061
0.141 0.428619783775 0.366137525715 0.399968823042 0.41502101828 0.422013594853
0.1415 0.430038445267 0.367252246839 0.401230811889 0.416360229368 0.423392270017
0.142 0.431456045681 0.368365592554 0.402491503242 0.417698238391 0.424769807497
0.1425 0.43287258152 0.369477562115 0.403750895222 0.419035042715 0.426146204241
0.143 0.43428804929 0.370588154777 0.405008985951 0.420370639708 0.427521457197
0.1435 0.435702445497 0.371697369797 0.406265773555 0.421705026742 0.428895563317
0.144 0.437115766651 0.372805206431 0.407521256161 0.423038201192 0.430268519557
0.1445 0.438528009266 0.373911663939 0.408775431898 0.424370160434 0.431640322875
0.145 0.439939169856 0.37501674158 0.410028298899 0.425700901849 0.433010970229
0.1455 0.44134924494 0.376120438614 0.411279855298 0.427030422818 0.434380458584
0.146 0.442758231039 0.377222754304 0.412530099232 0.428358720727 0.435748784906
0.1465 0.444166124676 0.378323687912 0.413779028838 0.429685792963 0.437115946163
0.147 0.445572922377 0.379423238701 0.415026642259 0.431011636917 0.438481939326
0.1475 0.446978620671 0.380521405937 0.416272937637 0.432336249982 0.43984676137
0.148 0.44838321609 0.381618188885 0.417517913118 0.433659629554 0.441210409271
0.1485 0.449786705168 0.382713586813 0.41876156685 0.434981773032 0.44257288001
0.149 0.451189084442 0.383807598987 0.420003896984 0.436302677817 0.443934170569
0.1495 0.452590350452 0.384900224677 0.421244901671 0.437622341313 0.445294277933
0.15 0.45399049974 0.385991463153 0.422484579067 0.438940760926 0.446653199091
0.1505 0.455389528851 0.387081313686 0.423722927329 0.440257934067 0.448010931033
0.151 0.456787434334 0.388169775548 0.424959944615 0.441573858147 0.449367470753
0.1515 0.45818421274 0.389256848011 0.426195629088 0.442888530582 0.450722815248
0.152 0.459579860621 0.390342530351 0.427429978912 0.444201948789 0.452076961517
0.1525 0.460974374535 0.391426821842 0.428662992252 0.445514110189 0.453429906563
0.153 0.462367751041 0.392509721761 0.429894667278 0.446825012205 0.454781647391
0.1535 0.4637599867 0.393591229384 0.431125002159 0.448134652263 0.456132181008
0.154 0.465151078077 0.39467134399 0.432353995071 0.449443027791 0.457481504426
0.1545 0.466541021741 0.395750064859 0.433581644186 0.450750136222 0.458829614658
0.155 0.467929814261 0.39682739127 0.434807947685 0.45205597499 0.460176508721
0.1555 0.46931745221 0.397903322506 0.436032903745 0.453360541531 0.461522183634
0.156 0.470703932165 0.398977857848 0.437256510551 0.454663833285 0.46286663642
0.1565 0.472089250705 0.40005099658 0.438478766286 0.455965847695 0.464209864104
0.157 0.473473404412 0.401122737987 0.439699669138 0.457266582207 0.465551863713
0.1575 0.474856389871 0.402193081354 0.440919217295 0.458566034269 0.466892632279
0.158 0.476238203668 0.403262025968 0.44213740895 0.45986420133 0.468232166836
0.1585 0.477618842395 0.404329571116 0.443354242296 0.461161080847 0.46957046442
0.159 0.478998302645 0.405395716087 0.444569715529 0.462456670274 0.470907522072
0.1595 0.480376581014 0.406460460172 0.445783826849 0.463750967071 0.472243336834
0.16 0.481753674102 0.40752380266 0.446996574455 0.465043968701 0.473577905751
0.1605 0.48312957851 0.408585742843 0.448207956551 0.466335672628 0.474911225872
0.161 0.484504290844 0.409646280015 0.449417971343 0.467626076321 0.476243294248
0.1615 0.485877807712 0.410705413469 0.450626617039 0.468915177249 0.477574107934
0.162 0.487250125725 0.4117631425 0.451833891847 0.470202972887 0.478903663987
0.1625 0.488621241497 0.412819466404 0.453039793982 0.47148946071 0.480231959467
0.163 0.489991151644 0.413874384479 0.454244321657 0.472774638198 0.481558991438
0.1635 0.491359852787 0.414927896021 0.45544747309 0.474058502832 0.482884756966
0.164 0.492727341548 0.415980000331 0.456649246501 0.475341052097 0.484209253119
0.1645 0.494093614554 0.417030696709 0.45784964011 0.476622283482 0.485532476971
0.165 0.495458668432 0.418079984455 0.459048652143 0.477902194476 0.486854425596
0.1655 0.496822499816 0.419127862872 0.460246280825 0.479180782572 0.488175096072
0.166 0.498185105339 0.420174331264 0.461442524386 0.480458045267 0.489494485481
0.1665 0.499546481641 0.421219388933 0.462637381056 0.481733980061 0.490812590907
0.167 0.500906625361 0.422263035187 0.463830849068 0.483008584453 0.492129409436
0.1675 0.502265533143 0.42330526933 0.46502292666 0.484281855951 0.493444938159
0.168 0.503623201636 0.424346090672 0.466213612068 0.48555379206 0.494759174169
0.1685 0.504979627488 0.425385498519 0.467402903534 0.486824390292 0.496072114562
0.169 0.506334807353 0.426423492182 0.468590799299 0.488093648159 0.497383756438
0.1695 0.507688737887 0.427460070971 0.46977729761 0.489361563179 0.498694096898
0.17 0.50904141575 0.428495234198 0.470962396714 0.49062813287 0.500003133049
0.1705 0.510392837604 0.429528981176 0.47214609486 0.491893354754 0.501310861998
0.171 0.511743000114 0.430561311217 0.4733283903 0.493157226357 0.502617280856
0.1715 0.51309189995 0.431592223637 0.47450928129 0.494419745205 0.503922386739
0.172 0.514439533782 0.432621717752 0.475688766086 0.49568090883 0.505226176764
0.1725 0.515785898285 0.433649792877 0.476866842948 0.496940714765 0.50652864805
0.173 0.517130990138 0.434676448333 0.478043510136 0.498199160546 0.507829797723
0.1735 0.518474806022 0.435701683436 0.479218765915 0.499456243714 0.509129622909
0.174 0.519817342621 0.436725497507 0.480392608552 0.50071196181 0.510428120737
0.1745 0.521158596622 0.437747889866 0.481565036314 0.50196631238 0.51172528834
0.175 0.522498564716 0.438768859837 0.482736047473 0.503219292971 0.513021122856
0.1755 0.523837243597 0.439788406742 0.483905640303 0.504470901135 0.514315621421
0.176 0.525174629961 0.440806529904 0.485073813078 0.505721134427 0.51560878118
0.1765 0.52651072051 0.44182322865 0.486240564078 0.506969990402 0.516900599277
0.177 0.527845511945 0.442838502305 0.487405891582 0.50821746662 0.51819107286
0.1775 0.529179000974 0.443852350197 0.488569793873 0.509463560645 0.519480199082
0.178 0.530511184307 0.444864771653 0.489732269237 0.510708270043 0.520767975097
0.1785 0.531842058656 0.445875766003 0.490893315962 0.511951592381 0.522054398063
0.179 0.533171620737 0.446885332578 0.492052932336 0.513193525232 0.523339465141
0.1795 0.534499867271 0.447893470708 0.493211116652 0.51443406617 0.524623173495
0.18 0.535826794979 0.448900179727 0.494367867206 0.515673212773 0.525905520292
0.1805 0.537152400588 0.449905458966 0.495523182294 0.516910962622 0.527186502704
0.181 0.538476680827 0.450909307762 0.496677060215 0.518147313299 0.528466117902
0.1815 0.539799632428 0.45191172545 0.497829499272 0.519382262391 0.529744363066
0.182 0.541121252127 0.452912711365 0.498980497768 0.520615807489 0.531021235373
0.1825 0.542441536663 0.453912264847 0.50013005401 0.521847946183 0.532296732009
0.183 0.543760482779 0.454910385232 0.501278166308 0.52307867607 0.533570850158
0.1835 0.54507808722 0.455907071862 0.502424832971 0.524307994748 0.534843587011
0.184 0.546394346734 0.456902324077 0.503570052315 0.525535899819 0.536114939759
0.1845 0.547709258075 0.457896141218 0.504713822654 0.526762388886 0.537384905601
0.185 0.549022817998 0.458888522628 0.505856142309 0.527987459557 0.538653481733
0.1855 0.550335023262 0.459879467652 0.506997009598 0.529211109442 0.53992066536
0.186 0.551645870628 0.460868975634 0.508136422847 0.530433336155 0.541186453685
0.1865 0.552955356864 0.461857045919 0.509274380379 0.531654137313 0.542450843919
0.187 0.554263478737 0.462843677856 0.510410880524 0.532873510534 0.543713833274
0.1875 0.55557023302 0.463828870792 0.511545921612 0.534091453441 0.544975418964
0.188 0.556875616488 0.464812624076 0.512679501975 0.535307963659 0.546235598208
0.1885 0.558179625922 0.465794937058 0.513811619949 0.536523038816 0.547494368229
0.189 0.559482258102 0.46677580909 0.514942273872 0.537736676545 0.54875172625
0.1895 0.560783509816 0.467755239523 0.516071462082 0.53894887448 0.550007669501
0.19 0.562083377852 0.46873322771 0.517199182924 0.540159630258 0.551262195212
0.1905 0.563381859003 0.469709773007 0.518325434741 0.541368941519 0.55251530062
0.191 0.564678950066 0.470684874768 0.51945021588 0.542576805908 0.553766982962
0.1915 0.56597464784 0.47165853235 0.520573524692 0.543783221071 0.555017239479
0.192 0.567268949127 0.472630745109 0.521695359529 0.544988184657 0.556266067416
0.1925 0.568561850734 0.473601512405 0.522815718744 0.54619169432 0.557513464021
0.193 0.569853349472 0.474570833597 0.523934600694 0.547393747714 0.558759426545
0.1935 0.571143442153 0.475538708045 0.525052003739 0.5485943425 0.560003952244
0.194 0.572432125595 0.476505135111 0.526167926241 0.549793476338 0.561247038374
0.1945 0.573719396617 0.477470114158 0.527282366563 0.550991146894 0.562488682198
0.195 0.575005252043 0.478433644549 0.528395323072 0.552187351836 0.563728880979
0.1955 0.576289688702 0.479395725648 0.529506794136 0.553382088835 0.564967631986
0.196 0.577572703422 0.480356356822 0.530616778127 0.554575355565 0.566204932489
0.1965 0.57885429304 0.481315537438 0.531725273419 0.555767149702 0.567440779764
0.197 0.580134454392 0.482273266862 0.532832278388 0.556957468929 0.568675171088
0.1975 0.58141318432 0.483229544464 0.533937791412 0.558146310927 0.569908103742
0.198 0.582690479669 0.484184369614 0.535041810872 0.559333673384 0.571139575011
0.1985 0.583966337286 0.485137741683 0.536144335152 0.560519553989 0.572369582183
0.199 0.585240754026 0.486089660042 0.537245362637 0.561703950435 0.573598122549
0.1995 0.586513726741 0.487040124065 0.538344891716 0.562886860417 0.574825193404
0.2 0.587785252292 0.487989133125 0.539442920778 0.564068281635 0.576050792046
0.2005 0.589055327542 0.488936686598 0.540539448218 0.56524821179 0.577274915776
0.201 0.590323949356 0.48988278386 0.541634472431 0.566426648587 0.5784975619
0.2015 0.591591114605 0.490827424288 0.542727991814 0.567603589736 0.579718727724
0.202 0.592856820161 0.49177060726 0.543820004768 0.568779032946 0.580938410561
0.2025 0.594121062902 0.492712332155 0.544910509695 0.569952975933 0.582156607726
0.203 0.595383839708 0.493652598354 0.545999505002 0.571125416414 0.583373316538
0.2035 0.596645147464 0.494591405238 0.547086989095 0.572296352109 0.584588534317
0.204 0.597904983058 0.495528752189 0.548172960384 0.573465780743 0.58580225839
0.2045 0.59916334338 0.496464638591 0.549257417282 0.574633700043 0.587014486084
0.205 0.600420225326 0.497399063829 0.550340358205 0.575800107738 0.588225214733
0.2055 0.601675625795 0.498332027286 0.551421781568 0.576965001562 0.589434441671
0.206 0.602929541689 0.499263528351 0.552501685793 0.578128379252 0.590642164237
0.2065 0.604181969914 0.500193566411 0.553580069301 0.579290238546 0.591848379774
0.207 0.605432907381 0.501122140854 0.554656930516 0.580450577188 0.593053085627
0.2075 0.606682351002 0.50204925107 0.555732267867 0.581609392923 0.594256279147
0.208 0.607930297695 0.50297489645 0.556806079783 0.5827666835 0.595457957685
0.2085 0.60917674438 0.503899076384 0.557878364695 0.583922446672 0.596658118597
0.209 0.610421687982 0.504821790268 0.558949121039 0.585076680193 0.597856759245
0.2095 0.611665125429 0.505743037493 0.56001834725 0.586229381823 0.599053876989
0.21 0.612907053653 0.506662817454 0.561086041769 0.587380549323 0.600249469198
0.2105 0.61414746959 0.507581129549 0.562152203037 0.588530180457 0.601443533242
0.211 0.615386370179 0.508497973173 0.563216829499 0.589678272994 0.602636066493
0.2115 0.616623752364 0.509413347725 0.5642799196 0.590824824706 0.603827066329
0.212 0.61785961309 0.510327252603 0.565341471791 0.591969833365 0.60501653013
0.2125 0.61909394931 0.511239687208 0.566401484523 0.593113296751 0.606204455282
0.213 0.620326757977 0.51215065094 0.56745995625 0.594255212643 0.60739083917
0.2135 0.621558036049 0.513060143202 0.568516885428 0.595395578825 0.608575679187
0.214 0.622787780488 0.513968163398 0.569572270517 0.596534393086 0.609758972727
0.2145 0.624015988261 0.51487471093 0.570626109977 0.597671653214 0.610940717188
0.215 0.625242656336 0.515779785205 0.571678402273 0.598807357005 0.612120909972
0.2155 0.626467781687 0.516683385629 0.572729145872 0.599941502253 0.613299548484
0.216 0.627691361291 0.517585511609 0.573778339241 0.60107408676 0.614476630132
0.2165 0.628913392129 0.518486162553 0.574825980853 0.602205108329 0.61565215233
0.217 0.630133871185 0.519385337872 0.575872069181 0.603334564766 0.616826112493
0.2175 0.631352795449 0.520283036974 0.5769166027 0.60446245388 0.61799850804
0.218 0.632570161913 0.521179259272 0.577959579891 0.605588773485 0.619169336395
0.2185 0.633785967573 0.522074004179 0.579000999234 0.606713521396 0.620338594983
0.219 0.635000209429 0.522967271108 0.580040859212 0.607836695434 0.621506281236
0.2195 0.636212884485 0.523859059473 0.581079158312 0.60895829342 0.622672392586
0.22 0.637423989749 0.524749368691 0.582115895022 0.61007831318 0.623836926472
0.2205 0.638633522232 0.525638198177 0.583151067834 0.611196752543 0.624999880333
0.221 0.639841478951 0.52652554735 0.58418467524 0.612313609342 0.626161251615
0.2215 0.641047856925 0.527411415628 0.585216715737 0.613428881412 0.627321037765
0.222 0.642252653177 0.528295802432 0.586247187824 0.614542566592 0.628479236235
0.2225 0.643455864734 0.529178707182 0.58727609 0.615654662724 0.62963584448
0.223 0.644657488628 0.5300601293 0.588303420771 0.616765167653 0.630790859959
0.2235 0.645857521893 0.530940068209 0.58932917864 0.617874079228 0.631944280135
0.224 0.647055961569 0.531818523332 0.590353362118 0.618981395301 0.633096102474
0.2245 0.648252804699 0.532695494096 0.591375969714 0.620087113726 0.634246324445
0.225 0.64944804833 0.533570979926 0.592396999943 0.621191232362 0.635394943522
0.2255 0.650641689512 0.534444980249 0.593416451319 0.622293749071 0.636541957182
0.226 0.651833725301 0.535317494493 0.594434322361 0.623394661717 0.637687362905
0.2265 0.653024152754 0.536188522088 0.595450611591 0.624493968169 0.638831158176
0.227 0.654212968936 0.537058062463 0.596465317531 0.625591666298 0.639973340483
0.2275 0.655400170912 0.537926115051 0.597478438706 0.62668775398 0.641113907317
0.228 0.656585755753 0.538792679282 0.598489973646 0.627782229091 0.642252856173
0.2285 0.657769720534 0.539657754592 0.599499920881 0.628875089514 0.643390184551
0.229 0.658952062334 0.540521340413 0.600508278945 0.629966333133 0.644525889953
0.2295 0.660132778235 0.541383436182 0.601515046372 0.631055957835 0.645659969885
0.23 0.661311865324 0.542244041335 0.602520221702 0.632143961513 0.646792421857
0.2305 0.662489320691 0.543103155309 0.603523803475 0.633230342061 0.647923243383
0.231 0.663665141432 0.543960777543 0.604525790234 0.634315097376 0.649052431981
0.2315 0.664839324646 0.544816907477 0.605526180525 0.63539822536 0.65017998517
0.232 0.666011867434 0.545671544551 0.606524972896 0.636479723918 0.651305900477
0.2325 0.667182766905 0.546524688207 0.607522165898 0.637559590956 0.652430175428
0.233 0.668352020168 0.547376337887 0.608517758085 0.638637824387 0.653552807558
0.2335 0.669519624339 0.548226493036 0.609511748011 0.639714422124 0.6546737944
0.234 0.670685576537 0.549075153098 0.610504134235 0.640789382086 0.655793133496
0.2345 0.671849873885 0.549922317519 0.611494915318 0.641862702193 0.656910822387
0.235 0.67301251351 0.550767985746 0.612484089823 0.642934380371 0.658026858622
0.2355 0.674173492543 0.551612157227 0.613471656316 0.644004414546 0.659141239751
0.236 0.675332808121 0.55245483141 0.614457613365 0.64507280265 0.660253963328
0.2365 0.676490457382 0.553296007747 0.615441959541 0.646139542618 0.661365026911
0.237 0.67764643747 0.554135685687 0.616424693417 0.647204632387 0.662474428064
0.2375 0.678800745533 0.554973864683 0.617405813569 0.648268069898 0.663582164351
0.238 0.679953378722 0.555810544188 0.618385318575 0.649329853096 0.664688233341
0.2385 0.681104334195 0.556645723656 0.619363207016 0.650389979929 0.665792632609
0.239 0.682253609109 0.557479402543 0.620339477476 0.651448448348 0.666895359731
0.2395 0.683401200631 0.558311580304 0.62131412854 0.652505256308 0.667996412288
0.24 0.684547105929 0.559142256397 0.622287158796 0.653560401767 0.669095787865
0.2405 0.685691322174 0.55997143028 0.623258566836 0.654613882685 0.670193484049
0.241 0.686833846544 0.560799101413 0.624228351252 0.655665697029 0.671289498434
0.2415 0.68797467622 0.561625269256 0.625196510642 0.656715842765 0.672383828614
0.242 0.689113808387 0.562449933271 0.626163043602 0.657764317865 0.67347647219
0.2425 0.690251240234 0.563273092919 0.627127948735 0.658811120305 0.674567426765
0.243 0.691386968955 0.564094747665 0.628091224643 0.659856248062 0.675656689947
0.2435 0.692520991747 0.564914896973 0.629052869933 0.660899699118 0.676744259347
0.244 0.693653305813 0.565733540308 0.630012883213 0.661941471458 0.67783013258
0.2445 0.694783908358 0.566550677138 0.630971263095 0.66298156307 0.678914307263
0.245 0.695912796592 0.56736630693 0.631928008191 0.664019971946 0.679996781021
0.2455 0.697039967731 0.568180429153 0.632883117118 0.665056696082 0.68107755148
0.246 0.698165418993 0.568993043276 0.633836588495 0.666091733476 0.682156616269
0.2465 0.699289147602 0.56980414877 0.634788420943 0.66712508213 0.683233973023
0.247 0.700411150784 0.570613745108 0.635738613085 0.66815674005 0.68430961938
0.2475 0.701531425771 0.571421831762 0.636687163547 0.669186705244 0.685383552982
0.248 0.702649969799 0.572228408205 0.63763407096 0.670214975724 0.686455771474
0.2485 0.703766780108 0.573033473914 0.638579333953 0.671241549507 0.687526272506
0.249 0.704881853942 0.573837028364 0.63952295116 0.672266424611 0.688595053731
0.2495 0.705995188551 0.574639071032 0.640464921219 0.673289599058 0.689662112806
0.25 0.707106781187 0.575439601396 0.641405242768 0.674311070876 0.690727447393
0.2505 0.708216629106 0.576238618935 0.642343914448 0.675330838092 0.691791055156
0.251 0.709324729572 0.57703612313 0.643280934903 0.676348898741 0.692852933765
0.2515 0.71043107985 0.577832113461 0.64421630278 0.677365250857 0.693913080892
0.252 0.711535677209 0.578626589412 0.645150016729 0.678379892482 0.694971494213
0.2525 0.712638518925 0.579419550464 0.6460820754 0.679392821657 0.69602817141
0.253 0.713739602276 0.580210996104 0.647012477448 0.68040403643 0.697083110166
0.2535 0.714838924546 0.581000925815 0.647941221529 0.681413534851 0.698136308171
0.254 0.715936483022 0.581789339085 0.648868306303 0.682421314972 0.699187763115
0.2545 0.717032274995 0.5825762354 0.649793730432 0.683427374851 0.700237472697
0.255 0.718126297763 0.583361614251 0.65071749258 0.684431712549 0.701285434614
0.2555 0.719218548626 0.584145475125 0.651639591414 0.685434326128 0.702331646572
0.256 0.720309024888 0.584927817513 0.652560025603 0.686435213658 0.703376106278
0.2565 0.721397723859 0.585708640908 0.653478793819 0.687434373207 0.704418811445
0.257 0.722484642853 0.586487944801 0.654395894737 0.68843180285 0.705459759787
0.2575 0.723569779188 0.587265728687 0.655311327035 0.689427500666 0.706498949025
0.258 0.724653130187 0.588041992061 0.656225089391 0.690421464735 0.707536376883
0.2585 0.725734693176 0.588816734417 0.657137180488 0.691413693141 0.708572041087
0.259 0.726814465487 0.589589955253 0.65804759901 0.692404183974 0.70960593937
0.2595 0.727892444455 0.590361654068 0.658956343646 0.693392935324 0.710638069467
0.26 0.728968627421 0.591131830358 0.659863413084 0.694379945287 0.711668429117
0.2605 0.73004301173 0.591900483626 0.660768806018 0.695365211961 0.712697016064
0.261 0.73111559473 0.592667613371 0.661672521143 0.696348733449 0.713723828055
0.2615 0.732186373775 0.593433219096 0.662574557155 0.697330507856 0.714748862843
0.262 0.733255346223 0.594197300303 0.663474912756 0.69831053329 0.715772118181
0.2625 0.734322509436 0.594959856498 0.664373586647 0.699288807865 0.716793591829
0.263 0.735387860781 0.595720887184 0.665270577534 0.700265329697 0.717813281551
0.2635 0.73645139763 0.596480391869 0.666165884126 0.701240096905 0.718831185114
0.264 0.737513117358 0.597238370059 0.667059505132 0.702213107612 0.71984730029
0.2645 0.738573017346 0.597994821263 0.667951439265 0.703184359945 0.720861624853
0.265 0.739631094979 0.598749744989 0.668841685241 0.704153852034 0.721874156583
0.2655 0.740687347645 0.59950314075 0.669730241777 0.705121582013 0.722884893264
0.266 0.741741772739 0.600255008055 0.670617107596 0.706087548018 0.723893832682
0.2665 0.742794367659 0.601005346417 0.671502281419 0.707051748191 0.724900972629
0.267 0.743845129807 0.60175415535 0.672385761974 0.708014180675 0.725906310901
0.2675 0.744894056592 0.602501434369 0.673267547987 0.708974843619 0.726909845296
0.268 0.745941145424 0.603247182988 0.67414763819 0.709933735173 0.727911573619
0.2685 0.746986393721 0.603991400725 0.675026031317 0.710890853492 0.728911493676
0.269 0.748029798903 0.604734087097 0.675902726104 0.711846196735 0.72990960328
0.2695 0.749071358396 0.605475241622 0.676777721289 0.712799763064 0.730905900245
0.27 0.75011106963 0.606214863821 0.677651015614 0.713751550644 0.731900382392
0.2705 0.75114893004 0.606952953214 0.678522607822 0.714701557643 0.732893047544
0.271 0.752184937064 0.607689509324 0.67939249666 0.715649782235 0.733883893529
0.2715 0.753219088147 0.608424531672 0.680260680878 0.716596222595 0.734872918178
0.272 0.754251380736 0.609158019783 0.681127159226 0.717540876903 0.735860119328
0.2725 0.755281812285 0.609889973182 0.681991930459 0.718483743342 0.736845494818
0.273 0.756310380251 0.610620391394 0.682854993333 0.719424820099 0.737829042492
0.2735 0.757337082097 0.611349273948 0.683716346609 0.720364105365 0.738810760199
0.274 0.758361915289 0.61207662037 0.684575989047 0.721301597332 0.739790645791
0.2745 0.759384877298 0.612802430189 0.685433919413 0.722237294198 0.740768697123
0.275 0.7604059656 0.613526702937 0.686290136473 0.723171194165 0.741744912056
0.2755 0.761425177676 0.614249438144 0.687144638997 0.724103295437 0.742719288455
0.276 0.762442511011 0.614970635343 0.687997425758 0.725033596221 0.743691824188
0.2765 0.763457963096 0.615690294066 0.68884849553 0.72596209473 0.744662517127
0.277 0.764471531423 0.616408413848 0.689697847091 0.72688878918 0.74563136515
0.2775 0.765483213493 0.617124994224 0.690545479221 0.727813677788 0.746598366138
0.278 0.766493006809 0.617840034731 0.691391390703 0.728736758777 0.747563517974
0.2785 0.76750090888 0.618553534906 0.692235580321 0.729658030373 0.748526818549
0.279 0.768506917219 0.619265494287 0.693078046864 0.730577490806 0.749488265755
0.2795 0.769511029343 0.619975912415 0.693918789122 0.73149513831 0.75044785749
0.28 0.770513242776 0.620684788829 0.694757805889 0.73241097112 0.751405591655
0.2805 0.771513555043 0.621392123071 0.695595095959 0.733324987478 0.752361466156
0.281 0.772511963678 0.622097914684 0.696430658131 0.734237185627 0.753315478902
0.2815 0.773508466216 0.622802163211 0.697264491206 0.735147563814 0.754267627808
0.282 0.774503060199 0.623504868198 0.698096593987 0.736056120292 0.755217910792
0.2825 0.775495743172 0.624206029189 0.698926965281 0.736962853315 0.756166325775
0.283 0.776486512687 0.624905645732 0.699755603895 0.737867761141 0.757112870684
0.2835 0.777475366299 0.625603717375 0.700582508642 0.738770842033 0.75805754345
0.284 0.778462301567 0.626300243666 0.701407678335 0.739672094256 0.759000342007
0.2845 0.779447316057 0.626995224155 0.70223111179 0.74057151608 0.759941264294
0.285 0.780430407338 0.627688658393 0.703052807828 0.741469105776 0.760880308253
0.2855 0.781411572985 0.628380545933 0.703872765268 0.742364861623 0.761817471833
0.286 0.782390810577 0.629070886326 0.704690982936 0.7432587819 0.762752752985
0.2865 0.783368117696 0.629759679128 0.705507459658 0.74415086489 0.763686149664
0.287 0.784343491933 0.630446923894 0.706322194264 0.745041108882 0.764617659829
0.2875 0.785316930881 0.631132620179 0.707135185587 0.745929512166 0.765547281445
0.288 0.786288432137 0.631816767541 0.70794643246 0.746816073037 0.76647501248
0.2885 0.787257993304 0.632499365537 0.708755933721 0.747700789794 0.767400850907
0.289 0.78822561199 0.633180413728 0.70956368821 0.748583660738 0.768324794701
0.2895 0.789191285809 0.633859911674 0.71036969477 0.749464684175 0.769246841843
0.29 0.790155012376 0.634537858935 0.711173952245 0.750343858414 0.770166990319
0.2905 0.791116789314 0.635214255075 0.711976459485 0.751221181769 0.771085238118
0.291 0.79207661425 0.635889099656 0.712777215338 0.752096652555 0.772001583232
0.2915 0.793034484816 0.636562392244 0.713576218658 0.752970269094 0.77291602366
0.292 0.793990398648 0.637234132403 0.7143734683 0.753842029708 0.773828557404
0.2925 0.794944353388 0.637904319701 0.715168963124 0.754711932726 0.774739182469
0.293 0.795896346681 0.638572953704 0.715962701989 0.755579976478 0.775647896866
0.2935 0.796846376179 0.639240033982 0.71675468376 0.756446159301 0.776554698609
0.294 0.797794439539 0.639905560104 0.717544907302 0.757310479531 0.777459585717
0.2945 0.798740534419 0.640569531641 0.718333371484 0.758172935512 0.778362556214
0.295 0.799684658487 0.641231948165 0.719120075178 0.759033525589 0.779263608126
0.2955 0.800626809413 0.641892809248 0.719905017257 0.759892248112 0.780162739485
0.296 0.801566984871 0.642552114465 0.720688196598 0.760749101434 0.781059948327
0.2965 0.802505182542 0.64320986339 0.721469612081 0.761604083912 0.781955232692
0.297 0.803441400112 0.643866055599 0.722249262587 0.762457193907 0.782848590624
0.2975 0.80437563527 0.644520690669 0.723027147001 0.763308429783 0.783740020173
0.298 0.805307885711 0.645173768178 0.72380326421 0.764157789907 0.78462951939
0.2985 0.806238149135 0.645825287705 0.724577613103 0.765005272653 0.785517086332
0.299 0.807166423246 0.646475248831 0.725350192574 0.765850876394 0.786402719063
0.2995 0.808092705755 0.647123651135 0.726121001517 0.766694599511 0.787286415646
0.3 0.809016994375 0.647770494202 0.726890038829 0.767536440385 0.788168174152
0.3005 0.809939286826 0.648415777613 0.727657303411 0.768376397404 0.789047992656
0.301 0.810859580832 0.649059500953 0.728422794167 0.769214468957 0.789925869236
0.3015 0.811777874123 0.649701663807 0.729186510001 0.770050653439 0.790801801975
0.302 0.812694164433 0.650342265762 0.729948449822 0.770884949247 0.79167578896
0.3025 0.813608449501 0.650981306405 0.73070861254 0.771717354782 0.792547828283
0.303 0.814520727071 0.651618785324 0.731466997069 0.772547868449 0.79341791804
0.3035 0.815430994891 0.652254702109 0.732223602326 0.773376488657 0.79428605633
0.304 0.816339250717 0.652889056351 0.732978427228 0.774203213818 0.795152241259
0.3045 0.817245492307 0.65352184764 0.733731470698 0.77502804235 0.796016470934
0.305 0.818149717425 0.65415307557 0.734482731659 0.77585097267 0.79687874347
0.3055 0.81905192384 0.654782739733 0.735232209038 0.776672003204 0.797739056983
0.306 0.819952109325 0.655410839726 0.735979901764 0.777491132378 0.798597409595
0.3065 0.820850271661 0.656037375143 0.736725808769 0.778308358623 0.799453799434
0.307 0.82174640863 0.656662345581 0.737469928989 0.779123680375 0.800308224628
0.3075 0.822640518021 0.657285750637 0.738212261359 0.779937096072 0.801160683313
0.308 0.823532597628 0.657907589912 0.738952804821 0.780748604155 0.802011173628
0.3085 0.824422645251 0.658527863004 0.739691558316 0.781558203072 0.802859693716
0.309 0.825310658693 0.659146569515 0.740428520789 0.782365891271 0.803706241726
0.3095 0.826196635763 0.659763709046 0.74116369119 0.783171667206 0.80455081581
0.31 0.827080574275 0.6603792812 0.741897068467 0.783975529335 0.805393414123
0.3105 0.827962472047 0.660993285582 0.742628651574 0.784777476119 0.806234034828
0.311 0.828842326905 0.661605721797 0.743358439468 0.785577506021 0.80707267609
0.3115 0.829720136676 0.66221658945 0.744086431105 0.786375617512 0.807909336078
0.312 0.830595899196 0.662825888148 0.744812625448 0.787171809062 0.808744012966
0.3125 0.831469612303 0.663433617501 0.745537021461 0.787966079148 0.809576704933
0.313 0.832341273841 0.664039777117 0.746259618109 0.788758426249 0.810407410162
0.3135 0.833210881659 0.664644366606 0.746980414361 0.78954884885 0.81123612684
0.314 0.834078433613 0.66524738558 0.74769940919 0.790337345437 0.812062853158
0.3145 0.834943927561 0.665848833651 0.748416601569 0.791123914501 0.812887587313
0.315 0.835807361368 0.666448710432 0.749131990476 0.791908554538 0.813710327505
0.3155 0.836668732904 0.667047015539 0.749845574891 0.792691264046 0.814531071939
0.316 0.837528040042 0.667643748585 0.750557353795 0.793472041526 0.815349818824
0.3165 0.838385280663 0.668238909189 0.751267326174 0.794250885486 0.816166566374
0.317 0.839240452652 0.668832496967 0.751975491015 0.795027794435 0.816981312807
0.3175 0.840093553899 0.669424511538 0.752681847309 0.795802766887 0.817794056346
0.318 0.840944582298 0.670014952521 0.753386394048 0.796575801359 0.818604795216
0.3185 0.84179353575 0.670603819538 0.754089130228 0.797346896373 0.819413527651
0.319 0.84264041216 0.67119111221 0.754790054848 0.798116050453 0.820220251884
0.3195 0.843485209439 0.671776830159 0.755489166909 0.798883262129 0.821024966158
0.32 0.844327925502 0.672360973011 0.756186465413 0.799648529933 0.821827668715
0.3205 0.84516855827 0.672943540388 0.756881949368 0.800411852401 0.822628357806
0.321 0.846007105668 0.673524531918 0.757575617782 0.801173228074 0.823427031684
0.3215 0.846843565628 0.674103947227 0.758267469668 0.801932655495 0.824223688606
0.322 0.847677936085 0.674681785943 0.758957504038 0.802690133213 0.825018326836
0.3225 0.848510214982 0.675258047695 0.75964571991 0.803445659779 0.82581094464
0.323 0.849340400263 0.675832732114 0.760332116305 0.804199233748 0.826601540288
0.3235 0.850168489882 0.67640583883 0.761016692243 0.80495085368 0.827390112058
0.324 0.850994481795 0.676977367475 0.761699446751 0.805700518138 0.82817665823
0.3245 0.851818373963 0.677547317683 0.762380378855 0.806448225688 0.828961177087
0.325 0.852640164354 0.678115689087 0.763059487586 0.807193974901 0.829743666919
0.3255 0.85345985094 0.678682481323 0.763736771977 0.807937764351 0.830524126021
0.326 0.854277431699 0.679247694028 0.764412231064 0.808679592618 0.831302552689
0.3265 0.855092904614 0.679811326838 0.765085863884 0.809419458282 0.832078945226
0.327 0.855906267671 0.680373379393 0.76575766948 0.81015735993 0.83285330194
0.3275 0.856717518865 0.68093385133 0.766427646894 0.810893296151 0.833625621142
0.328 0.857526656194 0.681492742292 0.767095795173 0.81162726554 0.834395901148
0.3285 0.85833367766 0.682050051918 0.767762113367 0.812359266693 0.835164140279
0.329 0.859138581274 0.682605779853 0.768426600525 0.813089298212 0.83593033686
0.3295 0.859941365049 0.683159925739 0.769089255704 0.813817358701 0.836694489219
0.33 0.860742027004 0.683712489221 0.769750077961 0.81454344677 0.837456595692
0.3305 0.861540565163 0.684263469944 0.770409066354 0.815267561031 0.838216654617
0.331 0.862336977557 0.684812867556 0.771066219946 0.815989700101 0.838974664336
0.3315 0.86313126222 0.685360681704 0.771721537803 0.816709862601 0.839730623198
0.332 0.863923417193 0.685906912037 0.772375018992 0.817428047153 0.840484529554
0.3325 0.86471344052 0.686451558204 0.773026662583 0.818144252388 0.841236381761
0.333 0.865501330253 0.686994619857 0.773676467651 0.818858476935 0.84198617818
0.3335 0.866287084447 0.687536096647 0.77432443327 0.819570719432 0.842733917177
0.334 0.867070701164 0.688075988228 0.77497055852 0.820280978518 0.843479597121
0.3345 0.867852178471 0.688614294253 0.77561484248 0.820989252836 0.844223216388
0.335 0.868631514438 0.689151014377 0.776257284236 0.821695541033 0.844964773357
0.3355 0.869408707144 0.689686148256 0.776897882874 0.822399841762 0.845704266411
0.336 0.87018375467 0.690219695548 0.777536637484 0.823102153676 0.846441693939
0.3365 0.870956655104 0.690751655911 0.778173547156 0.823802475435 0.847177054334
0.337 0.871727406539 0.691282029003 0.778808610986 0.824500805701 0.847910345992
0.3375 0.872496007073 0.691810814486 0.779441828071 0.825197143141 0.848641567317
0.338 0.87326245481 0.692338012019 0.780073197511 0.825891486426 0.849370716713
0.3385 0.874026747859 0.692863621266 0.780702718409 0.82658383423 0.850097792593
0.339 0.874788884333 0.693387641891 0.781330389871 0.827274185231 0.850822793372
0.3395 0.875548862354 0.693910073556 0.781956211003 0.827962538111 0.851545717471
0.34 0.876306680044 0.694430915928 0.782580180918 0.828648891557 0.852266563313
0.3405 0.877062335535 0.694950168673 0.783202298729 0.829333244257 0.852985329328
0.341 0.877815826961 0.695467831459 0.783822563551 0.830015594907 0.85370201395
0.3415 0.878567152464 0.695983903954 0.784440974504 0.830695942202 0.854416615618
0.342 0.879316310191 0.696498385828 0.785057530709 0.831374284846 0.855129132774
0.3425 0.880063298291 0.697011276751 0.78567223129 0.832050621543 0.855839563866
0.343 0.880808114923 0.697522576395 0.786285075376 0.832724951002 0.856547907347
0.3435 0.881550758248 0.698032284433 0.786896062094 0.833397271937 0.857254161672
0.344 0.882291226435 0.698540400539 0.787505190578 0.834067583065 0.857958325304
0.3445 0.883029517656 0.699046924387 0.788112459962 0.834735883106 0.858660396708
0.345 0.883765630089 0.699551855653 0.788717869385 0.835402170786 0.859360374354
0.3455 0.884499561918 0.700055194014 0.789321417987 0.836066444832 0.860058256719
0.346 0.885231311332 0.700556939148 0.78992310491 0.836728703979 0.860754042281
0.3465 0.885960876527 0.701057090734 0.790522929302 0.837388946962 0.861447729525
0.347 0.886688255701 0.701555648452 0.791120890309 0.838047172521 0.86213931694
0.3475 0.887413447059 0.702052611983 0.791716987085 0.838703379401 0.86282880302
0.348 0.888136448814 0.702547981008 0.792311218782 0.839357566351 0.863516186262
0.3485 0.888857259179 0.703041755212 0.792903584557 0.840009732122 0.86420146517
0.349 0.889575876378 0.703533934278 0.79349408357 0.84065987547 0.864884638251
0.3495 0.890292298637 0.704024517891 0.794082714983 0.841307995155 0.865565704016
0.35 0.891006524188 0.704513505738 0.794669477961 0.841954089942 0.866244660983
0.3505 0.891718551269 0.705000897506 0.79525437167 0.842598158597 0.866921507672
0.351 0.892428378124 0.705486692884 0.795837395282 0.843240199893 0.867596242611
0.3515 0.893136003 0.705970891559 0.796418547969 0.843880212605 0.868268864328
0.352 0.893841424151 0.706453493224 0.796997828907 0.844518195513 0.86893937136
0.3525 0.894544639838 0.70693449757 0.797575237274 0.8451541474 0.869607762246
0.353 0.895245648325 0.707413904288 0.798150772251 0.845788067054 0.870274035531
0.3535 0.895944447882 0.707891713073 0.798724433022 0.846419953265 0.870938189763
0.354 0.896641036785 0.708367923618 0.799296218774 0.847049804829 0.871600223497
0.3545 0.897335413316 0.708842535621 0.799866128695 0.847677620546 0.872260135291
0.355 0.898027575761 0.709315548776 0.800434161977 0.848303399217 0.872917923707
0.3555 0.898717522412 0.709786962783 0.801000317816 0.848927139651 0.873573587315
0.356 0.899405251566 0.710256777339 0.801564595408 0.849548840658 0.874227124685
0.3565 0.900090761528 0.710724992145 0.802126993954 0.850168501053 0.874878534395
0.357 0.900774050605 0.7111916069 0.802687512656 0.850786119655 0.875527815027
0.3575 0.901455117112 0.711656621308 0.803246150719 0.851401695287 0.876174965168
0.358 0.902133959368 0.712120035071 0.803802907352 0.852015226775 0.876819983407
0.3585 0.902810575698 0.712581847893 0.804357781766 0.85262671295 0.877462868341
0.359 0.903484964433 0.713042059479 0.804910773174 0.853236152646 0.87810361857
0.3595 0.904157123908 0.713500669534 0.805461880793 0.853843544702 0.878742232699
0.36 0.904827052466 0.713957677766 0.806011103842 0.854448887961 0.879378709338
0.3605 0.905494748453 0.714413083884 0.806558441542 0.855052181269 0.880013047102
0.361 0.906160210221 0.714866887595 0.807103893118 0.855653423476 0.880645244609
0.3615 0.90682343613 0.715319088611 0.807647457797 0.856252613437 0.881275300483
0.362 0.907484424541 0.715769686643 0.808189134809 0.85684975001 0.881903213354
0.3625 0.908143173825 0.716218681402 0.808728923387 0.857444832057 0.882528981852
0.363 0.908799682356 0.716666072602 0.809266822766 0.858037858444 0.883152604618
0.3635 0.909453948514 0.717111859957 0.809802832184 0.858628828042 0.883774080293
0.364 0.910105970685 0.717556043184 0.810336950883 0.859217739725 0.884393407525
0.3645 0.91075574726 0.717998621997 0.810869178104 0.85980459237 0.885010584965
0.365 0.911403276635 0.718439596115 0.811399513096 0.86038938486 0.88562561127
0.3655 0.912048557214 0.718878965257 0.811927955106 0.860972116081 0.886238485102
0.366 0.912691587404 0.719316729141 0.812454503387 0.861552784923 0.886849205127
0.3665 0.913332365617 0.719752887488 0.812979157193 0.862131390279 0.887457770016
0.367 0.913970890274 0.72018744002 0.813501915781 0.862707931048 0.888064178443
0.3675 0.914607159799 0.720620386459 0.814022778411 0.863282406132 0.88866842909
0.368 0.915241172621 0.72105172653 0.814541744345 0.863854814436 0.889270520642
0.3685 0.915872927177 0.721481459957 0.815058812849 0.86442515487 0.889870451787
0.369 0.916502421907 0.721909586465 0.815573983192 0.864993426349 0.890468221221
0.3695 0.917129655259 0.722336105782 0.816087254643 0.865559627789 0.891063827643
0.37 0.917754625684 0.722761017636 0.816598626477 0.866123758113 0.891657269756
0.3705 0.918377331641 0.723184321755 0.817108097969 0.866685816247 0.89224854627
0.371 0.918997771593 0.723606017869 0.817615668399 0.867245801119 0.892837655897
0.3715 0.91961594401 0.724026105709 0.818121337049 0.867803711665 0.893424597355
0.372 0.920231847366 0.724444585008 0.818625103202 0.868359546821 0.894009369369
0.3725 0.920845480141 0.724861455498 0.819126966146 0.86891330553 0.894591970664
0.373 0.921456840821 0.725276716913 0.819626925171 0.869464986737 0.895172399974
0.3735 0.922065927899 0.725690368989 0.82012497957 0.870014589392 0.895750656036
0.374 0.92267273987 0.726102411462 0.820621128638 0.870562112449 0.896326737591
0.3745 0.923277275238 0.726512844069 0.821115371673 0.871107554864 0.896900643386
0.375 0.923879532511 0.726921666548 0.821607707975 0.871650915601 0.897472372173
0.3755 0.924479510204 0.727328878639 0.82209813685 0.872192193624 0.898041922707
0.376 0.925077206834 0.727734480081 0.822586657602 0.872731387903 0.89860929375
0.3765 0.925672620929 0.728138470618 0.823073269542 0.873268497413 0.899174484066
0.377 0.926265751019 0.728540849989 0.82355797198 0.87380352113 0.899737492428
0.3775 0.92685659564 0.72894161794 0.824040764232 0.874336458036 0.900298317609
0.378 0.927445153335 0.729340774215 0.824521645614 0.874867307118 0.90085695839
0.3785 0.92803142265 0.729738318559 0.825000615447 0.875396067364 0.901413413555
0.379 0.928615402141 0.730134250719 0.825477673053 0.875922737769 0.901967681894
0.3795 0.929197090365 0.730528570443 0.825952817758 0.87644731733 0.902519762202
0.38 0.929776485888 0.730921277479 0.826426048891 0.876969805049 0.903069653277
0.3805 0.93035358728 0.731312371576 0.826897365781 0.877490199932 0.903617353923
0.381 0.930928393117 0.731701852487 0.827366767764 0.878008500988 0.904162862949
0.3815 0.931500901981 0.732089719962 0.827834254175 0.878524707232 0.904706179168
0.382 0.932071112458 0.732475973754 0.828299824353 0.879038817681 0.905247301399
0.3825 0.932639023143 0.732860613617 0.828763477641 0.879550831356 0.905786228464
0.383 0.933204632634 0.733243639307 0.829225213384 0.880060747285 0.906322959192
0.3835 0.933767939535 0.733625050578 0.829685030927 0.880568564496 0.906857492415
0.384 0.934328942457 0.734004847189 0.830142929623 0.881074282024 0.90738982697
0.3845 0.934887640014 0.734383028897 0.830598908824 0.881577898906 0.9079199617
0.385 0.93544403083 0.734759595461 0.831052967885 0.882079414185 0.908447895452
0.3855 0.93599811353 0.735134546641 0.831505106165 0.882578826906 0.908973627077
0.386 0.936549886748 0.735507882199 0.831955323025 0.88307613612 0.909497155432
0.3865 0.937099349122 0.735879601897 0.832403617829 0.88357134088 0.910018479379
0.387 0.937646499297 0.736249705497 0.832849989943 0.884064440245 0.910537597783
0.3875 0.938191335922 0.736618192765 0.833294438738 0.884555433276 0.911054509517
0.388 0.938733857654 0.736985063466 0.833736963585 0.88504431904 0.911569213455
0.3885 0.939274063153 0.737350317365 0.834177563858 0.885531096608 0.912081708479
0.389 0.939811951086 0.73771395423 0.834616238937 0.886015765052 0.912591993475
0.3895 0.940347520127 0.738075973831 0.835052988201 0.886498323452 0.913100067331
0.39 0.940880768954 0.738436375936 0.835487811033 0.886978770889 0.913605928945
0.3905 0.941411696251 0.738795160315 0.83592070682 0.887457106451 0.914109577215
0.391 0.941940300709 0.739152326741 0.836351674949 0.887933329227 0.914611011046
0.3915 0.942466581022 0.739507874986 0.836780714813 0.888407438312 0.915110229349
0.392 0.942990535893 0.739861804823 0.837207825805 0.888879432805 0.915607231038
0.3925 0.943512164028 0.740214116028 0.837633007322 0.889349311807 0.916102015032
0.393 0.944031464141 0.740564808376 0.838056258765 0.889817074426 0.916594580255
0.3935 0.94454843495 0.740913881644 0.838477579535 0.890282719772 0.917084925636
0.394 0.94506307518 0.741261335609 0.838896969038 0.890746246959 0.91757305011
0.3945 0.94557538356 0.741607170051 0.839314426681 0.891207655108 0.918058952615
0.395 0.946085358828 0.741951384749 0.839729951875 0.891666943339 0.918542632094
0.3955 0.946592999723 0.742293979485 0.840143544035 0.892124110781 0.919024087497
0.396 0.947098304995 0.74263495404 0.840555202575 0.892579156564 0.919503317776
0.3965 0.947601273395 0.742974308197 0.840964926915 0.893032079822 0.919980321889
0.397 0.948101903684 0.743312041741 0.841372716476 0.893482879696 0.9204550988
0.3975 0.948600194626 0.743648154456 0.841778570684 0.893931555328 0.920927647476
0.398 0.94909614499 0.743982646129 0.842182488964 0.894378105865 0.92139796689
0.3985 0.949589753555 0.744315516547 0.842584470748 0.894822530458 0.921866056019
0.399 0.950081019101 0.744646765498 0.842984515468 0.895264828263 0.922331913847
0.3995 0.950569940416 0.744976392771 0.84338262256 0.895704998439 0.92279553936
0.4 0.951056516295 0.745304398156 0.843778791461 0.89614304015 0.923256931551
0.4005 0.951540745537 0.745630781446 0.844173021613 0.896578952562 0.923716089416
0.401 0.952022626946 0.745955542432 0.844565312459 0.897012734848 0.924173011957
0.4015 0.952502159334 0.746278680908 0.844955663446 0.897444386182 0.924627698182
0.402 0.952979341517 0.746600196667 0.845344074024 0.897873905746 0.925080147102
0.4025 0.953454172319 0.746920089507 0.845730543644 0.898301292722 0.925530357733
0.403 0.953926650567 0.747238359223 0.846115071761 0.898726546298 0.925978329097
0.4035 0.954396775097 0.747555005613 0.846497657834 0.899149665666 0.92642406022
0.404 0.954864544747 0.747870028475 0.846878301321 0.899570650023 0.926867550134
0.4045 0.955329958363 0.74818342761 0.847257001686 0.899989498567 0.927308797874
0.405 0.955793014798 0.748495202817 0.847633758396 0.900406210504 0.927747802482
0.4055 0.956253712909 0.748805353899 0.848008570918 0.900820785042 0.928184563003
0.406 0.956712051559 0.749113880658 0.848381438724 0.901233221393 0.928619078487
0.4065 0.957168029617 0.749420782899 0.848752361289 0.901643518772 0.929051347992
0.407 0.957621645958 0.749726060426 0.849121338089 0.902051676402 0.929481370577
0.4075 0.958072899462 0.750029713045 0.849488368604 0.902457693506 0.929909145307
0.408 0.958521789017 0.750331740563 0.849853452316 0.902861569313 0.930334671253
0.4085 0.958968313515 0.750632142787 0.850216588711 0.903263303055 0.930757947491
0.409 0.959412471854 0.750930919528 0.850577777276 0.90366289397 0.9311789731
0.4095 0.959854262938 0.751228070595 0.850937017503 0.904060341298 0.931597747165
0.41 0.960293685677 0.751523595799 0.851294308885 0.904455644285 0.932014268776
0.4105 0.960730738987 0.751817494953 0.851649650918 0.904848802179 0.932428537028
0.411 0.961165421789 0.752109767869 0.852003043101 0.905239814233 0.932840551022
0.4115 0.961597733011 0.752400414362 0.852354484936 0.905628679706 0.933250309861
0.412 0.962027671586 0.752689434247 0.852703975927 0.906015397858 0.933657812654
0.4125 0.962455236454 0.75297682734 0.853051515583 0.906399967954 0.934063058518
0.413 0.962880426559 0.753262593459 0.853397103413 0.906782389265 0.93446604657
0.4135 0.963303240852 0.753546732422 0.85374073893 0.907162661064 0.934866775936
0.414 0.96372367829 0.753829244049 0.854082421649 0.907540782629 0.935265245745
0.4145 0.964141737836 0.75411012816 0.85442215109 0.907916753241 0.93566145513
0.415 0.964557418458 0.754389384577 0.854759926773 0.908290572187 0.936055403231
0.4155 0.96497071913 0.754667013122 0.855095748223 0.908662238757 0.936447089191
0.416 0.965381638833 0.754943013618 0.855429614965 0.909031752244 0.936836512161
0.4165 0.965790176553 0.755217385891 0.855761526531 0.909399111948 0.937223671293
0.417 0.966196331282 0.755490129766 0.856091482451 0.90976431717 0.937608565747
0.4175 0.966600102017 0.75576124507 0.856419482261 0.910127367217 0.937991194685
0.418 0.967001487762 0.756030731631 0.856745525499 0.9104882614 0.938371557278
0.4185 0.967400487528 0.756298589277 0.857069611706 0.910846999033 0.938749652698
0.419 0.967797100329 0.756564817838 0.857391740425 0.911203579435 0.939125480124
0.4195 0.968191325187 0.756829417146 0.857711911201 0.911558001929 0.939499038739
0.42 0.968583161129 0.757092387031 0.858030123585 0.911910265842 0.939870327733
0.4205 0.968972607188 0.757353727328 0.858346377127 0.912260370506 0.940239346297
0.421 0.969359662404 0.757613437869 0.858660671383 0.912608315255 0.940606093631
0.4215 0.969744325821 0.757871518491 0.858973005909 0.912954099429 0.940970568937
0.422 0.97012659649 0.758127969029 0.859283380266 0.913297722372 0.941332771425
0.4225 0.970506473469 0.758382789321 0.859591794016 0.91363918343 0.941692700306
0.423 0.970883955819 0.758635979203 0.859898246725 0.913978481956 0.9420503548
0.4235 0.971259042609 0.758887538517 0.860202737961 0.914315617307 0.942405734129
0.424 0.971631732915 0.759137467102 0.860505267296 0.91465058884 0.94275883752
0.4245 0.972002025815 0.759385764799 0.860805834304 0.914983395922 0.943109664208
0.425 0.972369920398 0.75963243145 0.86110443856 0.915314037919 0.94345821343
0.4255 0.972735415754 0.7598774669 0.861401079645 0.915642514205 0.943804484428
0.426 0.973098510982 0.760120870992 0.861695757141 0.915968824155 0.944148476451
0.4265 0.973459205187 0.760362643571 0.861988470633 0.916292967151 0.944490188752
0.427 0.973817497477 0.760602784486 0.862279219708 0.916614942577 0.944829620587
0.4275 0.97417338697 0.760841293582 0.862568003958 0.916934749822 0.94516677122
0.428 0.974526872787 0.761078170708 0.862854822976 0.917252388279 0.945501639918
0.4285 0.974877954055 0.761313415715 0.863139676358 0.917567857344 0.945834225955
0.429 0.975226629909 0.761547028453 0.863422563702 0.917881156421 0.946164528607
0.4295 0.975572899489 0.761779008773 0.863703484611 0.918192284912 0.946492547157
0.43 0.975916761939 0.762009356528 0.863982438689 0.918501242229 0.946818280892
0.4305 0.976258216411 0.762238071572 0.864259425543 0.918808027785 0.947141729106
0.431 0.976597262064 0.762465153761 0.864534444784 0.919112640997 0.947462891095
0.4315 0.97693389806 0.762690602949 0.864807496024 0.919415081287 0.947781766162
0.432 0.977268123568 0.762914418993 0.865078578879 0.919715348082 0.948098353615
0.4325 0.977599937765 0.763136601752 0.865347692967 0.920013440812 0.948412652765
0.433 0.977929339831 0.763357151085 0.86561483791 0.92030935891 0.94872466293
0.4335 0.978256328953 0.763576066851 0.865880013331 0.920603101816 0.949034383433
0.434 0.978580904325 0.763793348912 0.866143218857 0.920894668972 0.949341813601
0.4345 0.978903065147 0.764008997129 0.866404454118 0.921184059824 0.949646952765
0.435 0.979222810622 0.764223011367 0.866663718746 0.921471273824 0.949949800264
0.4355 0.979540139962 0.764435391489 0.866921012376 0.921756310426 0.950250355439
0.436 0.979855052384 0.76464613736 0.867176334647 0.92203916909 0.950548617639
0.4365 0.980167547112 0.764855248846 0.867429685198 0.922319849278 0.950844586214
0.437 0.980477623373 0.765062725816 0.867681063673 0.922598350459 0.951138260522
0.4375 0.980785280403 0.765268568136 0.867930469719 0.922874672104 0.951429639926
0.438 0.981090517443 0.765472775678 0.868177902984 0.923148813689 0.951718723793
0.4385 0.98139333374 0.76567534831 0.868423363121 0.923420774693 0.952005511494
0.439 0.981693728546 0.765876285906 0.868666849784 0.9236905546 0.952290002408
0.4395 0.981991701121 0.766075588336 0.868908362629 0.923958152899 0.952572195916
0.44 0.982287250729 0.766273255475 0.869147901319 0.924223569082 0.952852091405
0.4405 0.98258037664 0.766469287197 0.869385465515 0.924486802645 0.953129688267
0.441 0.982871078132 0.766663683378 0.869621054883 0.924747853089 0.953404985901
0.4415 0.983159354488 0.766856443894 0.869854669092 0.925006719919 0.953677983707
0.442 0.983445204995 0.767047568624 0.870086307813 0.925263402643 0.953948681093
0.4425 0.98372862895 0.767237057446 0.87031597072 0.925517900775 0.954217077472
0.443 0.984009625651 0.76742491024 0.87054365749 0.925770213832 0.95448317226
0.4435 0.984288194407 0.767611126887 0.870769367803 0.926020341335 0.954746964879
0.444 0.984564334529 0.767795707268 0.870993101341 0.926268282809 0.955008454757
0.4445 0.984838045337 0.767978651266 0.87121485779 0.926514037785 0.955267641326
0.445 0.985109326155 0.768159958766 0.871434636838 0.926757605796 0.955524524023
0.4455 0.985378176313 0.768339629653 0.871652438174 0.92699898638 0.95577910229
0.446 0.985644595149 0.768517663812 0.871868261494 0.927238179079 0.956031375575
0.4465 0.985908582005 0.768694061131 0.872082106494 0.92747518344 0.956281343329
0.447 0.986170136229 0.768868821497 0.872293972872 0.927709999013 0.95652900501
0.4475 0.986429257176 0.7690419448 0.872503860331 0.927942625352 0.956774360081
0.448 0.986685944208 0.769213430931 0.872711768575 0.928173062016 0.957017408007
0.4485 0.98694019669 0.769383279779 0.872917697313 0.928401308569 0.957258148263
0.449 0.987192013995 0.769551491239 0.873121646253 0.928627364577 0.957496580324
0.4495 0.987441395502 0.769718065202 0.873323615111 0.928851229612 0.957732703673
0.45 0.987688340595 0.769883001564 0.873523603601 0.929072903248 0.957966517798
0.4505 0.987932848666 0.770046300219 0.873721611442 0.929292385066 0.958198022191
0.451 0.98817491911 0.770207961065 0.873917638357 0.929509674649 0.958427216348
0.4515 0.988414551331 0.770367983998 0.874111684068 0.929724771585 0.958654099773
0.452 0.988651744738 0.770526368918 0.874303748304 0.929937675467 0.958878671974
0.4525 0.988886498745 0.770683115724 0.874493830794 0.930148385889 0.959100932461
0.453 0.989118812772 0.770838224315 0.874681931271 0.930356902454 0.959320880753
0.4535 0.989348686247 0.770991694595 0.874868049471 0.930563224765 0.959538516372
0.454 0.989576118603 0.771143526466 0.875052185131 0.93076735243 0.959753838846
0.4545 0.989801109278 0.771293719831 0.875234337993 0.930969285064 0.959966847707
0.455 0.990023657717 0.771442274596 0.875414507801 0.931169022282 0.960177542493
0.4555 0.990243763371 0.771589190666 0.875592694301 0.931366563707 0.960385922746
0.456 0.990461425697 0.771734467947 0.875768897243 0.931561908963 0.960591988014
0.4565 0.990676644158 0.771878106349 0.875943116379 0.931755057681 0.960795737849
0.457 0.990889418222 0.772020105779 0.876115351464 0.931946009493 0.960997171809
0.4575 0.991099747366 0.772160466148 0.876285602256 0.932134764038 0.961196289457
0.458 0.99130763107 0.772299187367 0.876453868516 0.932321320957 0.96139309036
0.4585 0.99151306882 0.772436269348 0.876620150007 0.932505679898 0.961587574092
0.459 0.991716060111 0.772571712004 0.876784446496 0.93268784051 0.961779740229
0.4595 0.99191660444 0.772705515249 0.87694675775 0.932867802448 0.961969588355
0.46 0.992114701314 0.772837678998 0.877107083543 0.933045565371 0.962157118058
0.4605 0.992310350244 0.772968203168 0.877265423649 0.933221128941 0.96234232893
0.461 0.992503550747 0.773097087675 0.877421777845 0.933394492826 0.96252522057
0.4615 0.992694302346 0.773224332439 0.877576145911 0.933565656698 0.96270579258
0.462 0.99288260457 0.773349937378 0.87772852763 0.93373462023 0.962884044568
0.4625 0.993068456955 0.773473902413 0.877878922789 0.933901383104 0.963059976148
0.463 0.993251859042 0.773596227465 0.878027331176 0.934065945003 0.963233586937
0.4635 0.99343281038 0.773716912457 0.878173752582 0.934228305615 0.963404876558
0.464 0.99361131052 0.773835957312 0.878318186801 0.934388464632 0.96357384464
0.4645 0.993787359023 0.773953361955 0.87846063363 0.93454642175 0.963740490816
0.465 0.993960955455 0.774069126312 0.87860109287 0.93470217667 0.963904814725
0.4655 0.994132099387 0.774183250308 0.878739564323 0.934855729097 0.964066816008
0.466 0.994300790397 0.774295733873 0.878876047793 0.935007078739 0.964226494315
0.4665 0.994467028068 0.774406576933 0.87901054309 0.93515622531 0.964383849299
0.467 0.994630811991 0.77451577942 0.879143050024 0.935303168527 0.964538880619
0.4675 0.994792141762 0.774623341264 0.879273568409 0.93544790811 0.964691587937
0.468 0.994951016981 0.774729262396 0.879402098061 0.935590443787 0.964841970923
0.4685 0.995107437258 0.77483354275 0.879528638801 0.935730775286 0.96499002925
0.469 0.995261402206 0.77493618226 0.879653190449 0.935868902341 0.965135762596
0.4695 0.995412911446 0.77503718086 0.879775752832 0.936004824691 0.965279170646
0.47 0.995561964603 0.775136538487 0.879896325776 0.936138542078 0.965420253087
0.4705 0.99570856131 0.775234255078 0.880014909113 0.936270054248 0.965559009614
0.471 0.995852701205 0.77533033057 0.880131502675 0.936399360953 0.965695439926
0.4715 0.995994383933 0.775424764903 0.880246106299 0.936526461946 0.965829543726
0.472 0.996133609143 0.775517558016 0.880358719824 0.936651356987 0.965961320722
0.4725 0.996270376493 0.775608709852 0.880469343092 0.93677404584 0.966090770631
0.473 0.996404685645 0.775698220353 0.880577975947 0.936894528271 0.966217893169
0.4735 0.996536536267 0.775786089461 0.880684618236 0.937012804052 0.966342688061
0.474 0.996665928034 0.775872317121 0.880789269809 0.93712887296 0.966465155037
0.4745 0.996792860627 0.775956903278 0.88089193052 0.937242734773 0.96658529383
0.475 0.996917333733 0.776039847879 0.880992600225 0.937354389277 0.966703104179
0.4755 0.997039347045 0.776121150872 0.881091278781 0.937463836259 0.96681858583
0.476 0.997158900261 0.776200812204 0.88118796605 0.937571075512 0.966931738531
0.4765 0.997275993086 0.776278831825 0.881282661896 0.937676106832 0.967042562036
0.477 0.997390625232 0.776355209686 0.881375366187 0.937778930022 0.967151056106
0.4775 0.997502796416 0.776429945739 0.881466078792 0.937879544884 0.967257220504
0.478 0.997612506361 0.776503039935 0.881554799583 0.93797795123 0.967361055
0.4785 0.997719754796 0.77657449223 0.881641528436 0.938074148873 0.96746255937
0.479 0.997824541457 0.776644302576 0.881726265229 0.938168137629 0.967561733391
0.4795 0.997926866086 0.776712470931 0.881809009843 0.938259917321 0.96765857685
0.48 0.998026728428 0.776778997251 0.881889762161 0.938349487776 0.967753089535
0.4805 0.998124128239 0.776843881494 0.881968522071 0.938436848822 0.967845271243
0.481 0.998219065278 0.776907123619 0.882045289461 0.938522000295 0.967935121772
0.4815 0.998311539311 0.776968723586 0.882120064224 0.938604942033 0.968022640928
0.482 0.998401550109 0.777028681355 0.882192846254 0.938685673879 0.96810782852
0.4825 0.998489097451 0.777086996889 0.88226363545 0.93876419568 0.968190684365
0.483 0.99857418112 0.77714367015 0.882332431711 0.938840507287 0.968271208281
0.4835 0.998656800906 0.777198701104 0.882399234942 0.938914608555 0.968349400095
0.484 0.998736956606 0.777252089714 0.882464045048 0.938986499344 0.968425259636
0.4845 0.998814648022 0.777303835948 0.882526861939 0.939056179518 0.96849878674
0.485 0.998889874962 0.777353939772 0.882587685526 0.939123648945 0.968569981247
0.4855 0.998962637241 0.777402401155 0.882646515723 0.939188907496 0.968638843003
0.486 0.999032934678 0.777449220066 0.882703352448 0.939251955048 0.968705371858
0.4865 0.999100767101 0.777494396475 0.882758195621 0.939312791482 0.968769567667
0.487 0.999166134343 0.777537930354 0.882811045165 0.939371416682 0.968831430293
0.4875 0.999229036241 0.777579821675 0.882861901006 0.939427830537 0.968890959599
0.488 0.999289472641 0.777620070411 0.882910763073 0.93948203294 0.968948155458
0.4885 0.999347443393 0.777658676538 0.882957631296 0.939534023788 0.969003017744
0.489 0.999402948355 0.77769564003 0.88300250561 0.939583802984 0.969055546339
0.4895 0.99945598739 0.777730960864 0.883045385952 0.939631370432 0.969105741129
0.49 0.999506560366 0.777764639019 0.883086272261 0.939676726042 0.969153602005
0.4905 0.999554667159 0.777796674471 0.883125164481 0.939719869729 0.969199128862
0.491 0.99960030765 0.777827067202 0.883162062556 0.93976080141 0.969242321603
0.4915 0.999643481727 0.777855817192 0.883196966434 0.939799521008 0.969283180133
0.492 0.999684189283 0.777882924423 0.883229876068 0.93983602845 0.969321704364
0.4925 0.999722430218 0.777908388877 0.88326079141 0.939870323667 0.969357894212
0.493 0.999758204437 0.777932210539 0.883289712416 0.939902406593 0.969391749599
0.4935 0.999791511852 0.777954389393 0.883316639047 0.939932277167 0.96942327045
0.494 0.999822352381 0.777974925425 0.883341571265 0.939959935334 0.969452456698
0.4945 0.999850725947 0.777993818622 0.883364509034 0.93998538104 0.96947930828
0.495 0.999876632482 0.778011068973 0.883385452322 0.940008614237 0.969503825136
0.4955 0.99990007192 0.778026676466 0.883404401101 0.940029634882 0.969526007214
0.496 0.999921044204 0.778040641092 0.883421355342 0.940048442934 0.969545854466
0.4965 0.999939549282 0.778052962842 0.883436315023 0.940065038359 0.969563366848
0.497 0.999955587109 0.778063641707 0.883449280122 0.940079421123 0.969578544323
0.4975 0.999969157645 0.778072677681 0.883460250621 0.940091591201 0.969591386858
0.498 0.999980260856 0.778080070759 0.883469226505 0.940101548568 0.969601894424
0.4985 0.999988896716 0.778085820936 0.883476207762 0.940109293207 0.969610066999
0.499 0.999995065202 0.778089928207 0.88348119438 0.940114825103 0.969615904566
0.4995 0.9999987663 0.778092392571 0.883484186354 0.940118144244 0.96961940711
0.5 1 0.778093214026 0.883485183679 0.940119250625 0.969620574626
0.5005 0.9999987663 0.778092392571 0.883484186354 0.940118144244 0.96961940711
0.501 0.999995065202 0.778089928207 0.88348119438 0.940114825103 0.969615904566
0.5015 0.999988896716 0.778085820936 0.883476207762 0.940109293207 0.969610066999
0.502 0.999980260856 0.778080070759 0.883469226505 0.940101548568 0.969601894424
0.5025 0.999969157645 0.778072677681 0.883460250621 0.940091591201 0.969591386858
0.503 0.999955587109 0.778063641707 0.883449280122 0.940079421123 0.969578544323
0.5035 0.999939549282 0.778052962842 0.883436315023 0.940065038359 0.969563366848
0.504 0.999921044204 0.778040641092 0.883421355342 0.940048442934 0.969545854466
0.5045 0.99990007192 0.778026676466 0.883404401101 0.940029634882 0.969526007214
0.505 0.999876632482 0.778011068973 0.883385452322 0.940008614237 0.969503825136
0.5055 0.999850725947 0.777993818622 0.883364509034 0.93998538104 0.96947930828
0.506 0.999822352381 0.777974925425 0.883341571265 0.939959935334 0.969452456698
0.5065 0.999791511852 0.777954389393 0.883316639047 0.939932277167 0.96942327045
0.507 0.999758204437 0.777932210539 0.883289712416 0.939902406593 0.969391749599
0.5075 0.999722430218 0.777908388877 0.88326079141 0.939870323667 0.969357894212
0.508 0.999684189283 0.777882924423 0.883229876068 0.93983602845 0.969321704364
0.5085 0.999643481727 0.777855817192 0.883196966434 0.939799521008 0.969283180133
0.509 0.99960030765 0.777827067202 0.883162062556 0.93976080141 0.969242321603
0.5095 0.999554667159 0.777796674471 0.883125164481 0.939719869729 0.969199128862
0.51 0.999506560366 0.777764639019 0.883086272261 0.939676726042 0.969153602005
0.5105 0.99945598739 0.777730960864 0.883045385952 0.939631370432 0.969105741129
0.511 0.999402948355 0.77769564003 0.88300250561 0.939583802984 0.969055546339
0.5115 0.999347443393 0.777658676538 0.882957631296 0.939534023788 0.969003017744
0.512 0.999289472641 0.777620070411 0.882910763073 0.93948203294 0.968948155458
0.5125 0.999229036241 0.777579821675 0.882861901006 0.939427830537 0.968890959599
0.513 0.999166134343 0.777537930354 0.882811045165 0.939371416682 0.968831430293
0.5135 0.999100767101 0.777494396475 0.882758195621 0.939312791482 0.968769567667
0.514 0.999032934678 0.777449220066 0.882703352448 0.939251955048 0.968705371858
0.5145 0.998962637241 0.777402401155 0.882646515723 0.939188907496 0.968638843003
0.515 0.998889874962 0.777353939772 0.882587685526 0.939123648945 0.968569981247
0.5155 0.998814648022 0.777303835948 0.882526861939 0.939056179518 0.96849878674
0.516 0.998736956606 0.777252089714 0.882464045048 0.938986499344 0.968425259636
0.5165 0.998656800906 0.777198701104 0.882399234942 0.938914608555 0.968349400095
0.517 0.99857418112 0.77714367015 0.882332431711 0.938840507287 0.968271208281
0.5175 0.998489097451 0.777086996889 0.88226363545 0.93876419568 0.968190684365
0.518 0.998401550109 0.777028681355 0.882192846254 0.938685673879 0.96810782852
0.5185 0.998311539311 0.776968723586 0.882120064224 0.938604942033 0.968022640928
0.519 0.998219065278 0.776907123619 0.882045289461 0.938522000295 0.967935121772
0.5195 0.998124128239 0.776843881494 0.881968522071 0.938436848822 0.967845271243
0.52 0.998026728428 0.776778997251 0.881889762161 0.938349487776 0.967753089535
0.5205 0.997926866086 0.776712470931 0.881809009843 0.938259917321 0.96765857685
0.521 0.997824541457 0.776644302576 0.881726265229 0.938168137629 0.967561733391
0.5215 0.997719754796 0.77657449223 0.881641528436 0.938074148873 0.96746255937
0.522 0.997612506361 0.776503039935 0.881554799583 0.93797795123 0.967361055
0.5225 0.997502796416 0.776429945739 0.881466078792 0.937879544884 0.967257220504
0.523 0.997390625232 0.776355209686 0.881375366187 0.937778930022 0.967151056106
0.5235 0.997275993086 0.776278831825 0.881282661896 0.937676106832 0.967042562036
0.524 0.997158900261 0.776200812204 0.88118796605 0.937571075512 0.966931738531
0.5245 0.997039347045 0.776121150872 0.881091278781 0.937463836259 0.96681858583
0.525 0.996917333733 0.776039847879 0.880992600225 0.937354389277 0.966703104179
0.5255 0.996792860627 0.775956903278 0.88089193052 0.937242734773 0.96658529383
0.526 0.996665928034 0.775872317121 0.880789269809 0.93712887296 0.966465155037
0.5265 0.996536536267 0.775786089461 0.880684618236 0.937012804052 0.966342688061
0.527 0.996404685645 0.775698220353 0.880577975947 0.936894528271 0.966217893169
0.5275 0.996270376493 0.775608709852 0.880469343092 0.93677404584 0.966090770631
0.528 0.996133609143 0.775517558016 0.880358719824 0.936651356987 0.965961320722
0.5285 0.995994383933 0.775424764903 0.880246106299 0.936526461946 0.965829543726
0.529 0.995852701205 0.77533033057 0.880131502675 0.936399360953 0.965695439926
0.5295 0.99570856131 0.775234255078 0.880014909113 0.936270054248 0.965559009614
0.53 0.995561964603 0.775136538487 0.879896325776 0.936138542078 0.965420253087
0.5305 0.995412911446 0.77503718086 0.879775752832 0.936004824691 0.965279170646
0.531 0.995261402206 0.77493618226 0.879653190449 0.935868902341 0.965135762596
0.5315 0.995107437258 0.77483354275 0.879528638801 0.935730775286 0.96499002925
0.532 0.994951016981 0.774729262396 0.879402098061 0.935590443787 0.964841970923
0.5325 0.994792141762 0.774623341264 0.879273568409 0.93544790811 0.964691587937
0.533 0.994630811991 0.77451577942 0.879143050024 0.935303168527 0.964538880619
0.5335 0.994467028068 0.774406576933 0.87901054309 0.93515622531 0.964383849299
0.534 0.994300790397 0.774295733873 0.878876047793 0.935007078739 0.964226494315
0.5345 0.994132099387 0.774183250308 0.878739564323 0.934855729097 0.964066816008
0.535 0.993960955455 0.774069126312 0.87860109287 0.93470217667 0.963904814725
0.5355 0.993787359023 0.773953361955 0.87846063363 0.93454642175 0.963740490816
0.536 0.99361131052 0.773835957312 0.878318186801 0.934388464632 0.96357384464
0.5365 0.99343281038 0.773716912457 0.878173752582 0.934228305615 0.963404876558
0.537 0.993251859042 0.773596227465 0.878027331176 0.934065945003 0.963233586937
0.5375 0.993068456955 0.773473902413 0.877878922789 0.933901383104 0.963059976148
0.538 0.99288260457 0.773349937378 0.87772852763 0.93373462023 0.962884044568
0.5385 0.992694302346 0.773224332439 0.877576145911 0.933565656698 0.96270579258
0.539 0.992503550747 0.773097087675 0.877421777845 0.933394492826 0.96252522057
0.5395 0.992310350244 0.772968203168 0.877265423649 0.933221128941 0.96234232893
0.54 0.992114701314 0.772837678998 0.877107083543 0.933045565371 0.962157118058
0.5405 0.99191660444 0.772705515249 0.87694675775 0.932867802448 0.961969588355
0.541 0.991716060111 0.772571712004 0.876784446496 0.93268784051 0.961779740229
0.5415 0.99151306882 0.772436269348 0.876620150007 0.932505679898 0.961587574092
0.542 0.99130763107 0.772299187367 0.876453868516 0.932321320957 0.96139309036
0.5425 0.991099747366 0.772160466148 0.876285602256 0.932134764038 0.961196289457
0.543 0.990889418222 0.772020105779 0.876115351464 0.931946009493 0.960997171809
0.5435 0.990676644158 0.771878106349 0.875943116379 0.931755057681 0.960795737849
0.544 0.990461425697 0.771734467947 0.875768897243 0.931561908963 0.960591988014
0.5445 0.990243763371 0.771589190666 0.875592694301 0.931366563707 0.960385922746
0.545 0.990023657717 0.771442274596 0.875414507801 0.931169022282 0.960177542493
0.5455 0.989801109278 0.771293719831 0.875234337993 0.930969285064 0.959966847707
0.546 0.989576118603 0.771143526466 0.875052185131 0.93076735243 0.959753838846
0.5465 0.989348686247 0.770991694595 0.874868049471 0.930563224765 0.959538516372
0.547 0.989118812772 0.770838224315 0.874681931271 0.930356902454 0.959320880753
0.5475 0.988886498745 0.770683115724 0.874493830794 0.930148385889 0.959100932461
0.548 0.988651744738 0.770526368918 0.874303748304 0.929937675467 0.958878671974
0.5485 0.988414551331 0.770367983998 0.874111684068 0.929724771585 0.958654099773
0.549 0.98817491911 0.770207961065 0.873917638357 0.929509674649 0.958427216348
0.5495 0.987932848666 0.770046300219 0.873721611442 0.929292385066 0.958198022191
0.55 0.987688340595 0.769883001564 0.873523603601 0.929072903248 0.957966517798
0.5505 0.987441395502 0.769718065202 0.873323615111 0.928851229612 0.957732703673
0.551 0.987192013995 0.769551491239 0.873121646253 0.928627364577 0.957496580324
0.5515 0.98694019669 0.769383279779 0.872917697313 0.928401308569 0.957258148263
0.552 0.986685944208 0.769213430931 0.872711768575 0.928173062016 0.957017408007
0.5525 0.986429257176 0.7690419448 0.872503860331 0.927942625352 0.956774360081
0.553 0.986170136229 0.768868821497 0.872293972872 0.927709999013 0.95652900501
0.5535 0.985908582005 0.768694061131 0.872082106494 0.92747518344 0.956281343329
0.554 0.985644595149 0.768517663812 0.871868261494 0.927238179079 0.956031375575
0.5545 0.985378176313 0.768339629653 0.871652438174 0.92699898638 0.95577910229
0.555 0.985109326155 0.768159958766 0.871434636838 0.926757605796 0.955524524023
0.5555 0.984838045337 0.767978651266 0.87121485779 0.926514037785 0.955267641326
0.556 0.984564334529 0.767795707268 0.870993101341 0.926268282809 0.955008454757
0.5565 0.984288194407 0.767611126887 0.870769367803 0.926020341335 0.954746964879
0.557 0.984009625651 0.76742491024 0.87054365749 0.925770213832 0.95448317226
0.5575 0.98372862895 0.767237057446 0.87031597072 0.925517900775 0.954217077472
0.558 0.983445204995 0.767047568624 0.870086307813 0.925263402643 0.953948681093
0.5585 0.983159354488 0.766856443894 0.869854669092 0.925006719919 0.953677983707
0.559 0.982871078132 0.766663683378 0.869621054883 0.924747853089 0.953404985901
0.5595 0.98258037664 0.766469287197 0.869385465515 0.924486802645 0.953129688267
0.56 0.982287250729 0.766273255475 0.869147901319 0.924223569082 0.952852091405
0.5605 0.981991701121 0.766075588336 0.868908362629 0.923958152899 0.952572195916
0.561 0.981693728546 0.765876285906 0.868666849784 0.9236905546 0.952290002408
0.5615 0.98139333374 0.76567534831 0.868423363121 0.923420774693 0.952005511494
0.562 0.981090517443 0.765472775678 0.868177902984 0.923148813689 0.951718723793
0.5625 0.980785280403 0.765268568136 0.867930469719 0.922874672104 0.951429639926
0.563 0.980477623373 0.765062725816 0.867681063673 0.922598350459 0.951138260522
0.5635 0.980167547112 0.764855248846 0.867429685198 0.922319849278 0.950844586214
0.564 0.979855052384 0.76464613736 0.867176334647 0.92203916909 0.950548617639
0.5645 0.979540139962 0.764435391489 0.866921012376 0.921756310426 0.950250355439
0.565 0.979222810622 0.764223011367 0.866663718746 0.921471273824 0.949949800264
0.5655 0.978903065147 0.764008997129 0.866404454118 0.921184059824 0.949646952765
0.566 0.978580904325 0.763793348912 0.866143218857 0.920894668972 0.949341813601
0.5665 0.978256328953 0.763576066851 0.865880013331 0.920603101816 0.949034383433
0.567 0.977929339831 0.763357151085 0.86561483791 0.92030935891 0.94872466293
0.5675 0.977599937765 0.763136601752 0.865347692967 0.920013440812 0.948412652765
0.568 0.977268123568 0.762914418993 0.865078578879 0.919715348082 0.948098353615
0.5685 0.97693389806 0.762690602949 0.864807496024 0.919415081287 0.947781766162
0.569 0.976597262064 0.762465153761 0.864534444784 0.919112640997 0.947462891095
0.5695 0.976258216411 0.762238071572 0.864259425543 0.918808027785 0.947141729106
0.57 0.975916761939 0.762009356528 0.863982438689 0.918501242229 0.946818280892
0.5705 0.975572899489 0.761779008773 0.863703484611 0.918192284912 0.946492547157
0.571 0.975226629909 0.761547028453 0.863422563702 0.917881156421 0.946164528607
0.5715 0.974877954055 0.761313415715 0.863139676358 0.917567857344 0.945834225955
0.572 0.974526872787 0.761078170708 0.862854822976 0.917252388279 0.945501639918
0.5725 0.97417338697 0.760841293582 0.862568003958 0.916934749822 0.94516677122
0.573 0.973817497477 0.760602784486 0.862279219708 0.916614942577 0.944829620587
0.5735 0.973459205187 0.760362643571 0.861988470633 0.916292967151 0.944490188752
0.574 0.973098510982 0.760120870992 0.861695757141 0.915968824155 0.944148476451
0.5745 0.972735415754 0.7598774669 0.861401079645 0.915642514205 0.943804484428
0.575 0.972369920398 0.75963243145 0.86110443856 0.915314037919 0.94345821343
0.5755 0.972002025815 0.759385764799 0.860805834304 0.914983395922 0.943109664208
0.576 0.971631732915 0.759137467102 0.860505267296 0.91465058884 0.94275883752
0.5765 0.971259042609 0.758887538517 0.860202737961 0.914315617307 0.942405734129
0.577 0.970883955819 0.758635979203 0.859898246725 0.913978481956 0.9420503548
0.5775 0.970506473469 0.758382789321 0.859591794016 0.91363918343 0.941692700306
0.578 0.97012659649 0.758127969029 0.859283380266 0.913297722372 0.941332771425
0.5785 0.969744325821 0.757871518491 0.858973005909 0.912954099429 0.940970568937
0.579 0.969359662404 0.757613437869 0.858660671383 0.912608315255 0.940606093631
0.5795 0.968972607188 0.757353727328 0.858346377127 0.912260370506 0.940239346297
0.58 0.968583161129 0.757092387031 0.858030123585 0.911910265842 0.939870327733
0.5805 0.968191325187 0.756829417146 0.857711911201 0.911558001929 0.939499038739
0.581 0.967797100329 0.756564817838 0.857391740425 0.911203579435 0.939125480124
0.5815 0.967400487528 0.756298589277 0.857069611706 0.910846999033 0.938749652698
0.582 0.967001487762 0.756030731631 0.856745525499 0.9104882614 0.938371557278
0.5825 0.966600102017 0.75576124507 0.856419482261 0.910127367217 0.937991194685
0.583 0.966196331282 0.755490129766 0.856091482451 0.90976431717 0.937608565747
0.5835 0.965790176553 0.755217385891 0.855761526531 0.909399111948 0.937223671293
0.584 0.965381638833 0.754943013618 0.855429614965 0.909031752244 0.936836512161
0.5845 0.96497071913 0.754667013122 0.855095748223 0.908662238757 0.936447089191
0.585 0.964557418458 0.754389384577 0.854759926773 0.908290572187 0.936055403231
0.5855 0.964141737836 0.75411012816 0.85442215109 0.907916753241 0.93566145513
0.586 0.96372367829 0.753829244049 0.854082421649 0.907540782629 0.935265245745
0.5865 0.963303240852 0.753546732422 0.85374073893 0.907162661064 0.934866775936
0.587 0.962880426559 0.753262593459 0.853397103413 0.906782389265 0.93446604657
0.5875 0.962455236454 0.75297682734 0.853051515583 0.906399967954 0.934063058518
0.588 0.962027671586 0.752689434247 0.852703975927 0.906015397858 0.933657812654
0.5885 0.961597733011 0.752400414362 0.852354484936 0.905628679706 0.933250309861
0.589 0.961165421789 0.752109767869 0.852003043101 0.905239814233 0.932840551022
0.5895 0.960730738987 0.751817494953 0.851649650918 0.904848802179 0.932428537028
0.59 0.960293685677 0.751523595799 0.851294308885 0.904455644285 0.932014268776
0.5905 0.959854262938 0.751228070595 0.850937017503 0.904060341298 0.931597747165
0.591 0.959412471854 0.750930919528 0.850577777276 0.90366289397 0.9311789731
0.5915 0.958968313515 0.750632142787 0.850216588711 0.903263303055 0.930757947491
0.592 0.958521789017 0.750331740563 0.849853452316 0.902861569313 0.930334671253
0.5925 0.958072899462 0.750029713045 0.849488368604 0.902457693506 0.929909145307
0.593 0.957621645958 0.749726060426 0.849121338089 0.902051676402 0.929481370577
0.5935 0.957168029617 0.749420782899 0.848752361289 0.901643518772 0.929051347992
0.594 0.956712051559 0.749113880658 0.848381438724 0.901233221393 0.928619078487
0.5945 0.956253712909 0.748805353899 0.848008570918 0.900820785042 0.928184563003
0.595 0.955793014798 0.748495202817 0.847633758396 0.900406210504 0.927747802482
0.5955 0.955329958363 0.74818342761 0.847257001686 0.899989498567 0.927308797874
0.596 0.954864544747 0.747870028475 0.846878301321 0.899570650023 0.926867550134
0.5965 0.954396775097 0.747555005613 0.846497657834 0.899149665666 0.92642406022
0.597 0.953926650567 0.747238359223 0.846115071761 0.898726546298 0.925978329097
0.5975 0.953454172319 0.746920089507 0.845730543644 0.898301292722 0.925530357733
0.598 0.952979341517 0.746600196667 0.845344074024 0.897873905746 0.925080147102
0.5985 0.952502159334 0.746278680908 0.844955663446 0.897444386182 0.924627698182
0.599 0.952022626946 0.745955542432 0.844565312459 0.897012734848 0.924173011957
0.5995 0.951540745537 0.745630781446 0.844173021613 0.896578952562 0.923716089416
0.6 0.951056516295 0.745304398156 0.843778791461 0.89614304015 0.923256931551
0.6005 0.950569940416 0.744976392771 0.84338262256 0.895704998439 0.92279553936
0.601 0.950081019101 0.744646765498 0.842984515468 0.895264828263 0.922331913847
0.6015 0.949589753555 0.744315516547 0.842584470748 0.894822530458 0.921866056019
0.602 0.94909614499 0.743982646129 0.842182488964 0.894378105865 0.92139796689
0.6025 0.948600194626 0.743648154456 0.841778570684 0.893931555328 0.920927647476
0.603 0.948101903684 0.743312041741 0.841372716476 0.893482879696 0.9204550988
0.6035 0.947601273395 0.742974308197 0.840964926915 0.893032079822 0.919980321889
0.604 0.947098304995 0.74263495404 0.840555202575 0.892579156564 0.919503317776
0.6045 0.946592999723 0.742293979485 0.840143544035 0.892124110781 0.919024087497
0.605 0.946085358828 0.741951384749 0.839729951875 0.891666943339 0.918542632094
0.6055 0.94557538356 0.741607170051 0.839314426681 0.891207655108 0.918058952615
0.606 0.94506307518 0.741261335609 0.838896969038 0.890746246959 0.91757305011
0.6065 0.94454843495 0.740913881644 0.838477579535 0.890282719772 0.917084925636
0.607 0.944031464141 0.740564808376 0.838056258765 0.889817074426 0.916594580255
0.6075 0.943512164028 0.740214116028 0.837633007322 0.889349311807 0.916102015032
0.608 0.942990535893 0.739861804823 0.837207825805 0.888879432805 0.915607231038
0.6085 0.942466581022 0.739507874986 0.836780714813 0.888407438312 0.915110229349
0.609 0.941940300709 0.739152326741 0.836351674949 0.887933329227 0.914611011046
0.6095 0.941411696251 0.738795160315 0.83592070682 0.887457106451 0.914109577215
0.61 0.940880768954 0.738436375936 0.835487811033 0.886978770889 0.913605928945
0.6105 0.940347520127 0.738075973831 0.835052988201 0.886498323452 0.913100067331
0.611 0.939811951086 0.73771395423 0.834616238937 0.886015765052 0.912591993475
0.6115 0.939274063153 0.737350317365 0.834177563858 0.885531096608 0.912081708479
0.612 0.938733857654 0.736985063466 0.833736963585 0.88504431904 0.911569213455
0.6125 0.938191335922 0.736618192765 0.833294438738 0.884555433276 0.911054509517
0.613 0.937646499297 0.736249705497 0.832849989943 0.884064440245 0.910537597783
0.6135 0.937099349122 0.735879601897 0.832403617829 0.88357134088 0.910018479379
0.614 0.936549886748 0.735507882199 0.831955323025 0.88307613612 0.909497155432
0.6145 0.93599811353 0.735134546641 0.831505106165 0.882578826906 0.908973627077
0.615 0.93544403083 0.734759595461 0.831052967885 0.882079414185 0.908447895452
0.6155 0.934887640014 0.734383028897 0.830598908824 0.881577898906 0.9079199617
0.616 0.934328942457 0.734004847189 0.830142929623 0.881074282024 0.90738982697
0.6165 0.933767939535 0.733625050578 0.829685030927 0.880568564496 0.906857492415
0.617 0.933204632634 0.733243639307 0.829225213384 0.880060747285 0.906322959192
0.6175 0.932639023143 0.732860613617 0.828763477641 0.879550831356 0.905786228464
0.618 0.932071112458 0.732475973754 0.828299824353 0.879038817681 0.905247301399
0.6185 0.931500901981 0.732089719962 0.827834254175 0.878524707232 0.904706179168
0.619 0.930928393117 0.731701852487 0.827366767764 0.878008500988 0.904162862949
0.6195 0.93035358728 0.731312371576 0.826897365781 0.877490199932 0.903617353923
0.62 0.929776485888 0.730921277479 0.826426048891 0.876969805049 0.903069653277
0.6205 0.929197090365 0.730528570443 0.825952817758 0.87644731733 0.902519762202
0.621 0.928615402141 0.730134250719 0.825477673053 0.875922737769 0.901967681894
0.6215 0.92803142265 0.729738318559 0.825000615447 0.875396067364 0.901413413555
0.622 0.927445153335 0.729340774215 0.824521645614 0.874867307118 0.90085695839
0.6225 0.92685659564 0.72894161794 0.824040764232 0.874336458036 0.900298317609
0.623 0.926265751019 0.728540849989 0.82355797198 0.87380352113 0.899737492428
0.6235 0.925672620929 0.728138470618 0.823073269542 0.873268497413 0.899174484066
0.624 0.925077206834 0.727734480081 0.822586657602 0.872731387903 0.89860929375
0.6245 0.924479510204 0.727328878639 0.82209813685 0.872192193624 0.898041922707
0.625 0.923879532511 0.726921666548 0.821607707975 0.871650915601 0.897472372173
0.6255 0.923277275238 0.726512844069 0.821115371673 0.871107554864 0.896900643386
0.626 0.92267273987 0.726102411462 0.820621128638 0.870562112449 0.896326737591
0.6265 0.922065927899 0.725690368989 0.82012497957 0.870014589392 0.895750656036
0.627 0.921456840821 0.725276716913 0.819626925171 0.869464986737 0.895172399974
0.6275 0.920845480141 0.724861455498 0.819126966146 0.86891330553 0.894591970664
0.628 0.920231847366 0.724444585008 0.818625103202 0.868359546821 0.894009369369
0.6285 0.91961594401 0.724026105709 0.818121337049 0.867803711665 0.893424597355
0.629 0.918997771593 0.723606017869 0.817615668399 0.867245801119 0.892837655897
0.6295 0.918377331641 0.723184321755 0.817108097969 0.866685816247 0.89224854627
0.63 0.917754625684 0.722761017636 0.816598626477 0.866123758113 0.891657269756
0.6305 0.917129655259 0.722336105782 0.816087254643 0.865559627789 0.891063827643
0.631 0.916502421907 0.721909586465 0.815573983192 0.864993426349 0.890468221221
0.6315 0.915872927177 0.721481459957 0.815058812849 0.86442515487 0.889870451787
0.632 0.915241172621 0.72105172653 0.814541744345 0.863854814436 0.889270520642
0.6325 0.914607159799 0.720620386459 0.814022778411 0.863282406132 0.88866842909
0.633 0.913970890274 0.72018744002 0.813501915781 0.862707931048 0.888064178443
0.6335 0.913332365617 0.719752887488 0.812979157193 0.862131390279 0.887457770016
0.634 0.912691587404 0.719316729141 0.812454503387 0.861552784923 0.886849205127
0.6345 0.912048557214 0.718878965257 0.811927955106 0.860972116081 0.886238485102
0.635 0.911403276635 0.718439596115 0.811399513096 0.86038938486 0.88562561127
0.6355 0.91075574726 0.717998621997 0.810869178104 0.85980459237 0.885010584965
0.636 0.910105970685 0.717556043184 0.810336950883 0.859217739725 0.884393407525
0.6365 0.909453948514 0.717111859957 0.809802832184 0.858628828042 0.883774080293
0.637 0.908799682356 0.716666072602 0.809266822766 0.858037858444 0.883152604618
0.6375 0.908143173825 0.716218681402 0.808728923387 0.857444832057 0.882528981852
0.638 0.907484424541 0.715769686643 0.808189134809 0.85684975001 0.881903213354
0.6385 0.90682343613 0.715319088611 0.807647457797 0.856252613437 0.881275300483
0.639 0.906160210221 0.714866887595 0.807103893118 0.855653423476 0.880645244609
0.6395 0.905494748453 0.714413083884 0.806558441542 0.855052181269 0.880013047102
0.64 0.904827052466 0.713957677766 0.806011103842 0.854448887961 0.879378709338
0.6405 0.904157123908 0.713500669534 0.805461880793 0.853843544702 0.878742232699
0.641 0.903484964433 0.713042059479 0.804910773174 0.853236152646 0.87810361857
0.6415 0.902810575698 0.712581847893 0.804357781766 0.85262671295 0.877462868341
0.642 0.902133959368 0.712120035071 0.803802907352 0.852015226775 0.876819983407
0.6425 0.901455117112 0.711656621308 0.803246150719 0.851401695287 0.876174965168
0.643 0.900774050605 0.7111916069 0.802687512656 0.850786119655 0.875527815027
0.6435 0.900090761528 0.710724992145 0.802126993954 0.850168501053 0.874878534395
0.644 0.899405251566 0.710256777339 0.801564595408 0.849548840658 0.874227124685
0.6445 0.898717522412 0.709786962783 0.801000317816 0.848927139651 0.873573587315
0.645 0.898027575761 0.709315548776 0.800434161977 0.848303399217 0.872917923707
0.6455 0.897335413316 0.708842535621 0.799866128695 0.847677620546 0.872260135291
0.646 0.896641036785 0.708367923618 0.799296218774 0.847049804829 0.871600223497
0.6465 0.895944447882 0.707891713073 0.798724433022 0.846419953265 0.870938189763
0.647 0.895245648325 0.707413904288 0.798150772251 0.845788067054 0.870274035531
0.6475 0.894544639838 0.70693449757 0.797575237274 0.8451541474 0.869607762246
0.648 0.893841424151 0.706453493224 0.796997828907 0.844518195513 0.86893937136
0.6485 0.893136003 0.705970891559 0.796418547969 0.843880212605 0.868268864328
0.649 0.892428378124 0.705486692884 0.795837395282 0.843240199893 0.867596242611
0.6495 0.891718551269 0.705000897506 0.79525437167 0.842598158597 0.866921507672
0.65 0.891006524188 0.704513505738 0.794669477961 0.841954089942 0.866244660983
0.6505 0.890292298637 0.704024517891 0.794082714983 0.841307995155 0.865565704016
0.651 0.889575876378 0.703533934278 0.79349408357 0.84065987547 0.864884638251
0.6515 0.888857259179 0.703041755212 0.792903584557 0.840009732122 0.86420146517
0.652 0.888136448814 0.702547981008 0.792311218782 0.839357566351 0.863516186262
0.6525 0.887413447059 0.702052611983 0.791716987085 0.838703379401 0.86282880302
0.653 0.886688255701 0.701555648452 0.791120890309 0.838047172521 0.86213931694
0.6535 0.885960876527 0.701057090734 0.790522929302 0.837388946962 0.861447729525
0.654 0.885231311332 0.700556939148 0.78992310491 0.836728703979 0.860754042281
0.6545 0.884499561918 0.700055194014 0.789321417987 0.836066444832 0.860058256719
0.655 0.883765630089 0.699551855653 0.788717869385 0.835402170786 0.859360374354
0.6555 0.883029517656 0.699046924387 0.788112459962 0.834735883106 0.858660396708
0.656 0.882291226435 0.698540400539 0.787505190578 0.834067583065 0.857958325304
0.6565 0.881550758248 0.698032284433 0.786896062094 0.833397271937 0.857254161672
0.657 0.880808114923 0.697522576395 0.786285075376 0.832724951002 0.856547907347
0.6575 0.880063298291 0.697011276751 0.78567223129 0.832050621543 0.855839563866
0.658 0.879316310191 0.696498385828 0.785057530709 0.831374284846 0.855129132774
0.6585 0.878567152464 0.695983903954 0.784440974504 0.830695942202 0.854416615618
0.659 0.877815826961 0.695467831459 0.783822563551 0.830015594907 0.85370201395
0.6595 0.877062335535 0.694950168673 0.783202298729 0.829333244257 0.852985329328
0.66 0.876306680044 0.694430915928 0.782580180918 0.828648891557 0.852266563313
0.6605 0.875548862354 0.693910073556 0.781956211003 0.827962538111 0.851545717471
0.661 0.874788884333 0.693387641891 0.781330389871 0.827274185231 0.850822793372
0.6615 0.874026747859 0.692863621266 0.780702718409 0.82658383423 0.850097792593
0.662 0.87326245481 0.692338012019 0.780073197511 0.825891486426 0.849370716713
0.6625 0.872496007073 0.691810814486 0.779441828071 0.825197143141 0.848641567317
0.663 0.871727406539 0.691282029003 0.778808610986 0.824500805701 0.847910345992
0.6635 0.870956655104 0.690751655911 0.778173547156 0.823802475435 0.847177054334
0.664 0.87018375467 0.690219695548 0.777536637484 0.823102153676 0.846441693939
0.6645 0.869408707144 0.689686148256 0.776897882874 0.822399841762 0.845704266411
0.665 0.868631514438 0.689151014377 0.776257284236 0.821695541033 0.844964773357
0.6655 0.867852178471 0.688614294253 0.77561484248 0.820989252836 0.844223216388
0.666 0.867070701164 0.688075988228 0.77497055852 0.820280978518 0.843479597121
0.6665 0.866287084447 0.687536096647 0.77432443327 0.819570719432 0.842733917177
0.667 0.865501330253 0.686994619857 0.773676467651 0.818858476935 0.84198617818
0.6675 0.86471344052 0.686451558204 0.773026662583 0.818144252388 0.841236381761
0.668 0.863923417193 0.685906912037 0.772375018992 0.817428047153 0.840484529554
0.6685 0.86313126222 0.685360681704 0.771721537803 0.816709862601 0.839730623198
0.669 0.862336977557 0.684812867556 0.771066219946 0.815989700101 0.838974664336
0.6695 0.861540565163 0.684263469944 0.770409066354 0.815267561031 0.838216654617
0.67 0.860742027004 0.683712489221 0.769750077961 0.81454344677 0.837456595692
0.6705 0.859941365049 0.683159925739 0.769089255704 0.813817358701 0.836694489219
0.671 0.859138581274 0.682605779853 0.768426600525 0.813089298212 0.83593033686
0.6715 0.85833367766 0.682050051918 0.767762113367 0.812359266693 0.835164140279
0.672 0.857526656194 0.681492742292 0.767095795173 0.81162726554 0.834395901148
0.6725 0.856717518865 0.68093385133 0.766427646894 0.810893296151 0.833625621142
0.673 0.855906267671 0.680373379393 0.76575766948 0.81015735993 0.83285330194
0.6735 0.855092904614 0.679811326838 0.765085863884 0.809419458282 0.832078945226
0.674 0.854277431699 0.679247694028 0.764412231064 0.808679592618 0.831302552689
0.6745 0.85345985094 0.678682481323 0.763736771977 0.807937764351 0.830524126021
0.675 0.852640164354 0.678115689087 0.763059487586 0.807193974901 0.829743666919
0.6755 0.851818373963 0.677547317683 0.762380378855 0.806448225688 0.828961177087
0.676 0.850994481795 0.676977367475 0.761699446751 0.805700518138 0.82817665823
0.6765 0.850168489882 0.67640583883 0.761016692243 0.80495085368 0.827390112058
0.677 0.849340400263 0.675832732114 0.760332116305 0.804199233748 0.826601540288
0.6775 0.848510214982 0.675258047695 0.75964571991 0.803445659779 0.82581094464
0.678 0.847677936085 0.674681785943 0.758957504038 0.802690133213 0.825018326836
0.6785 0.846843565628 0.674103947227 0.758267469668 0.801932655495 0.824223688606
0.679 0.846007105668 0.673524531918 0.757575617782 0.801173228074 0.823427031684
0.6795 0.84516855827 0.672943540388 0.756881949368 0.800411852401 0.822628357806
0.68 0.844327925502 0.672360973011 0.756186465413 0.799648529933 0.821827668715
0.6805 0.843485209439 0.671776830159 0.755489166909 0.798883262129 0.821024966158
0.681 0.84264041216 0.67119111221 0.754790054848 0.798116050453 0.820220251884
0.6815 0.84179353575 0.670603819538 0.754089130228 0.797346896373 0.819413527651
0.682 0.840944582298 0.670014952521 0.753386394048 0.796575801359 0.818604795216
0.6825 0.840093553899 0.669424511538 0.752681847309 0.795802766887 0.817794056346
0.683 0.839240452652 0.668832496967 0.751975491015 0.795027794435 0.816981312807
0.6835 0.838385280663 0.668238909189 0.751267326174 0.794250885486 0.816166566374
0.684 0.837528040042 0.667643748585 0.750557353795 0.793472041526 0.815349818824
0.6845 0.836668732904 0.667047015539 0.749845574891 0.792691264046 0.814531071939
0.685 0.835807361368 0.666448710432 0.749131990476 0.791908554538 0.813710327505
0.6855 0.834943927561 0.665848833651 0.748416601569 0.791123914501 0.812887587313
0.686 0.834078433613 0.66524738558 0.74769940919 0.790337345437 0.812062853158
0.6865 0.833210881659 0.664644366606 0.746980414361 0.78954884885 0.81123612684
0.687 0.832341273841 0.664039777117 0.746259618109 0.788758426249 0.810407410162
0.6875 0.831469612303 0.663433617501 0.745537021461 0.787966079148 0.809576704933
0.688 0.830595899196 0.662825888148 0.744812625448 0.787171809062 0.808744012966
0.6885 0.829720136676 0.66221658945 0.744086431105 0.786375617512 0.807909336078
0.689 0.828842326905 0.661605721797 0.743358439468 0.785577506021 0.80707267609
0.6895 0.827962472047 0.660993285582 0.742628651574 0.784777476119 0.806234034828
0.69 0.827080574275 0.6603792812 0.741897068467 0.783975529335 0.805393414123
0.6905 0.826196635763 0.659763709046 0.74116369119 0.783171667206 0.80455081581
0.691 0.825310658693 0.659146569515 0.740428520789 0.782365891271 0.803706241726
0.6915 0.824422645251 0.658527863004 0.739691558316 0.781558203072 0.802859693716
0.692 0.823532597628 0.657907589912 0.738952804821 0.780748604155 0.802011173628
0.6925 0.822640518021 0.657285750637 0.738212261359 0.779937096072 0.801160683313
0.693 0.82174640863 0.656662345581 0.737469928989 0.779123680375 0.800308224628
0.6935 0.820850271661 0.656037375143 0.736725808769 0.778308358623 0.799453799434
0.694 0.819952109325 0.655410839726 0.735979901764 0.777491132378 0.798597409595
0.6945 0.81905192384 0.654782739733 0.735232209038 0.776672003204 0.797739056983
0.695 0.818149717425 0.65415307557 0.734482731659 0.77585097267 0.79687874347
0.6955 0.817245492307 0.65352184764 0.733731470698 0.77502804235 0.796016470934
0.696 0.816339250717 0.652889056351 0.732978427228 0.774203213818 0.795152241259
0.6965 0.815430994891 0.652254702109 0.732223602326 0.773376488657 0.79428605633
0.697 0.814520727071 0.651618785324 0.731466997069 0.772547868449 0.79341791804
0.6975 0.813608449501 0.650981306405 0.73070861254 0.771717354782 0.792547828283
0.698 0.812694164433 0.650342265762 0.729948449822 0.770884949247 0.79167578896
0.6985 0.811777874123 0.649701663807 0.729186510001 0.770050653439 0.790801801975
0.699 0.810859580832 0.649059500953 0.728422794167 0.769214468957 0.789925869236
0.6995 0.809939286826 0.648415777613 0.727657303411 0.768376397404 0.789047992656
0.7 0.809016994375 0.647770494202 0.726890038829 0.767536440385 0.788168174152
0.7005 0.808092705755 0.647123651135 0.726121001517 0.766694599511 0.787286415646
0.701 0.807166423246 0.646475248831 0.725350192574 0.765850876394 0.786402719063
0.7015 0.806238149135 0.645825287705 0.724577613103 0.765005272653 0.785517086332
0.702 0.805307885711 0.645173768178 0.72380326421 0.764157789907 0.78462951939
0.7025 0.80437563527 0.644520690669 0.723027147001 0.763308429783 0.783740020173
0.703 0.803441400112 0.643866055599 0.722249262587 0.762457193907 0.782848590624
0.7035 0.802505182542 0.64320986339 0.721469612081 0.761604083912 0.781955232692
0.704 0.801566984871 0.642552114465 0.720688196598 0.760749101434 0.781059948327
0.7045 0.800626809413 0.641892809248 0.719905017257 0.759892248112 0.780162739485
0.705 0.799684658487 0.641231948165 0.719120075178 0.759033525589 0.779263608126
0.7055 0.798740534419 0.640569531641 0.718333371484 0.758172935512 0.778362556214
0.706 0.797794439539 0.639905560104 0.717544907302 0.757310479531 0.777459585717
0.7065 0.796846376179 0.639240033982 0.71675468376 0.756446159301 0.776554698609
0.707 0.795896346681 0.638572953704 0.715962701989 0.755579976478 0.775647896866
0.7075 0.794944353388 0.637904319701 0.715168963124 0.754711932726 0.774739182469
0.708 0.793990398648 0.637234132403 0.7143734683 0.753842029708 0.773828557404
0.7085 0.793034484816 0.636562392244 0.713576218658 0.752970269094 0.77291602366
0.709 0.79207661425 0.635889099656 0.712777215338 0.752096652555 0.772001583232
0.7095 0.791116789314 0.635214255075 0.711976459485 0.751221181769 0.771085238118
0.71 0.790155012376 0.634537858935 0.711173952245 0.750343858414 0.770166990319
0.7105 0.789191285809 0.633859911674 0.71036969477 0.749464684175 0.769246841843
0.711 0.78822561199 0.633180413728 0.70956368821 0.748583660738 0.768324794701
0.7115 0.787257993304 0.632499365537 0.708755933721 0.747700789794 0.767400850907
0.712 0.786288432137 0.631816767541 0.70794643246 0.746816073037 0.76647501248
0.7125 0.785316930881 0.631132620179 0.707135185587 0.745929512166 0.765547281445
0.713 0.784343491933 0.630446923894 0.706322194264 0.745041108882 0.764617659829
0.7135 0.783368117696 0.629759679128 0.705507459658 0.74415086489 0.763686149664
0.714 0.782390810577 0.629070886326 0.704690982936 0.7432587819 0.762752752985
0.7145 0.781411572985 0.628380545933 0.703872765268 0.742364861623 0.761817471833
0.715 0.780430407338 0.627688658393 0.703052807828 0.741469105776 0.760880308253
0.7155 0.779447316057 0.626995224155 0.70223111179 0.74057151608 0.759941264294
0.716 0.778462301567 0.626300243666 0.701407678335 0.739672094256 0.759000342007
0.7165 0.777475366299 0.625603717375 0.700582508642 0.738770842033 0.75805754345
0.717 0.776486512687 0.624905645732 0.699755603895 0.737867761141 0.757112870684
0.7175 0.775495743172 0.624206029189 0.698926965281 0.736962853315 0.756166325775
0.718 0.774503060199 0.623504868198 0.698096593987 0.736056120292 0.755217910792
0.7185 0.773508466216 0.622802163211 0.697264491206 0.735147563814 0.754267627808
0.719 0.772511963678 0.622097914684 0.696430658131 0.734237185627 0.753315478902
0.7195 0.771513555043 0.621392123071 0.695595095959 0.733324987478 0.752361466156
0.72 0.770513242776 0.620684788829 0.694757805889 0.73241097112 0.751405591655
0.7205 0.769511029343 0.619975912415 0.693918789122 0.73149513831 0.75044785749
0.721 0.768506917219 0.619265494287 0.693078046864 0.730577490806 0.749488265755
0.7215 0.76750090888 0.618553534906 0.692235580321 0.729658030373 0.748526818549
0.722 0.766493006809 0.617840034731 0.691391390703 0.728736758777 0.747563517974
0.7225 0.765483213493 0.617124994224 0.690545479221 0.727813677788 0.746598366138
0.723 0.764471531423 0.616408413848 0.689697847091 0.72688878918 0.74563136515
0.7235 0.763457963096 0.615690294066 0.68884849553 0.72596209473 0.744662517127
0.724 0.762442511011 0.614970635343 0.687997425758 0.725033596221 0.743691824188
0.7245 0.761425177676 0.614249438144 0.687144638997 0.724103295437 0.742719288455
0.725 0.7604059656 0.613526702937 0.686290136473 0.723171194165 0.741744912056
0.7255 0.759384877298 0.612802430189 0.685433919413 0.722237294198 0.740768697123
0.726 0.758361915289 0.61207662037 0.684575989047 0.721301597332 0.739790645791
0.7265 0.757337082097 0.611349273948 0.683716346609 0.720364105365 0.738810760199
0.727 0.756310380251 0.610620391394 0.682854993333 0.719424820099 0.737829042492
0.7275 0.755281812285 0.609889973182 0.681991930459 0.718483743342 0.736845494818
0.728 0.754251380736 0.609158019783 0.681127159226 0.717540876903 0.735860119328
0.7285 0.753219088147 0.608424531672 0.680260680878 0.716596222595 0.734872918178
0.729 0.752184937064 0.607689509324 0.67939249666 0.715649782235 0.733883893529
0.7295 0.75114893004 0.606952953214 0.678522607822 0.714701557643 0.732893047544
0.73 0.75011106963 0.606214863821 0.677651015614 0.713751550644 0.731900382392
0.7305 0.749071358396 0.605475241622 0.676777721289 0.712799763064 0.730905900245
0.731 0.748029798903 0.604734087097 0.675902726104 0.711846196735 0.72990960328
0.7315 0.746986393721 0.603991400725 0.675026031317 0.710890853492 0.728911493676
0.732 0.745941145424 0.603247182988 0.67414763819 0.709933735173 0.727911573619
0.7325 0.744894056592 0.602501434369 0.673267547987 0.708974843619 0.726909845296
0.733 0.743845129807 0.60175415535 0.672385761974 0.708014180675 0.725906310901
0.7335 0.742794367659 0.601005346417 0.671502281419 0.707051748191 0.724900972629
0.734 0.741741772739 0.600255008055 0.670617107596 0.706087548018 0.723893832682
0.7345 0.740687347645 0.59950314075 0.669730241777 0.705121582013 0.722884893264
0.735 0.739631094979 0.598749744989 0.668841685241 0.704153852034 0.721874156583
0.7355 0.738573017346 0.597994821263 0.667951439265 0.703184359945 0.720861624853
0.736 0.737513117358 0.597238370059 0.667059505132 0.702213107612 0.71984730029
0.7365 0.73645139763 0.596480391869 0.666165884126 0.701240096905 0.718831185114
0.737 0.735387860781 0.595720887184 0.665270577534 0.700265329697 0.717813281551
0.7375 0.734322509436 0.594959856498 0.664373586647 0.699288807865 0.716793591829
0.738 0.733255346223 0.594197300303 0.663474912756 0.69831053329 0.715772118181
0.7385 0.732186373775 0.593433219096 0.662574557155 0.697330507856 0.714748862843
0.739 0.73111559473 0.592667613371 0.661672521143 0.696348733449 0.713723828055
0.7395 0.73004301173 0.591900483626 0.660768806018 0.695365211961 0.712697016064
0.74 0.728968627421 0.591131830358 0.659863413084 0.694379945287 0.711668429117
0.7405 0.727892444455 0.590361654068 0.658956343646 0.693392935324 0.710638069467
0.741 0.726814465487 0.589589955253 0.65804759901 0.692404183974 0.70960593937
0.7415 0.725734693176 0.588816734417 0.657137180488 0.691413693141 0.708572041087
0.742 0.724653130187 0.588041992061 0.656225089391 0.690421464735 0.707536376883
0.7425 0.723569779188 0.587265728687 0.655311327035 0.689427500666 0.706498949025
0.743 0.722484642853 0.586487944801 0.654395894737 0.68843180285 0.705459759787
0.7435 0.721397723859 0.585708640908 0.653478793819 0.687434373207 0.704418811445
0.744 0.720309024888 0.584927817513 0.652560025603 0.686435213658 0.703376106278
0.7445 0.719218548626 0.584145475125 0.651639591414 0.685434326128 0.702331646572
0.745 0.718126297763 0.583361614251 0.65071749258 0.684431712549 0.701285434614
0.7455 0.717032274995 0.5825762354 0.649793730432 0.683427374851 0.700237472697
0.746 0.715936483022 0.581789339085 0.648868306303 0.682421314972 0.699187763115
0.7465 0.714838924546 0.581000925815 0.647941221529 0.681413534851 0.698136308171
0.747 0.713739602276 0.580210996104 0.647012477448 0.68040403643 0.697083110166
0.7475 0.712638518925 0.579419550464 0.6460820754 0.679392821657 0.69602817141
0.748 0.711535677209 0.578626589412 0.645150016729 0.678379892482 0.694971494213
0.7485 0.71043107985 0.577832113461 0.64421630278 0.677365250857 0.693913080892
0.749 0.709324729572 0.57703612313 0.643280934903 0.676348898741 0.692852933765
0.7495 0.708216629106 0.576238618935 0.642343914448 0.675330838092 0.691791055156
0.75 0.707106781187 0.575439601396 0.641405242768 0.674311070876 0.690727447393
0.7505 0.705995188551 0.574639071032 0.640464921219 0.673289599058 0.689662112806
0.751 0.704881853942 0.573837028364 0.63952295116 0.672266424611 0.688595053731
0.7515 0.703766780108 0.573033473914 0.638579333953 0.671241549507 0.687526272506
0.752 0.702649969799 0.572228408205 0.63763407096 0.670214975724 0.686455771474
0.7525 0.701531425771 0.571421831762 0.636687163547 0.669186705244 0.685383552982
0.753 0.700411150784 0.570613745108 0.635738613085 0.66815674005 0.68430961938
0.7535 0.699289147602 0.56980414877 0.634788420943 0.66712508213 0.683233973023
0.754 0.698165418993 0.568993043276 0.633836588495 0.666091733476 0.682156616269
0.7545 0.697039967731 0.568180429153 0.632883117118 0.665056696082 0.68107755148
0.755 0.695912796592 0.56736630693 0.631928008191 0.664019971946 0.679996781021
0.7555 0.694783908358 0.566550677138 0.630971263095 0.66298156307 0.678914307263
0.756 0.693653305813 0.565733540308 0.630012883213 0.661941471458 0.67783013258
0.7565 0.692520991747 0.564914896973 0.629052869933 0.660899699118 0.676744259347
0.757 0.691386968955 0.564094747665 0.628091224643 0.659856248062 0.675656689947
0.7575 0.690251240234 0.563273092919 0.627127948735 0.658811120305 0.674567426765
0.758 0.689113808387 0.562449933271 0.626163043602 0.657764317865 0.67347647219
0.7585 0.68797467622 0.561625269256 0.625196510642 0.656715842765 0.672383828614
0.759 0.686833846544 0.560799101413 0.624228351252 0.655665697029 0.671289498434
0.7595 0.685691322174 0.55997143028 0.623258566836 0.654613882685 0.670193484049
0.76 0.684547105929 0.559142256397 0.622287158796 0.653560401767 0.669095787865
0.7605 0.683401200631 0.558311580304 0.62131412854 0.652505256308 0.667996412288
0.761 0.682253609109 0.557479402543 0.620339477476 0.651448448348 0.666895359731
0.7615 0.681104334195 0.556645723656 0.619363207016 0.650389979929 0.665792632609
0.762 0.679953378722 0.555810544188 0.618385318575 0.649329853096 0.664688233341
0.7625 0.678800745533 0.554973864683 0.617405813569 0.648268069898 0.663582164351
0.763 0.67764643747 0.554135685687 0.616424693417 0.647204632387 0.662474428064
0.7635 0.676490457382 0.553296007747 0.615441959541 0.646139542618 0.661365026911
0.764 0.675332808121 0.55245483141 0.614457613365 0.64507280265 0.660253963328
0.7645 0.674173492543 0.551612157227 0.613471656316 0.644004414546 0.659141239751
0.765 0.67301251351 0.550767985746 0.612484089823 0.642934380371 0.658026858622
0.7655 0.671849873885 0.549922317519 0.611494915318 0.641862702193 0.656910822387
0.766 0.670685576537 0.549075153098 0.610504134235 0.640789382086 0.655793133496
0.7665 0.669519624339 0.548226493036 0.609511748011 0.639714422124 0.6546737944
0.767 0.668352020168 0.547376337887 0.608517758085 0.638637824387 0.653552807558
0.7675 0.667182766905 0.546524688207 0.607522165898 0.637559590956 0.652430175428
0.768 0.666011867434 0.545671544551 0.606524972896 0.636479723918 0.651305900477
0.7685 0.664839324646 0.544816907477 0.605526180525 0.63539822536 0.65017998517
0.769 0.663665141432 0.543960777543 0.604525790234 0.634315097376 0.649052431981
0.7695 0.662489320691 0.543103155309 0.603523803475 0.633230342061 0.647923243383
0.77 0.661311865324 0.542244041335 0.602520221702 0.632143961513 0.646792421857
0.7705 0.660132778235 0.541383436182 0.601515046372 0.631055957835 0.645659969885
0.771 0.658952062334 0.540521340413 0.600508278945 0.629966333133 0.644525889953
0.7715 0.657769720534 0.539657754592 0.599499920881 0.628875089514 0.643390184551
0.772 0.656585755753 0.538792679282 0.598489973646 0.627782229091 0.642252856173
0.7725 0.655400170912 0.537926115051 0.597478438706 0.62668775398 0.641113907317
0.773 0.654212968936 0.537058062463 0.596465317531 0.625591666298 0.639973340483
0.7735 0.653024152754 0.536188522088 0.595450611591 0.624493968169 0.638831158176
0.774 0.651833725301 0.535317494493 0.594434322361 0.623394661717 0.637687362905
0.7745 0.650641689512 0.534444980249 0.593416451319 0.622293749071 0.636541957182
0.775 0.64944804833 0.533570979926 0.592396999943 0.621191232362 0.635394943522
0.7755 0.648252804699 0.532695494096 0.591375969714 0.620087113726 0.634246324445
0.776 0.647055961569 0.531818523332 0.590353362118 0.618981395301 0.633096102474
0.7765 0.645857521893 0.530940068209 0.58932917864 0.617874079228 0.631944280135
0.777 0.644657488628 0.5300601293 0.588303420771 0.616765167653 0.630790859959
0.7775 0.643455864734 0.529178707182 0.58727609 0.615654662724 0.62963584448
0.778 0.642252653177 0.528295802432 0.586247187824 0.614542566592 0.628479236235
0.7785 0.641047856925 0.527411415628 0.585216715737 0.613428881412 0.627321037765
0.779 0.639841478951 0.52652554735 0.58418467524 0.612313609342 0.626161251615
0.7795 0.638633522232 0.525638198177 0.583151067834 0.611196752543 0.624999880333
0.78 0.637423989749 0.524749368691 0.582115895022 0.61007831318 0.623836926472
0.7805 0.636212884485 0.523859059473 0.581079158312 0.60895829342 0.622672392586
0.781 0.635000209429 0.522967271108 0.580040859212 0.607836695434 0.621506281236
0.7815 0.633785967573 0.522074004179 0.579000999234 0.606713521396 0.620338594983
0.782 0.632570161913 0.521179259272 0.577959579891 0.605588773485 0.619169336395
0.7825 0.631352795449 0.520283036974 0.5769166027 0.60446245388 0.61799850804
0.783 0.630133871185 0.519385337872 0.575872069181 0.603334564766 0.616826112493
0.7835 0.628913392129 0.518486162553 0.574825980853 0.602205108329 0.61565215233
0.784 0.627691361291 0.517585511609 0.573778339241 0.60107408676 0.614476630132
0.7845 0.626467781687 0.516683385629 0.572729145872 0.599941502253 0.613299548484
0.785 0.625242656336 0.515779785205 0.571678402273 0.598807357005 0.612120909972
0.7855 0.624015988261 0.51487471093 0.570626109977 0.597671653214 0.610940717188
0.786 0.622787780488 0.513968163398 0.569572270517 0.596534393086 0.609758972727
0.7865 0.621558036049 0.513060143202 0.568516885428 0.595395578825 0.608575679187
0.787 0.620326757977 0.51215065094 0.56745995625 0.594255212643 0.60739083917
0.7875 0.61909394931 0.511239687208 0.566401484523 0.593113296751 0.606204455282
0.788 0.61785961309 0.510327252603 0.565341471791 0.591969833365 0.60501653013
0.7885 0.616623752364 0.509413347725 0.5642799196 0.590824824706 0.603827066329
0.789 0.615386370179 0.508497973173 0.563216829499 0.589678272994 0.602636066493
0.7895 0.61414746959 0.507581129549 0.562152203037 0.588530180457 0.601443533242
0.79 0.612907053653 0.506662817454 0.561086041769 0.587380549323 0.600249469198
0.7905 0.611665125429 0.505743037493 0.56001834725 0.586229381823 0.599053876989
0.791 0.610421687982 0.504821790268 0.558949121039 0.585076680193 0.597856759245
0.7915 0.60917674438 0.503899076384 0.557878364695 0.583922446672 0.596658118597
0.792 0.607930297695 0.50297489645 0.556806079783 0.5827666835 0.595457957685
0.7925 0.606682351002 0.50204925107 0.555732267867 0.581609392923 0.594256279147
0.793 0.605432907381 0.501122140854 0.554656930516 0.580450577188 0.593053085627
0.7935 0.604181969914 0.500193566411 0.553580069301 0.579290238546 0.591848379774
0.794 0.602929541689 0.499263528351 0.552501685793 0.578128379252 0.590642164237
0.7945 0.601675625795 0.498332027286 0.551421781568 0.576965001562 0.589434441671
0.795 0.600420225326 0.497399063829 0.550340358205 0.575800107738 0.588225214733
0.7955 0.59916334338 0.496464638591 0.549257417282 0.574633700043 0.587014486084
0.796 0.597904983058 0.495528752189 0.548172960384 0.573465780743 0.58580225839
0.7965 0.596645147464 0.494591405238 0.547086989095 0.572296352109 0.584588534317
0.797 0.595383839708 0.493652598354 0.545999505002 0.571125416414 0.583373316538
0.7975 0.594121062902 0.492712332155 0.544910509695 0.569952975933 0.582156607726
0.798 0.592856820161 0.49177060726 0.543820004768 0.568779032946 0.580938410561
0.7985 0.591591114605 0.490827424288 0.542727991814 0.567603589736 0.579718727724
0.799 0.590323949356 0.48988278386 0.541634472431 0.566426648587 0.5784975619
0.7995 0.589055327542 0.488936686598 0.540539448218 0.56524821179 0.577274915776
0.8 0.587785252292 0.487989133125 0.539442920778 0.564068281635 0.576050792046
0.8005 0.586513726741 0.487040124065 0.538344891716 0.562886860417 0.574825193404
0.801 0.585240754026 0.486089660042 0.537245362637 0.561703950435 0.573598122549
0.8015 0.583966337286 0.485137741683 0.536144335152 0.560519553989 0.572369582183
0.802 0.582690479669 0.484184369614 0.535041810872 0.559333673384 0.571139575011
0.8025 0.58141318432 0.483229544464 0.533937791412 0.558146310927 0.569908103742
0.803 0.580134454392 0.482273266862 0.532832278388 0.556957468929 0.568675171088
0.8035 0.57885429304 0.481315537438 0.531725273419 0.555767149702 0.567440779764
0.804 0.577572703422 0.480356356822 0.530616778127 0.554575355565 0.566204932489
0.8045 0.576289688702 0.479395725648 0.529506794136 0.553382088835 0.564967631986
0.805 0.575005252043 0.478433644549 0.528395323072 0.552187351836 0.563728880979
0.8055 0.573719396617 0.477470114158 0.527282366563 0.550991146894 0.562488682198
0.806 0.572432125595 0.476505135111 0.526167926241 0.549793476338 0.561247038374
0.8065 0.571143442153 0.475538708045 0.525052003739 0.5485943425 0.560003952244
0.807 0.569853349472 0.474570833597 0.523934600694 0.547393747714 0.558759426545
0.8075 0.568561850734 0.473601512405 0.522815718744 0.54619169432 0.557513464021
0.808 0.567268949127 0.472630745109 0.521695359529 0.544988184657 0.556266067416
0.8085 0.56597464784 0.47165853235 0.520573524692 0.543783221071 0.555017239479
0.809 0.564678950066 0.470684874768 0.51945021588 0.542576805908 0.553766982962
0.8095 0.563381859003 0.469709773007 0.518325434741 0.541368941519 0.55251530062
0.81 0.562083377852 0.46873322771 0.517199182924 0.540159630258 0.551262195212
0.8105 0.560783509816 0.467755239523 0.516071462082 0.53894887448 0.550007669501
0.811 0.559482258102 0.46677580909 0.514942273872 0.537736676545 0.54875172625
0.8115 0.558179625922 0.465794937058 0.513811619949 0.536523038816 0.547494368229
0.812 0.556875616488 0.464812624076 0.512679501975 0.535307963659 0.546235598208
0.8125 0.55557023302 0.463828870792 0.511545921612 0.534091453441 0.544975418964
0.813 0.554263478737 0.462843677856 0.510410880524 0.532873510534 0.543713833274
0.8135 0.552955356864 0.461857045919 0.509274380379 0.531654137313 0.542450843919
0.814 0.551645870628 0.460868975634 0.508136422847 0.530433336155 0.541186453685
0.8145 0.550335023262 0.459879467652 0.506997009598 0.529211109442 0.53992066536
0.815 0.549022817998 0.458888522628 0.505856142309 0.527987459557 0.538653481733
0.8155 0.547709258075 0.457896141218 0.504713822654 0.526762388886 0.537384905601
0.816 0.546394346734 0.456902324077 0.503570052315 0.525535899819 0.536114939759
0.8165 0.54507808722 0.455907071862 0.502424832971 0.524307994748 0.534843587011
0.817 0.543760482779 0.454910385232 0.501278166308 0.52307867607 0.533570850158
0.8175 0.542441536663 0.453912264847 0.50013005401 0.521847946183 0.532296732009
0.818 0.541121252127 0.452912711365 0.498980497768 0.520615807489 0.531021235373
0.8185 0.539799632428 0.45191172545 0.497829499272 0.519382262391 0.529744363066
0.819 0.538476680827 0.450909307762 0.496677060215 0.518147313299 0.528466117902
0.8195 0.537152400588 0.449905458966 0.495523182294 0.516910962622 0.527186502704
0.82 0.535826794979 0.448900179727 0.494367867206 0.515673212773 0.525905520292
0.8205 0.534499867271 0.447893470708 0.493211116652 0.51443406617 0.524623173495
0.821 0.533171620737 0.446885332578 0.492052932336 0.513193525232 0.523339465141
0.8215 0.531842058656 0.445875766003 0.490893315962 0.511951592381 0.522054398063
0.822 0.530511184307 0.444864771653 0.489732269237 0.510708270043 0.520767975097
0.8225 0.529179000974 0.443852350197 0.488569793873 0.509463560645 0.519480199082
0.823 0.527845511945 0.442838502305 0.487405891582 0.50821746662 0.51819107286
0.8235 0.52651072051 0.44182322865 0.486240564078 0.506969990402 0.516900599277
0.824 0.525174629961 0.440806529904 0.485073813078 0.505721134427 0.51560878118
0.8245 0.523837243597 0.439788406742 0.483905640303 0.504470901135 0.514315621421
0.825 0.522498564716 0.438768859837 0.482736047473 0.503219292971 0.513021122856
0.8255 0.521158596622 0.437747889866 0.481565036314 0.50196631238 0.51172528834
0.826 0.519817342621 0.436725497507 0.480392608552 0.50071196181 0.510428120737
0.8265 0.518474806022 0.435701683436 0.479218765915 0.499456243714 0.509129622909
0.827 0.517130990138 0.434676448333 0.478043510136 0.498199160546 0.507829797723
0.8275 0.515785898285 0.433649792877 0.476866842948 0.496940714765 0.50652864805
0.828 0.514439533782 0.432621717752 0.475688766086 0.49568090883 0.505226176764
0.8285 0.51309189995 0.431592223637 0.47450928129 0.494419745205 0.503922386739
0.829 0.511743000114 0.430561311217 0.4733283903 0.493157226357 0.502617280856
0.8295 0.510392837604 0.429528981176 0.47214609486 0.491893354754 0.501310861998
0.83 0.50904141575 0.428495234198 0.470962396714 0.49062813287 0.500003133049
0.8305 0.507688737887 0.427460070971 0.46977729761 0.489361563179 0.498694096898
0.831 0.506334807353 0.426423492182 0.468590799299 0.488093648159 0.497383756438
0.8315 0.504979627488 0.425385498519 0.467402903534 0.486824390292 0.496072114562
0.832 0.503623201636 0.424346090672 0.466213612068 0.48555379206 0.494759174169
0.8325 0.502265533143 0.42330526933 0.46502292666 0.484281855951 0.493444938159
0.833 0.500906625361 0.422263035187 0.463830849068 0.483008584453 0.492129409436
0.8335 0.499546481641 0.421219388933 0.462637381056 0.481733980061 0.490812590907
0.834 0.498185105339 0.420174331264 0.461442524386 0.480458045267 0.489494485481
0.8345 0.496822499816 0.419127862872 0.460246280825 0.479180782572 0.488175096072
0.835 0.495458668432 0.418079984455 0.459048652143 0.477902194476 0.486854425596
0.8355 0.494093614554 0.417030696709 0.45784964011 0.476622283482 0.485532476971
0.836 0.492727341548 0.415980000331 0.456649246501 0.475341052097 0.484209253119
0.8365 0.491359852787 0.414927896021 0.45544747309 0.474058502832 0.482884756966
0.837 0.489991151644 0.413874384479 0.454244321657 0.472774638198 0.481558991438
0.8375 0.488621241497 0.412819466404 0.453039793982 0.47148946071 0.480231959467
0.838 0.487250125725 0.4117631425 0.451833891847 0.470202972887 0.478903663987
0.8385 0.485877807712 0.410705413469 0.450626617039 0.468915177249 0.477574107934
0.839 0.484504290844 0.409646280015 0.449417971343 0.467626076321 0.476243294248
0.8395 0.48312957851 0.408585742843 0.448207956551 0.466335672628 0.474911225872
0.84 0.481753674102 0.40752380266 0.446996574455 0.465043968701 0.473577905751
0.8405 0.480376581014 0.406460460172 0.445783826849 0.463750967071 0.472243336834
0.841 0.478998302645 0.405395716087 0.444569715529 0.462456670274 0.470907522072
0.8415 0.477618842395 0.404329571116 0.443354242296 0.461161080847 0.46957046442
0.842 0.476238203668 0.403262025968 0.44213740895 0.45986420133 0.468232166836
0.8425 0.474856389871 0.402193081354 0.440919217295 0.458566034269 0.466892632279
0.843 0.473473404412 0.401122737987 0.439699669138 0.457266582207 0.465551863713
0.8435 0.472089250705 0.40005099658 0.438478766286 0.455965847695 0.464209864104
0.844 0.470703932165 0.398977857848 0.437256510551 0.454663833285 0.46286663642
0.8445 0.46931745221 0.397903322506 0.436032903745 0.453360541531 0.461522183634
0.845 0.467929814261 0.39682739127 0.434807947685 0.45205597499 0.460176508721
0.8455 0.466541021741 0.395750064859 0.433581644186 0.450750136222 0.458829614658
0.846 0.465151078077 0.39467134399 0.432353995071 0.449443027791 0.457481504426
0.8465 0.4637599867 0.393591229384 0.431125002159 0.448134652263 0.456132181008
0.847 0.462367751041 0.392509721761 0.429894667278 0.446825012205 0.454781647391
0.8475 0.460974374535 0.391426821842 0.428662992252 0.445514110189 0.453429906563
0.848 0.459579860621 0.390342530351 0.427429978912 0.444201948789 0.452076961517
0.8485 0.45818421274 0.389256848011 0.426195629088 0.442888530582 0.450722815248
0.849 0.456787434334 0.388169775548 0.424959944615 0.441573858147 0.449367470753
0.8495 0.455389528851 0.387081313686 0.423722927329 0.440257934067 0.448010931033
0.85 0.45399049974 0.385991463153 0.422484579067 0.438940760926 0.446653199091
0.8505 0.452590350452 0.384900224677 0.421244901671 0.437622341313 0.445294277933
0.851 0.451189084442 0.383807598987 0.420003896984 0.436302677817 0.443934170569
0.8515 0.449786705168 0.382713586813 0.41876156685 0.434981773032 0.44257288001
0.852 0.44838321609 0.381618188885 0.417517913118 0.433659629554 0.441210409271
0.8525 0.446978620671 0.380521405937 0.416272937637 0.432336249982 0.43984676137
0.853 0.445572922377 0.379423238701 0.415026642259 0.431011636917 0.438481939326
0.8535 0.444166124676 0.378323687912 0.413779028838 0.429685792963 0.437115946163
0.854 0.442758231039 0.377222754304 0.412530099232 0.428358720727 0.435748784906
0.8545 0.44134924494 0.376120438614 0.411279855298 0.427030422818 0.434380458584
0.855 0.439939169856 0.37501674158 0.410028298899 0.425700901849 0.433010970229
0.8555 0.438528009266 0.373911663939 0.408775431898 0.424370160434 0.431640322875
0.856 0.437115766651 0.372805206431 0.407521256161 0.423038201192 0.430268519557
0.8565 0.435702445497 0.371697369797 0.406265773555 0.421705026742 0.428895563317
0.857 0.43428804929 0.370588154777 0.405008985951 0.420370639708 0.427521457197
0.8575 0.43287258152 0.369477562115 0.403750895222 0.419035042715 0.426146204241
0.858 0.431456045681 0.368365592554 0.402491503242 0.417698238391 0.424769807497
0.8585 0.430038445267 0.367252246839 0.401230811889 0.416360229368 0.423392270017
0.859 0.428619783775 0.366137525715 0.399968823042 0.41502101828 0.422013594853
0.8595 0.427200064707 0.36502142993 0.398705538583 0.413680607762 0.420633785061
0.86 0.425779291565 0.36390396023 0.397440960395 0.412339000454 0.419252843701
0.8605 0.424357467855 0.362785117364 0.396175090365 0.410996198997 0.417870773833
0.861 0.422934597085 0.361664902083 0.394907930381 0.409652206036 0.416487578522
0.8615 0.421510682766 0.360543315137 0.393639482335 0.408307024218 0.415103260835
0.862 0.420085728412 0.359420357278 0.392369748118 0.406960656193 0.413717823841
0.8625 0.418659737537 0.358296029259 0.391098729627 0.405613104612 0.412331270612
0.863 0.417232713662 0.357170331833 0.389826428758 0.404264372131 0.410943604224
0.8635 0.415804660306 0.356043265757 0.388552847412 0.402914461407 0.409554827753
0.864 0.414375580993 0.354914831786 0.38727798749 0.401563375101 0.408164944281
0.8645 0.41294547925 0.353785030677 0.386001850897 0.400211115876 0.40677395689
0.865 0.411514358605 0.352653863189 0.38472443954 0.398857686396 0.405381868665
0.8655 0.410082222589 0.351521330079 0.383445755326 0.39750308933 0.403988682694
0.866 0.408649074736 0.35038743211 0.382165800168 0.396147327348 0.40259440207
0.8665 0.407214918582 0.349252170041 0.380884575978 0.394790403125 0.401199029884
0.867 0.405779757666 0.348115544635 0.379602084672 0.393432319335 0.399802569233
0.8675 0.404343595529 0.346977556656 0.378318328167 0.392073078657 0.398405023216
0.868 0.402906435714 0.345838206868 0.377033308384 0.390712683773 0.397006394933
0.8685 0.401468281767 0.344697496037 0.375747027245 0.389351137367 0.39560668749
0.869 0.400029137237 0.343555424928 0.374459486674 0.387988442123 0.394205903992
0.8695 0.398589005675 0.342411994309 0.373170688598 0.386624600732 0.392804047548
0.87 0.397147890635 0.341267204949 0.371880634946 0.385259615885 0.391401121271
0.8705 0.395705795671 0.340121057618 0.370589327649 0.383893490275 0.389997128274
0.871 0.394262724343 0.338973553086 0.369296768641 0.3825262266 0.388592071675
0.8715 0.392818680211 0.337824692124 0.368002959856 0.381157827558 0.387185954592
0.872 0.391373666837 0.336674475506 0.366707903234 0.379788295852 0.385778780148
0.8725 0.389927687788 0.335522904005 0.365411600714 0.378417634185 0.384370551467
0.873 0.388480746631 0.334369978396 0.364114054238 0.377045845265 0.382961271676
0.8735 0.387032846937 0.333215699455 0.362815265751 0.375672931801 0.381550943906
0.874 0.385583992277 0.332060067958 0.3615152372 0.374298896505 0.380139571288
0.8745 0.384134186228 0.330903084684 0.360213970533 0.372923742091 0.378727156956
0.875 0.382683432365 0.329744750411 0.358911467702 0.371547471277 0.377313704049
0.8755 0.381231734269 0.32858506592 0.357607730661 0.370170086781 0.375899215706
0.876 0.379779095522 0.327424031992 0.356302761365 0.368791591327 0.374483695069
0.8765 0.378325519707 0.326261649408 0.354996561772 0.367411987639 0.373067145282
0.877 0.376871010412 0.325097918951 0.353689133841 0.366031278443 0.371649569495
0.8775 0.375415571225 0.323932841407 0.352380479536 0.36464946647 0.370230970855
0.878 0.373959205738 0.32276641756 0.35107060082 0.363266554453 0.368811352515
0.8785 0.372501917543 0.321598648196 0.349759499661 0.361882545124 0.367390717631
0.879 0.371043710237 0.320429534102 0.348447178028 0.360497441223 0.365969069359
0.8795 0.369584587417 0.319259076067 0.34713363789 0.359111245488 0.364546410858
0.88 0.368124552685 0.318087274881 0.345818881223 0.357723960662 0.363122745292
0.8805 0.366663609641 0.316914131333 0.344502910001 0.356335589489 0.361698075825
0.881 0.365201761892 0.315739646215 0.343185726202 0.354946134717 0.360272405624
0.8815 0.363739013043 0.31456382032 0.341867331806 0.353555599095 0.358845737858
0.882 0.362275366705 0.313386654441 0.340547728795 0.352163985376 0.357418075699
0.8825 0.360810826488 0.312208149372 0.339226919154 0.350771296314 0.355989422322
0.883 0.359345396006 0.31102830591 0.337904904869 0.349377534666 0.354559780903
0.8835 0.357879078875 0.30984712485 0.336581687928 0.347982703192 0.353129154623
0.884 0.356411878713 0.308664606991 0.335257270323 0.346586804655 0.351697546662
0.8845 0.354943799141 0.307480753132 0.333931654047 0.345189841817 0.350264960204
0.885 0.353474843779 0.306295564071 0.332604841095 0.343791817447 0.348831398436
0.8855 0.352005016254 0.30510904061 0.331276833465 0.342392734314 0.347396864547
0.886 0.350534320191 0.303921183551 0.329947633155 0.340992595189 0.345961361728
0.8865 0.34906275922 0.302731993696 0.328617242169 0.339591402848 0.344524893173
0.887 0.347590336971 0.30154147185 0.32728566251 0.338189160066 0.343087462077
0.8875 0.346117057077 0.300349618817 0.325952896184 0.336785869623 0.34164907164
0.888 0.344642923175 0.299156435404 0.3246189452 0.335381534301 0.340209725061
0.8885 0.343167938899 0.297961922417 0.323283811569 0.333976156883 0.338769425544
0.889 0.341692107891 0.296766080665 0.321947497302 0.332569740157 0.337328176295
0.8895 0.340215433792 0.295568910956 0.320610004415 0.33116228691 0.33588598052
0.89 0.338737920245 0.294370414102 0.319271334925 0.329753799935 0.334442841431
0.8905 0.337259570896 0.293170590912 0.317931490852 0.328344282024 0.33299876224
0.891 0.335780389393 0.2919694422 0.316590474217 0.326933735974 0.33155374616
0.8915 0.334300379384 0.290766968778 0.315248287042 0.325522164584 0.330107796411
0.892 0.332819544523 0.289563171462 0.313904931356 0.324109570655 0.32866091621
0.8925 0.331337888463 0.288358051065 0.312560409184 0.322695956989 0.32721310878
0.893 0.329855414859 0.287151608406 0.311214722557 0.321281326392 0.325764377345
0.8935 0.32837212737 0.2859438443 0.309867873508 0.319865681673 0.324314725131
0.894 0.326888029655 0.284734759568 0.308519864071 0.318449025641 0.322864155366
0.8945 0.325403125376 0.283524355027 0.307170696283 0.317031361111 0.321412671281
0.895 0.323917418198 0.2823126315 0.305820372182 0.315612690896 0.319960276111
0.8955 0.322430911786 0.281099589806 0.304468893808 0.314193017814 0.318506973089
0.896 0.320943609807 0.27988523077 0.303116263207 0.312772344686 0.317052765454
0.8965 0.319455515932 0.278669555215 0.301762482421 0.311350674333 0.315597656445
0.897 0.317966633832 0.277452563965 0.3004075535 0.309928009581 0.314141649305
0.8975 0.316476967182 0.276234257846 0.299051478492 0.308504353256 0.312684747279
0.898 0.314986519655 0.275014637686 0.297694259449 0.307079708186 0.311226953612
0.8985 0.313495294931 0.273793704311 0.296335898425 0.305654077206 0.309768271553
0.899 0.312003296688 0.272571458552 0.294976397475 0.304227463147 0.308308704355
0.8995 0.310510528609 0.271347901237 0.293615758658 0.302799868846 0.30684825527
0.9 0.309016994375 0.270123033198 0.292253984035 0.301371297142 0.305386927553
0.9005 0.307522697673 0.268896855267 0.290891075667 0.299941750876 0.303924724463
0.901 0.306027642189 0.267669368277 0.289527035619 0.298511232892 0.302461649258
0.9015 0.304531831612 0.266440573061 0.288161865957 0.297079746034 0.300997705203
0.902 0.303035269633 0.265210470456 0.286795568751 0.295647293151 0.29953289556
0.9025 0.301537959944 0.263979061297 0.285428146072 0.294213877092 0.298067223596
0.903 0.300039906241 0.262746346422 0.284059599992 0.292779500711 0.296600692579
0.9035 0.298541112219 0.261512326668 0.282689932586 0.291344166862 0.295133305781
0.904 0.297041581577 0.260277002876 0.281319145932 0.289907878403 0.293665066475
0.9045 0.295541318014 0.259040375885 0.27994724211 0.288470638191 0.292195977936
0.905 0.294040325232 0.257802446537 0.2785742232 0.28703244909 0.29072604344
0.9055 0.292538606935 0.256563215675 0.277200091287 0.285593313963 0.289255266267
0.906 0.291036166828 0.255322684141 0.275824848457 0.284153235677 0.287783649699
0.9065 0.289533008618 0.25408085278 0.274448496796 0.282712217099 0.28631119702
0.907 0.288029136015 0.252837722438 0.273071038396 0.2812702611 0.284837911515
0.9075 0.286524552728 0.251593293962 0.271692475349 0.279827370554 0.283363796471
0.908 0.28501926247 0.250347568198 0.270312809748 0.278383548336 0.28188885518
0.9085 0.283513268955 0.249100545997 0.26893204369 0.276938797323 0.280413090933
0.909 0.2820065759 0.247852228206 0.267550179274 0.275493120395 0.278936507024
0.9095 0.280499187022 0.246602615678 0.266167218601 0.274046520434 0.277459106749
0.91 0.278991106039 0.245351709264 0.264783163772 0.272599000324 0.275980893408
0.9105 0.277482336674 0.244099509817 0.263398016893 0.271150562951 0.274501870299
0.911 0.275972882649 0.242846018191 0.262011780071 0.269701211205 0.273022040726
0.9115 0.274462747688 0.24159123524 0.260624455415 0.268250947975 0.271541407993
0.912 0.272951935517 0.240335161821 0.259236045036 0.266799776157 0.270059975407
0.9125 0.271440449865 0.23907779879 0.257846551046 0.265347698643 0.268577746276
0.913 0.26992829446 0.237819147006 0.256455975563 0.263894718333 0.267094723912
0.9135 0.268415473035 0.236559207328 0.255064320702 0.262440838125 0.265610911626
0.914 0.26690198932 0.235297980615 0.253671588583 0.260986060923 0.264126312733
0.9145 0.265387847052 0.23403546773 0.252277781329 0.259530389629 0.26264093055
0.915 0.263873049965 0.232771669533 0.250882901062 0.258073827151 0.261154768396
0.9155 0.262357601798 0.23150658689 0.249486949909 0.256616376396 0.259667829592
0.916 0.26084150629 0.230240220662 0.248089929998 0.255158040276 0.25818011746
0.9165 0.259324767181 0.228972571717 0.246691843458 0.253698821703 0.256691635325
0.917 0.257807388214 0.227703640921 0.245292692421 0.252238723593 0.255202386514
0.9175 0.256289373133 0.22643342914 0.243892479022 0.250777748863 0.253712374355
0.918 0.254770725683 0.225161937243 0.242491205397 0.249315900431 0.25222160218
0.9185 0.253251449612 0.2238891661 0.241088873684 0.24785318122 0.25073007332
0.919 0.251731548668 0.222615116582 0.239685486024 0.246389594153 0.249237791111
0.9195 0.250211026602 0.221339789559 0.238281044558 0.244925142157 0.247744758888
0.92 0.248689887165 0.220063185905 0.236875551432 0.243459828159 0.246250979991
0.9205 0.24716813411 0.218785306493 0.235469008793 0.241993655089 0.24475645776
0.921 0.245645771192 0.217506152197 0.234061418788 0.240526625879 0.243261195537
0.9215 0.244122802168 0.216225723895 0.232652783569 0.239058743465 0.241765196666
0.922 0.242599230795 0.214944022461 0.231243105288 0.237590010782 0.240268464494
0.9225 0.241075060833 0.213661048775 0.2298323861 0.23612043077 0.238771002369
0.923 0.239550296042 0.212376803714 0.228420628163 0.234650006368 0.237272813641
0.9235 0.238024940184 0.21109128816 0.227007833635 0.233178740521 0.235773901662
0.924 0.236498997024 0.209804502992 0.225594004677 0.231706636172 0.234274269785
0.9245 0.234972470325 0.208516449093 0.224179143452 0.230233696269 0.232773921366
0.925 0.233445363856 0.207227127346 0.222763252126 0.228759923762 0.231272859763
0.9255 0.231917681383 0.205936538635 0.221346332866 0.227285321601 0.229771088335
0.926 0.230389426677 0.204644683844 0.219928387842 0.225809892741 0.228268610444
0.9265 0.228860603507 0.203351563861 0.218509419223 0.224333640135 0.226765429453
0.927 0.227331215647 0.202057179572 0.217089429185 0.222856566743 0.225261548726
0.9275 0.225801266869 0.200761531866 0.215668419902 0.221378675524 0.223756971631
0.928 0.224270760949 0.199464621631 0.214246393552 0.219899969439 0.222251701536
0.9285 0.222739701664 0.198166449758 0.212823352314 0.218420451452 0.220745741813
0.929 0.22120809279 0.196867017139 0.21139929837 0.216940124529 0.219239095832
0.9295 0.219675938108 0.195566324666 0.209974233904 0.215458991638 0.217731766969
0.93 0.218143241397 0.194264373231 0.208548161101 0.21397705575 0.216223758599
0.9305 0.216610006439 0.192961163731 0.207121082148 0.212494319835 0.214715074101
0.931 0.215076237017 0.191656697059 0.205692999237 0.211010786868 0.213205716853
0.9315 0.213541936916 0.190350974114 0.204263914558 0.209526459826 0.211695690237
0.932 0.212007109922 0.189043995791 0.202833830306 0.208041341686 0.210184997637
0.9325 0.210471759821 0.187735762991 0.201402748675 0.206555435428 0.208673642437
0.933 0.208935890402 0.186426276612 0.199970671865 0.205068744035 0.207161628024
0.9335 0.207399505455 0.185115537555 0.198537602074 0.203581270491 0.205648957786
0.934 0.20586260877 0.183803546723 0.197103541505 0.202093017782 0.204135635114
0.9345 0.204325204139 0.182490305017 0.195668492362 0.200603988897 0.2026216634
0.935 0.202787295357 0.181175813342 0.194232456851 0.199114186825 0.201107046037
0.9355 0.201248886216 0.179860072602 0.19279543718 0.197623614559 0.199591786421
0.936 0.199709980514 0.178543083704 0.191357435558 0.196132275094 0.198075887948
0.9365 0.198170582048 0.177224847555 0.189918454198 0.194640171425 0.196559354019
0.937 0.196630694615 0.175905365061 0.188478495314 0.193147306551 0.195042188034
0.9375 0.195090322016 0.174584637134 0.187037561122 0.191653683471 0.193524393394
0.938 0.193549468051 0.173262664681 0.18559565384 0.190159305189 0.192005973504
0.9385 0.192008136522 0.171939448616 0.184152775688 0.188664174709 0.19048693177
0.939 0.190466331231 0.170614989849 0.182708928887 0.187168295035 0.188967271599
0.9395 0.188924055984 0.169289289294 0.181264115664 0.185671669178 0.187446996401
0.94 0.187381314586 0.167962347865 0.179818338242 0.184174300146 0.185926109585
0.9405 0.185838110843 0.166634166478 0.178371598851 0.182676190952 0.184404614564
0.941 0.184294448562 0.165304746049 0.176923899721 0.18117734461 0.182882514754
0.9415 0.182750331554 0.163974087494 0.175475243083 0.179677764136 0.181359813568
0.942 0.181205763627 0.162642191734 0.174025631172 0.178177452547 0.179836514426
0.9425 0.179660748593 0.161309059686 0.172575066223 0.176676412864 0.178312620745
0.943 0.178115290264 0.159974692272 0.171123550476 0.175174648108 0.176788135946
0.9435 0.176569392453 0.158639090413 0.16967108617 0.173672161302 0.175263063452
0.944 0.175023058975 0.157302255031 0.168217675547 0.172168955474 0.173737406687
0.9445 0.173476293645 0.155964187051 0.166763320851 0.170665033649 0.172211169077
0.945 0.171929100279 0.154624887396 0.165308024328 0.169160398858 0.170684354047
0.9455 0.170381482696 0.153284356993 0.163851788226 0.167655054132 0.169156965028
0.946 0.168833444713 0.151942596768 0.162394614796 0.166149002503 0.167629005449
0.9465 0.16728499015 0.150599607649 0.160936506289 0.164642247008 0.166100478743
0.947 0.165736122828 0.149255390565 0.15947746496 0.163134790684 0.164571388343
0.9475 0.164186846569 0.147909946446 0.158017493063 0.161626636568 0.163041737684
0.948 0.162637165195 0.146563276222 0.156556592858 0.160117787703 0.161511530202
0.9485 0.16108708253 0.145215380826 0.155094766604 0.15860824713 0.159980769336
0.949 0.159536602398 0.14386626119 0.153632016563 0.157098017895 0.158449458526
0.9495 0.157985728626 0.142515918248 0.152168344998 0.155587103043 0.156917601213
0.95 0.15643446504 0.141164352936 0.150703754177 0.154075505624 0.15538520084
0.9505 0.154882815468 0.13981156619 0.149238246366 0.152563228687 0.15385226085
0.951 0.153330783737 0.138457558946 0.147771823835 0.151050275284 0.152318784691
0.9515 0.151778373678 0.137102332143 0.146304488855 0.14953664847 0.150784775809
0.952 0.150225589121 0.13574588672 0.144836243702 0.148022351299 0.149250237654
0.9525 0.148672433897 0.134388223618 0.14336709065 0.14650738683 0.147715173675
0.953 0.147118911839 0.133029343777 0.141897031976 0.144991758122 0.146179587325
0.9535 0.145565026779 0.131669248141 0.140426069961 0.143475468237 0.144643482057
0.954 0.144010782552 0.130307937651 0.138954206886 0.141958520236 0.143106861326
0.9545 0.142456182993 0.128945413254 0.137481445035 0.140440917186 0.141569728589
0.955 0.140901231938 0.127581675893 0.136007786692 0.138922662153 0.140032087302
0.9555 0.139345933222 0.126216726517 0.134533234145 0.137403758205 0.138493940926
0.956 0.137790290685 0.124850566071 0.133057789684 0.135884208413 0.136955292921
0.9565 0.136234308163 0.123483195506 0.131581455599 0.134364015849 0.13541614675
0.957 0.134677989497 0.12211461577 0.130104234185 0.132843183587 0.133876505876
0.9575 0.133121338527 0.120744827814 0.128626127735 0.131321714703 0.132336373763
0.958 0.131564359092 0.11937383259 0.127147138548 0.129799612274 0.13079575388
0.9585 0.130007055036 0.11800163105 0.125667268922 0.128276879379 0.129254649692
0.959 0.1284494302 0.116628224149 0.124186521157 0.1267535191 0.127713064671
0.9595 0.126891488428 0.115253612841 0.122704897558 0.125229534519 0.126171002286
0.96 0.125333233564 0.113877798083 0.121222400429 0.123704928722 0.12462846601
0.9605 0.123774669453 0.11250078083 0.119739032076 0.122179704794 0.123085459316
0.961 0.12221579994 0.111122562041 0.118254794809 0.120653865824 0.121541985679
0.9615 0.120656628871 0.109743142674 0.116769690937 0.119127414901 0.119998048575
0.962 0.119097160095 0.108362523691 0.115283722774 0.117600355118 0.118453651482
0.9625 0.117537397458 0.106980706052 0.113796892634 0.116072689567 0.11690879788
0.963 0.115977344809 0.105597690719 0.112309202833 0.114544421344 0.115363491248
0.9635 0.114417005998 0.104213478655 0.110820655689 0.113015553546 0.113817735068
0.964 0.112856384873 0.102828070825 0.109331253523 0.111486089272 0.112271532823
0.9645 0.111295485288 0.101441468193 0.107840998657 0.109956031621 0.110724887997
0.965 0.109734311091 0.100053671726 0.106349893415 0.108425383696 0.109177804077
0.9655 0.108172866136 0.0986646823912 0.104857940123 0.106894148601 0.10763028455
0.966 0.106611154275 0.0972745011572 0.103365141108 0.10536232944 0.106082332903
0.9665 0.105049179362 0.0958831289931 0.101871498701 0.103829929322 0.104533952626
0.967 0.10348694525 0.0944905668694 0.100377015233 0.102296951356 0.102985147211
0.9675 0.101924455795 0.0930968157577 0.0988816930377 0.100763398651 0.101435920149
0.968 0.100361714851 0.0917018766303 0.0973855344507 0.0992292743206 0.0998862749345
0.9685 0.0987987262748 0.090305750461 0.0958885418093 0.0976945814782 0.098336215062
0.969 0.0972354939224 0.0889084382242 0.0943907174528 0.0961593232396 0.0967857440274
0.9695 0.0956720216511 0.0875099408955 0.0928920637224 0.0946235027222 0.0952348653284
0.97 0.0941083133185 0.0861102594518 0.0913925829611 0.0930871230451 0.0936835824633
0.9705 0.0925443727831 0.0847093948706 0.0898922775139 0.0915501873288 0.0921318989322
0.971 0.0909802039036 0.0833073481308 0.0883911497277 0.0900126986958 0.0905798182361
0.9715 0.0894158105395 0.0819041202122 0.0868892019512 0.08847466027 0.0890273438774
0.972 0.0878511965507 0.0804997120956 0.0853864365351 0.0869360751772 0.0874744793597
0.9725 0.0862863657979 0.0790941247628 0.0838828558318 0.0853969465446 0.0859212281877
0.973 0.0847213221421 0.0776873591968 0.0823784621958 0.0838572775013 0.0843675938676
0.9735 0.0831560694448 0.0762794163816 0.0808732579834 0.0823170711777 0.0828135799064
0.974 0.0815906115682 0.0748702973021 0.0793672455527 0.0807763307061 0.0812591898127
0.9745 0.0800249523748 0.0734600029445 0.0778604272637 0.0792350592204 0.0797044270961
0.975 0.0784590957278 0.0720485342957 0.0763528054784 0.077693259856 0.0781492952674
0.9755 0.0768930454909 0.070635892344 0.0748443825606 0.0761509357501 0.0765937978386
0.976 0.0753268055279 0.0692220780784 0.0733351608759 0.0746080900414 0.0750379383228
0.9765 0.0737603797036 0.0678070924893 0.0718251427919 0.0730647258701 0.0734817202344
0.977 0.0721937718829 0.0663909365677 0.070314330678 0.0715208463782 0.0719251470888
0.9775 0.0706269859312 0.0649736113061 0.0688027269054 0.0699764547092 0.0703682224028
0.978 0.0690600257144 0.0635551176978 0.0672903338473 0.0684315540082 0.068810949694
0.9785 0.0674928950989 0.062135456737 0.0657771538787 0.066886147422 0.0672533324815
0.979 0.0659255979514 0.0607146294193 0.0642631893764 0.0653402380988 0.0656953742852
0.9795 0.064358138139 0.0592926367411 0.0627484427191 0.0637938291884 0.0641370786264
0.98 0.0627905195293 0.0578694796999 0.0612329162875 0.0622469238424 0.0625784490273
0.9805 0.0612227459903 0.0564451592941 0.0597166124639 0.0606995252137 0.0610194890113
0.981 0.0596548213902 0.0550196765235 0.0581995336325 0.0591516364569 0.0594602021031
0.9815 0.0580867495977 0.0535930323885 0.0566816821797 0.0576032607281 0.057900591828
0.982 0.056518534482 0.0521652278909 0.0551630604933 0.0560544011849 0.0563406617129
0.9825 0.0549501799124 0.0507362640333 0.0536436709631 0.0545050609868 0.0547804152855
0.983 0.0533816897588 0.0493061418195 0.0521235159808 0.0529552432943 0.0532198560747
0.9835 0.0518130678911 0.0478748622542 0.05060259794 0.0514049512698 0.0516589876103
0.984 0.0502443181798 0.0464424263433 0.0490809192359 0.0498541880772 0.0500978134233
0.9845 0.0486754444956 0.0450088350937 0.0475584822658 0.0483029568818 0.0485363370458
0.985 0.0471064507096 0.0435740895132 0.0460352894288 0.0467512608506 0.0469745620108
0.9855 0.0455373406932 0.0421381906107 0.0445113431256 0.0451991031519 0.0454124918524
0.986 0.0439681183179 0.0407011393963 0.042986645759 0.0436464869557 0.0438501301058
0.9865 0.0423987874556 0.0392629368809 0.0414611997335 0.0420934154334 0.042287480307
0.987 0.0408293519785 0.0378235840767 0.0399350074555 0.040539891758 0.0407245459934
0.9875 0.0392598157591 0.0363830819967 0.0384080713332 0.0389859191039 0.039161330703
0.988 0.0376901826699 0.034941431655 0.0368803937765 0.037431500647 0.037597837975
0.9885 0.036120456584 0.033498634067 0.0353519771973 0.0358766395648 0.0360340713496
0.989 0.0345506413745 0.0320546902486 0.0338228240093 0.0343213390361 0.0344700343681
0.9895 0.0329807409146 0.0306096012174 0.0322929366279 0.0327656022415 0.0329057305725
0.99 0.0314107590781 0.0291633679914 0.0307623174705 0.0312094323626 0.0313411635059
0.9905 0.0298406997387 0.0277159915902 0.0292309689562 0.0296528325829 0.0297763367125
0.991 0.0282705667703 0.026267473034 0.0276988935058 0.0280958060871 0.0282112537373
0.9915 0.0267003640471 0.0248178133444 0.0261660935422 0.0265383560615 0.0266459181263
0.992 0.0251300954433 0.0233670135437 0.0246325714898 0.0249804856937 0.0250803334264
0.9925 0.0235597648336 0.0219150746555 0.023098329775 0.023422198173 0.0235145031856
0.993 0.0219893760925 0.0204619977043 0.0215633708261 0.02186349669 0.0219484309526
0.9935 0.0204189330948 0.0190077837157 0.0200276970729 0.0203043844365 0.0203821202771
0.994 0.0188484397154 0.0175524337164 0.0184913109472 0.0187448646062 0.0188155747099
0.9945 0.0172778998294 0.016095948734 0.0169542148826 0.0171849403939 0.0172487978024
0.995 0.0157073173118 0.0146383297973 0.0154164113144 0.0156246149959 0.0156817931072
0.9955 0.014136696038 0.0131795779359 0.0138779026799 0.01406389161 0.0141145641776
0.996 0.0125660398834 0.0117196941807 0.0123386914179 0.0125027734353 0.0125471145678
0.9965 0.0109953527232 0.0102586795635 0.0107987799693 0.0109412636723 0.010979447833
0.997 0.00942463843314 0.00879653511717 0.00925817077651 0.00937936552304 0.0094115675291
0.9975 0.00785390088871 0.00733326187566 0.00771686628391 0.00781708219082 0.00784347721306
0.998 0.00628314396556 0.00586886087391 0.00617486893761 0.0062544168804 0.00627518044256
0.9985 0.00471237153937 0.00440333314791 0.0046321811855 0.0046913727979 0.00470668077617
0.999 0.00314158748588 0.0029366797347 0.00308880547726 0.00312795315085 0.0031379817733
0.9995 0.00157079568083 0.00146890167236 0.00154474426435 0.00156416114813 0.00156908699422
1 1.22464679915e-16 1.22464679915e-16 1.22464679915e-16 1.22464679915e-16 1.22464679915e-16
