x u f affine linear3 linear5 linear9 fd9 poly9 sigmoid10 trained trained_slope slope residual quad2 quart4
0 0 0 0.669251891794 0 0 0 0 8.23369356029e-08 0.0071131831247 0.0841157387816 2.17349169014 3.14159265359 -6.90687983136 -0.0503142471039 0.0013036331659
0.0005 0.00157079568083 0.0155031319647 0.66924228243 0.001 0.00141421356237 0.00153073372946 0.00155055787429 0.00157087198297 0.00861373104867 0.0852033473715 2.17694143696 3.14158877781 -6.90759261228 -0.0482543998904 0.00284730157668
0.001 0.00314158748588 0.031006225677 0.669232673067 0.002 0.00282842712475 0.00306146745892 0.00310111574858 0.00314165792901 0.0101147084678 0.0862926789815 2.18038376166 3.14157715046 -6.90819759518 -0.0461966135545 0.0043912330764
0.0015 0.00471237153937 0.0465092428846 0.669223063703 0.003 0.00424264068712 0.00459220118838 0.00465167362287 0.00471243629614 0.0116161112253 0.0873837298871 2.18381861036 3.14155777159 -6.90869470095 -0.0441408880964 0.00593542223705
0.002 0.00628314396556 0.0620121453352 0.66921345434 0.004 0.00565685424949 0.00612293491784 0.00620223149716 0.0062832032055 0.0131179351558 0.0884764963369 2.18724592914 3.14153064124 -6.90908385334 -0.0420872235159 0.00747986363605
0.0025 0.00785390088871 0.0775148947769 0.669203844976 0.005 0.00707106781187 0.0076536686473 0.00775278937145 0.00785395477829 0.0146201760856 0.0895709745523 2.19066566409 3.14149575947 -6.90936497897 -0.040035619813 0.00902455185625
0.003 0.00942463843314 0.0930174529584 0.669194235612 0.006 0.00848528137424 0.00918440237676 0.00930334724574 0.00942468713581 0.0161228298321 0.090667160728 2.19407776124 3.14145312638 -6.9095380073 -0.0379860769878 0.0105694814859
0.0035 0.0109953527232 0.108519781629 0.669184626249 0.007 0.00989949493661 0.0107151361062 0.01085390512 0.0109953963994 0.0176258922044 0.0917650510316 2.19748216665 3.14140274206 -6.90960287068 -0.0359385950402 0.0121146471189
0.004 0.0125660398834 0.124021842537 0.669175016885 0.008 0.011313708499 0.0122458698357 0.0124044629943 0.0125660786906 0.0191293590031 0.0928646416037 2.20087882634 3.14134460664 -6.90955950436 -0.0338931739703 0.0136600433542
0.0045 0.014136696038 0.139523597434 0.669165407521 0.009 0.0127279220614 0.0137766035651 0.0139550208686 0.0141367301309 0.0206332260202 0.093965928558 2.20426768632 3.14127872027 -6.90940784649 -0.031849813778 0.0152056647964
0.005 0.0157073173118 0.15502500807 0.669155798158 0.01 0.0141421356237 0.0153073372946 0.0155055787429 0.015707346842 0.0221374890395 0.0950689079811 2.20764869259 3.1412050831 -6.90914783813 -0.0298085144634 0.0167515060557
0.0055 0.0172778998294 0.170526036197 0.669146188794 0.011 0.0155563491861 0.0168380710241 0.0170561366172 0.0172779249457 0.023642143836 0.0961735759326 2.21102179114 3.14112369532 -6.90877942327 -0.0277692760265 0.0182975617475
0.006 0.0188484397154 0.186026643569 0.669136579431 0.012 0.0169705627485 0.0183688047535 0.0186066944915 0.018848460564 0.0251471861765 0.0972799284452 2.21438692797 3.14103455713 -6.90830254884 -0.0257320984672 0.0198438264927
0.0065 0.0204189330948 0.201526791938 0.669126970067 0.013 0.0183847763109 0.019899538483 0.0201572523658 0.0204189498189 0.0266526118196 0.0983879615246 2.21774404904 3.14093766876 -6.90771716472 -0.0236969817855 0.0213902949177
0.007 0.0219893760925 0.21702644306 0.669117360703 0.014 0.0197989898732 0.0214302722124 0.02170781024 0.0219893888326 0.0281584165151 0.0994976711493 2.22109310033 3.14083303043 -6.90702322377 -0.0216639259815 0.0229369616542
0.0075 0.0235597648336 0.23252555869 0.66910775134 0.015 0.0212132034356 0.0229610059419 0.0232583681143 0.0235597737277 0.0296645960049 0.100609053271 2.22443402781 3.1407206424 -6.90622068179 -0.0196329310552 0.0244838213394
0.008 0.0251300954433 0.248024100587 0.669098141976 0.016 0.022627416998 0.0244917396714 0.0248089259886 0.0251301006265 0.0311711460222 0.101722103814 2.22776677744 3.14060050496 -6.90530949761 -0.0176039970065 0.026030868616
0.0085 0.0267003640471 0.263522030509 0.669088532612 0.017 0.0240416305603 0.0260224734008 0.0263594838629 0.0267003656519 0.0326780622922 0.102836818676 2.23109129519 3.1404726184 -6.90428963302 -0.0155771238354 0.0275780981322
0.009 0.0282705667703 0.279019310217 0.669078923249 0.018 0.0254558441227 0.0275532071303 0.0279100417372 0.0282705649267 0.0341853405317 0.103953193728 2.23440752703 3.14033698304 -6.90316105284 -0.013552311542 0.0291255045413
0.0095 0.0298406997387 0.294515901472 0.669069313885 0.019 0.0268700576851 0.0290839408597 0.0294605996115 0.0298406945741 0.0356929764493 0.105071224813 2.23771541893 3.14019359921 -6.90192372491 -0.0115295601263 0.0306730825024
0.01 0.0314107590781 0.310011766039 0.669059704522 0.02 0.0282842712475 0.0306146745892 0.0310111574858 0.0314107507175 0.0372009657452 0.106190907748 2.24101491685 3.14004246726 -6.90057762008 -0.00950886958821 0.0322208266799
0.0105 0.0329807409147 0.325506865682 0.669050095158 0.021 0.0296984848098 0.0321454083187 0.0325617153601 0.0329807294803 0.0387093041117 0.107312238322 2.24430596678 3.13988358757 -6.89912271227 -0.00749023992778 0.0337687317436
0.011 0.0345506413745 0.34100116217 0.669040485794 0.022 0.0311126983722 0.0336761420481 0.0341122732344 0.0345506269863 0.0402179872327 0.108435212298 2.24758851469 3.13971696053 -6.89755897844 -0.005473671145 0.0353167923688
0.0115 0.036120456584 0.356494617271 0.669030876431 0.023 0.0325269119346 0.0352068757776 0.0356628311087 0.0361204393595 0.041727010784 0.109559825411 2.25086250659 3.13954258655 -6.89588639861 -0.00345916323987 0.0368650032361
0.012 0.0376901826699 0.371987192757 0.669021267067 0.024 0.033941125497 0.036737609507 0.0372133889829 0.0376901627242 0.0432363704334 0.11068607337 2.25412788848 3.13936046606 -6.89410495588 -0.00144671621239 0.0384133590318
0.0125 0.0392598157591 0.387478850402 0.669011657703 0.025 0.0353553390593 0.0382683432365 0.0387639468572 0.0392597932048 0.0447460618404 0.111813951855 2.25738460636 3.13917059951 -6.89221463642 0.000563669937433 0.0399618544474
0.013 0.0408293519785 0.402969551981 0.66900204834 0.026 0.0367695526217 0.039799076966 0.0403145047315 0.0408293269262 0.0462560806566 0.112943456523 2.26063260627 3.13897298737 -6.89021542953 0.0025719952096 0.04151048418
0.0135 0.0423987874556 0.418459259272 0.668992438976 0.027 0.0381837661841 0.0413298106954 0.0418650626058 0.0423987600133 0.0477664225254 0.114074583 2.26387183425 3.13876763012 -6.88810732757 0.00457825960412 0.0430592429319
0.014 0.0439681183179 0.433947934058 0.668982829613 0.028 0.0395979797464 0.0428605444249 0.0434156204801 0.0439680885914 0.0492770830824 0.115207326886 2.26710223636 3.13855452828 -6.88589032605 0.00658246312099 0.044608125411
0.0145 0.0455373406932 0.449435538119 0.668973220249 0.029 0.0410121933088 0.0443912781544 0.0449661783544 0.0455373087861 0.050788057955 0.116341683756 2.27032375867 3.13833368237 -6.88356442358 0.00858460576021 0.0461571263308
0.015 0.0471064507096 0.464922033244 0.668963610885 0.03 0.0424264068712 0.0459220118838 0.0465167362287 0.0471064167234 0.0522993427626 0.117477649156 2.27353634728 3.13810509293 -6.88112962192 0.0105846875218 0.0477062404099
0.0155 0.0486754444956 0.480407381219 0.668954001522 0.031 0.0438406204336 0.0474527456133 0.048067294103 0.0486754085294 0.0538109331168 0.118615218606 2.27673994831 3.13786876052 -6.87858592598 0.0125827084057 0.0492554623726
0.016 0.0502443181798 0.495891543837 0.668944392158 0.032 0.0452548339959 0.0489834793427 0.0496178519773 0.0502442803306 0.0553228246213 0.119754387597 2.27993450788 3.13762468574 -6.8759333438 0.0145786684119 0.0508047869484
0.0165 0.0518130678911 0.511374482892 0.668934782794 0.033 0.0466690475583 0.0505142130722 0.0511684098515 0.0518130282539 0.0568350128718 0.120895151598 2.28311997216 3.13737286918 -6.8731718866 0.0165725675405 0.0523542088724
0.017 0.0533816897588 0.526856160181 0.668925173431 0.034 0.0480832611207 0.0520449468017 0.0527189677258 0.0533816484265 0.0583474934562 0.122037506045 2.28629628735 3.13711331147 -6.87030156878 0.0185644057915 0.0539037228853
0.0175 0.0549501799124 0.542336537505 0.668915564067 0.035 0.0494974746831 0.0535756805311 0.0542695256001 0.0549501369758 0.0598602619545 0.123181446351 2.28946339965 3.13684601324 -6.86732240789 0.0205541831648 0.0554533237328
0.018 0.056518534482 0.557815576667 0.668905954704 0.036 0.0509116882454 0.0551064142606 0.0558200834744 0.0565184900298 0.061373313939 0.124326967902 2.29262125531 3.13657097516 -6.86423442471 0.0225418996604 0.0570030061663
0.0185 0.0580867495977 0.573293239475 0.66889634534 0.037 0.0523259018078 0.05663714799 0.0573706413487 0.0580867037167 0.0628866449741 0.125474066055 2.29576980059 3.13628819789 -6.8610376432 0.0245275552784 0.0585527649428
0.019 0.0596548213902 0.588769487739 0.668886735976 0.038 0.0537401153702 0.0581678817195 0.058921199223 0.0596547741652 0.0644002506166 0.126622736142 2.29890898182 3.13599768215 -6.85773209052 0.0265111500188 0.0601025948244
0.0195 0.0612227459903 0.604244283272 0.668877126613 0.039 0.0551543289326 0.059698615449 0.0604717570973 0.0612226975041 0.0659141264154 0.127772973467 2.30203874531 3.13569942865 -6.85431779705 0.0284926838815 0.0616524905788
0.02 0.0627905195293 0.619717587893 0.668867517249 0.04 0.0565685424949 0.0612293491784 0.0620223149716 0.0627904698629 0.0674282679118 0.128924773308 2.30515903746 3.13539343812 -6.85079479642 0.0304721568665 0.0632024469791
0.0205 0.064358138139 0.635189363423 0.668857907885 0.041 0.0579827560573 0.0627600829079 0.0635728728459 0.0643580873714 0.0689426706395 0.130078130917 2.30826980467 3.13507971131 -6.84716312546 0.0324495689739 0.0647524588039
0.021 0.0659255979514 0.650659571685 0.668848298522 0.042 0.0593969696197 0.0642908166373 0.0651234307201 0.0659255461597 0.0704573301244 0.131233041517 2.31137099338 3.13475824901 -6.84342282426 0.0344249202036 0.0663025208372
0.0215 0.0674928950989 0.66612817451 0.668838689158 0.043 0.060811183182 0.0658215503668 0.0666739885944 0.0674928423585 0.0719722418849 0.132389500305 2.31446255009 3.13442905201 -6.83957393616 0.0363982105557 0.0678526278684
0.022 0.0690600257144 0.68159513373 0.668829079795 0.044 0.0622253967444 0.0673522840963 0.0682245464687 0.0690599720989 0.0734874014318 0.133547502452 2.31754442132 3.13409212111 -6.83561650775 0.0383694400301 0.0694027746924
0.0225 0.0706269859312 0.697060411182 0.668819470431 0.045 0.0636396103068 0.0688830178257 0.069775104343 0.0706269315122 0.0750028042684 0.134707043103 2.32061655366 3.13374745716 -6.83155058888 0.0403386086269 0.0709529561095
0.023 0.0721937718829 0.712523968706 0.668809861067 0.046 0.0650538238692 0.0704137515552 0.0713256622173 0.0721937167305 0.0765184458904 0.135868117374 2.32367889372 3.13339506099 -6.82737623269 0.0423057163461 0.0725031669255
0.0235 0.0737603797036 0.727985768149 0.668800251704 0.047 0.0664680374315 0.0719444852846 0.0728762200916 0.0737603238861 0.078034321786 0.137030720356 2.32673138815 3.13303493348 -6.82309349559 0.0442707631875 0.0740534019514
0.024 0.0753268055279 0.743445771358 0.66879064234 0.048 0.0678822509939 0.0734752190141 0.0744267779659 0.0753267491118 0.079550427436 0.138194847112 2.32977398369 3.13266707552 -6.81870243727 0.0462337491513 0.0756036560039
0.0245 0.0768930454909 0.75890394019 0.668781032976 0.049 0.0692964645563 0.0750059527436 0.0759773358402 0.076892988541 0.0810667583138 0.139360492681 2.33280662708 3.13229148802 -6.81420312074 0.0481946742375 0.0771539239051
0.025 0.0784590957278 0.774360236501 0.668771423613 0.05 0.0707106781187 0.076536686473 0.0775278937145 0.0784590383075 0.0825833098854 0.140527652072 2.33582926515 3.13190817189 -6.80959561228 0.050153538446 0.0787042004824
0.0255 0.0800249523748 0.789814622155 0.668761814249 0.051 0.072124891681 0.0780674202025 0.0790784515888 0.0800248945455 0.0841000776092 0.14169632027 2.33884184476 3.1315171281 -6.8048799815 0.0521103417769 0.0802544805688
0.026 0.0815906115682 0.805267059021 0.668752204886 0.052 0.0735391052434 0.0795981539319 0.080629009463 0.08159055339 0.0856170569366 0.142866492231 2.34184431283 3.13111835759 -6.80005630132 0.0540650842301 0.0818047590026
0.0265 0.0831560694448 0.82071750897 0.668742595522 0.053 0.0749533188058 0.0811288876614 0.0821795673373 0.0831560109761 0.0871342433115 0.144038162888 2.34483661633 3.13071186137 -6.79512464798 0.0560177658057 0.0833550306276
0.027 0.0847213221421 0.83616593388 0.668732986158 0.054 0.0763675323681 0.0826596213909 0.0837301252116 0.0847212634397 0.0886516321706 0.145211327145 2.34781870232 3.13029764042 -6.79008510105 0.0579683865036 0.084905290293
0.0275 0.0862863657979 0.851612295633 0.668723376795 0.055 0.0777817459305 0.0841903551203 0.0852806830859 0.0862863069172 0.0901692189434 0.146385979879 2.35079051788 3.12987569578 -6.78493774342 0.0599169463238 0.0864555328536
0.028 0.0878511965507 0.867056556118 0.668713767431 0.056 0.0791959594929 0.0857210888498 0.0868312409602 0.0878511375455 0.0916869990519 0.147562115942 2.35375201016 3.12944602848 -6.77968266134 0.0618634452664 0.0880057531693
0.0285 0.0894158105395 0.882498677227 0.668704158067 0.057 0.0806101730553 0.0872518225792 0.0883817988345 0.089415751462 0.0932049679113 0.14873973016 2.3567031264 3.12900863958 -6.77431994441 0.0638078833314 0.0895559461058
0.029 0.0909802039036 0.897938620859 0.668694548704 0.058 0.0820243866176 0.0887825563087 0.0899323567088 0.0909801448047 0.0947231209295 0.14991881733 2.35964381387 3.12856353016 -6.76884968555 0.0657502605187 0.091106106534
0.0295 0.0925443727831 0.913376348916 0.66868493934 0.059 0.08343860018 0.0903132900382 0.0914829145831 0.0925443137123 0.0962414535072 0.151099372227 2.36257401993 3.12811070133 -6.76327198107 0.0676905768283 0.0926562293303
0.03 0.0941083133185 0.928811823308 0.668675329977 0.06 0.0848528137424 0.0918440237676 0.0930334724574 0.0941082543238 0.0977599610382 0.152281389595 2.36549369199 3.12765015419 -6.75758693064 0.0696288322603 0.0942063093766
0.0305 0.0956720216511 0.944245005948 0.668665720613 0.061 0.0862670273048 0.0933747574971 0.0945840303316 0.095671962779 0.0992786389091 0.153464864154 2.36840277754 3.12718188989 -6.75179463726 0.0715650268147 0.0957563415601
0.031 0.0972354939224 0.959675858759 0.668656111249 0.062 0.0876812408671 0.0949054912265 0.0961345882059 0.0972354352183 0.1007974825 0.154649790599 2.37130122415 3.12670590957 -6.74589520736 0.0734991604913 0.0973063207735
0.0315 0.0987987262748 0.975104343664 0.668646501886 0.063 0.0890954544295 0.096436224956 0.0976851460802 0.0987986677825 0.102316487182 0.155836163596 2.37418897945 3.12622221442 -6.73988875071 0.0754312332904 0.0988562419151
0.032 0.100361714851 0.990530422596 0.668636892522 0.064 0.0905096679919 0.0979669586855 0.0992357039545 0.100361656613 0.103835648323 0.157023977788 2.37706599114 3.12573080563 -6.73377538047 0.0773612452118 0.100406099888
0.0325 0.101924455795 1.00595405749 0.668627283158 0.065 0.0919238815543 0.0994976924149 0.100786261829 0.101924397853 0.10535496128 0.158213227788 2.37993220701 3.12523168441 -6.72755521319 0.0792891962555 0.101955889602
0.033 0.10348694525 1.0213752103 0.668617673795 0.066 0.0933380951166 0.101028426144 0.102336819703 0.103486887644 0.106874421406 0.159403908187 2.38278757493 3.12472485199 -6.72122836881 0.0812150864216 0.103505605972
0.0335 0.105049179362 1.03679384296 0.668608064431 0.067 0.094752308679 0.102559159874 0.103887377577 0.105049122129 0.108394024046 0.160596013547 2.38563204283 3.12421030962 -6.71479497067 0.08313891571 0.105055243916
0.034 0.106611154275 1.05220991744 0.668598455068 0.068 0.0961665222414 0.104089893603 0.105437935452 0.106611097454 0.109913764537 0.161789538404 2.38846555875 3.12368805857 -6.70825514552 0.0850606841208 0.106604798361
0.0345 0.108172866136 1.06762339569 0.668588845704 0.069 0.0975807358037 0.105620627333 0.106988493326 0.108172809763 0.111433638212 0.162984477271 2.39128807078 3.12315810013 -6.70160902348 0.0869803916539 0.108154264237
0.035 0.109734311091 1.08303423969 0.66857923634 0.07 0.0989949493661 0.107151361062 0.1085390512 0.109734255201 0.112953640396 0.164180824633 2.39409952712 3.12262043561 -6.69485673811 0.0888980383094 0.10970363648
0.0355 0.111295485288 1.09844241142 0.668569626977 0.071 0.100409162928 0.108682094792 0.110089609075 0.111295429914 0.114473766405 0.165378574947 2.39689987605 3.12207506634 -6.68799842637 0.0908136240872 0.111252910032
0.036 0.112856384873 1.11384787284 0.668560017613 0.072 0.101823376491 0.110212828521 0.111640166949 0.11285633005 0.115994011552 0.166577722649 2.39968906594 3.12152199365 -6.68103422863 0.0927271489874 0.112802079841
0.0365 0.114417005998 1.12925058595 0.668550408249 0.073 0.103237590053 0.111743562251 0.113190724823 0.114416951755 0.117514371142 0.167778262145 2.40246704524 3.12096121892 -6.67396428869 0.0946386130099 0.114351140858
0.037 0.115977344809 1.14465051275 0.668540798886 0.074 0.104651803616 0.11327429598 0.114741282697 0.115977291177 0.119034840472 0.168980187817 2.40523376251 3.12039274353 -6.66678875376 0.0965480161547 0.115900088042
0.0375 0.117537397458 1.16004761524 0.668531189522 0.075 0.106066017178 0.11480502971 0.116291840572 0.117537344467 0.120555414834 0.170183494022 2.40798916638 3.11981656888 -6.65950777448 0.0984553584219 0.117448916355
0.038 0.119097160095 1.17544185543 0.668521580159 0.076 0.10748023074 0.116335763439 0.117842398446 0.119097107773 0.122076089514 0.171388175089 2.41073320559 3.11923269639 -6.6521215049 0.100360639811 0.118997620768
0.0385 0.120656628871 1.19083319533 0.668511970795 0.077 0.108894444303 0.117866497168 0.11939295632 0.120656577246 0.123596859789 0.172594225325 2.41346582899 3.11864112751 -6.64463010253 0.102263860323 0.120546196253
0.039 0.12221579994 1.20622159697 0.668502361431 0.078 0.110308657865 0.119397230898 0.120943514195 0.122215749036 0.125117720932 0.173801639007 2.41618698549 3.11804186369 -6.63703372828 0.104165019958 0.122094637792
0.0395 0.123774669453 1.22160702238 0.668492752068 0.079 0.111722871427 0.120927964627 0.122494072069 0.123774619296 0.126638668208 0.17501041039 2.41889662415 3.11743490641 -6.62933254652 0.106064118714 0.123642940368
0.04 0.125333233564 1.23698943359 0.668483142704 0.08 0.11313708499 0.122458698357 0.124044629943 0.125333184179 0.128159696878 0.176220533703 2.42159469408 3.11682025717 -6.62152672502 0.107961156593 0.125191098973
0.0405 0.126891488428 1.25236879265 0.66847353334 0.081 0.114551298552 0.123989432086 0.125595187817 0.126891439837 0.129680802193 0.177432003148 2.42428114454 3.11619791748 -6.61361643503 0.109856133594 0.126739108602
0.041 0.1284494302 1.26774506162 0.668463923977 0.082 0.115965512115 0.125520165816 0.127145745692 0.128449382426 0.1312019794 0.178644812903 2.42695592486 3.11556788889 -6.6056018512 0.111749049718 0.128286964257
0.0415 0.130007055036 1.28311820256 0.668454314613 0.083 0.117379725677 0.127050899545 0.128696303566 0.130007008099 0.13272322374 0.179858957119 2.42961898449 3.11493017294 -6.59748315165 0.113639904964 0.129834660945
0.042 0.131564359092 1.29848817752 0.66844470525 0.084 0.118793939239 0.128581633275 0.13024686144 0.131564313013 0.134244530448 0.181074429925 2.43227027301 3.11428477122 -6.58926051791 0.115528699332 0.131382193678
0.0425 0.133121338527 1.3138549486 0.668435095886 0.085 0.120208152802 0.130112367004 0.131797419315 0.133121293324 0.13576589475 0.182291225422 2.43490974008 3.1136316853 -6.58093413499 0.117415432823 0.132929557473
0.043 0.134677989497 1.32921847787 0.668425486522 0.086 0.121622366364 0.131643100734 0.133347977189 0.13467794519 0.137287311869 0.183509337687 2.43753733548 3.11297091681 -6.57250419131 0.119300105436 0.134476747355
0.0435 0.136234308163 1.34457872743 0.668415877159 0.087 0.123036579926 0.133173834463 0.134898535063 0.136234264769 0.138808777021 0.184728760771 2.44015300911 3.11230246737 -6.56397087875 0.121182717172 0.136023758352
0.044 0.137790290685 1.35993565937 0.668406267795 0.088 0.124450793489 0.134704568193 0.136449092937 0.13779024822 0.140330285415 0.185949488701 2.44275671099 3.11162633863 -6.55533439262 0.123063268029 0.137570585497
0.0445 0.139345933222 1.3752892358 0.668396658431 0.089 0.125865007051 0.136235301922 0.137999650812 0.139345891702 0.141851832254 0.187171515478 2.44534839124 3.11094253227 -6.54659493171 0.124941758009 0.13911722383
0.045 0.140901231938 1.39063941885 0.668387049068 0.09 0.127279220614 0.137766035651 0.139550208686 0.140901191378 0.143373412737 0.18839483508 2.44792800012 3.11025104996 -6.5377526982 0.126818187112 0.140663668397
0.0455 0.142456182993 1.40598617063 0.668377439704 0.091 0.128693434176 0.139296769381 0.14110076656 0.142456143407 0.144895022055 0.189619441458 2.450495488 3.10955189342 -6.52880789776 0.128692555337 0.142209914247
0.046 0.144010782552 1.42132945328 0.668367830341 0.092 0.130107647738 0.14082750311 0.142651324435 0.144010743953 0.146416655394 0.190845328539 2.45305080536 3.10884506437 -6.51976073948 0.130564862684 0.143755956436
0.0465 0.145565026779 1.43666922894 0.668358220977 0.093 0.131521861301 0.14235823684 0.144201882309 0.14556498918 0.147938307933 0.192072490227 2.45559390284 3.10813056455 -6.5106114359 0.132435109153 0.145301790026
0.047 0.147118911839 1.45200545977 0.668348611613 0.094 0.132936074863 0.143888970569 0.145752440183 0.147118875251 0.149459974846 0.193300920397 2.45812473117 3.10740839573 -6.50136020302 0.134303294745 0.146847410083
0.0475 0.148672433897 1.46733810791 0.66833900225 0.095 0.134350288425 0.145419704299 0.147302998057 0.148672398331 0.150981651303 0.194530612905 2.46064324123 3.10667855969 -6.49200726024 0.136169419459 0.148392811679
0.048 0.150225589121 1.48266713554 0.668329392886 0.096 0.135764501988 0.146950438028 0.148853555932 0.150225554588 0.152503332464 0.195761561577 2.46314938402 3.10594105823 -6.48255283045 0.138033483296 0.149937989892
0.0485 0.151778373678 1.49799250484 0.668319783522 0.097 0.13717871555 0.148481171758 0.150404113806 0.151778340187 0.154025013488 0.196993760219 2.46564311066 3.10519589316 -6.47299713994 0.139895486254 0.151482939806
0.049 0.153330783737 1.51331417799 0.668310174159 0.098 0.138592929113 0.150011905487 0.15195467168 0.153330751296 0.155546689524 0.198227202611 2.46812437243 3.10444306634 -6.46334041846 0.141755428336 0.153027656507
0.0495 0.154882815468 1.52863211719 0.668300564795 0.099 0.140007142675 0.151542639217 0.153505229555 0.154882784086 0.157068355719 0.199461882506 2.47059312072 3.10368257961 -6.45358289919 0.143613309539 0.15457213509
0.05 0.15643446504 1.54394628464 0.668290955432 0.1 0.141421356237 0.153073372946 0.155055787429 0.156434434724 0.158590007211 0.200697793638 2.47304930708 3.10291443485 -6.44372481874 0.145469129865 0.156116370655
0.0505 0.157985728626 1.55925664256 0.668281346068 0.101 0.1428355698 0.154604106675 0.156606345303 0.157985699383 0.160111639137 0.201934929712 2.47549288317 3.10213863396 -6.43376641718 0.147322889313 0.157660358306
0.051 0.159536602398 1.57456315317 0.668271736704 0.102 0.144249783362 0.156134840405 0.158156903178 0.159536574233 0.161633246623 0.203173284411 2.47792380081 3.10135517885 -6.42370793796 0.149174587884 0.159204093154
0.0515 0.16108708253 1.5898657787 0.668262127341 0.103 0.145663996924 0.157665574134 0.159707461052 0.161087055449 0.163154824794 0.204412851395 2.48034201196 3.10056407145 -6.41354962801 0.151024225577 0.160747570313
0.052 0.162637165195 1.60516448139 0.668252517977 0.104 0.147078210487 0.159196307864 0.161258018926 0.162637139202 0.164676368767 0.205653624297 2.48274746872 3.09976531372 -6.40329173765 0.152871802392 0.162290784905
0.0525 0.164186846569 1.6204592235 0.668242908613 0.105 0.148492424049 0.160727041593 0.1628085768 0.164186821669 0.166197873654 0.20689559673 2.48514012333 3.09895890763 -6.39293452064 0.15471731833 0.163833732057
0.053 0.165736122828 1.63574996728 0.66823329925 0.106 0.149906637612 0.162257775323 0.164359134675 0.165736099024 0.167719334564 0.208138762279 2.48751992817 3.09814485517 -6.38247823416 0.15656077339 0.1653764069
0.0535 0.16728499015 1.65103667502 0.668223689886 0.107 0.151320851174 0.163788509052 0.165909692549 0.167284967445 0.169240746597 0.209383114508 2.4898868358 3.09732315834 -6.37192313879 0.158402167572 0.166918804572
0.054 0.168833444713 1.66631930899 0.668214080523 0.108 0.152735064736 0.165319242782 0.167460250423 0.168833423109 0.17076210485 0.210628646957 2.49224079889 3.09649381917 -6.36126949853 0.160241500877 0.168460920215
0.0545 0.170381482696 1.68159783148 0.668204471159 0.109 0.154149278299 0.166849976511 0.169010808298 0.170381462195 0.172283404415 0.211875353142 2.49458177029 3.09565683971 -6.35051758081 0.162078773304 0.170002748978
0.055 0.171929100279 1.69687220479 0.668194861795 0.11 0.155563491861 0.168380710241 0.170561366172 0.171929080883 0.173804640377 0.213123226555 2.496909703 3.09481222203 -6.33966765645 0.163913984853 0.171544286014
0.0555 0.173476293645 1.71214239124 0.668185252432 0.111 0.156977705423 0.16991144397 0.172111924046 0.173476275353 0.175325807818 0.214372260664 2.49922455015 3.09395996821 -6.32871999965 0.165747135525 0.173085526483
0.056 0.175023058975 1.72740835315 0.668175643068 0.112 0.158391918986 0.1714421777 0.17366248192 0.175023041788 0.176846901814 0.215622448916 2.50152626507 3.09310008034 -6.31767488804 0.167578225319 0.174626465548
0.0565 0.176569392453 1.74267005286 0.668166033704 0.113 0.159806132548 0.172972911429 0.175213039795 0.176569376371 0.178367917435 0.216873784733 2.5038148012 3.09223256056 -6.30653260264 0.169407254236 0.176167098381
0.057 0.178115290264 1.75792745269 0.668156424341 0.114 0.161220346111 0.174503645158 0.176763597669 0.178115275285 0.179888849747 0.218126261513 2.50609011219 3.09135741101 -6.29529342783 0.171234222274 0.177707420155
0.0575 0.179660748593 1.77318051502 0.668146814977 0.115 0.162634559673 0.176034378888 0.178314155543 0.179660734716 0.181409693812 0.219379872633 2.5083521518 3.09047463383 -6.28395765141 0.173059129435 0.179247426053
0.058 0.181205763627 1.7884292022 0.668137205614 0.116 0.164048773235 0.177565112617 0.179864713418 0.18120575085 0.182930444685 0.220634611445 2.510600874 3.08958423122 -6.27252556454 0.174881975719 0.180787111261
0.0585 0.182750331554 1.8036734766 0.66812759625 0.117 0.165462986798 0.179095846347 0.181415271292 0.182750319875 0.184451097418 0.22189047128 2.5128362329 3.08868620537 -6.26099746174 0.176702761125 0.182326470969
0.059 0.184294448562 1.81891330063 0.668117986886 0.118 0.16687720036 0.180626580076 0.182965829166 0.184294437978 0.185971647056 0.223147445443 2.51505818277 3.08778055849 -6.24937364092 0.178521485653 0.183865500376
0.0595 0.185838110843 1.83414863666 0.668108377523 0.119 0.168291413922 0.182157313806 0.18451638704 0.18583810135 0.187492088641 0.22440552722 2.51726667808 3.08686729281 -6.23765440334 0.180338149303 0.185404194683
0.06 0.187381314586 1.84937944712 0.668098768159 0.12 0.169705627485 0.183688047535 0.186066944915 0.187381306181 0.189012417211 0.225664709871 2.51946167344 3.0859464106 -6.22584005363 0.182152752076 0.1869425491
0.0605 0.188924055984 1.86460569441 0.668089158795 0.121 0.171119841047 0.185218781265 0.187617502789 0.188924048663 0.190532627797 0.226924986636 2.52164312365 3.08501791413 -6.21393089976 0.183965293971 0.188480558838
0.061 0.190466331231 1.87982734098 0.668079549432 0.122 0.17253405461 0.186749514994 0.189168060663 0.19046632499 0.192052715427 0.22818635073 2.52381098367 3.08408180568 -6.20192725304 0.185775774989 0.190018219118
0.0615 0.192008136522 1.89504434926 0.668069940068 0.123 0.173948268172 0.188280248724 0.190718618538 0.192008131354 0.193572675123 0.229448795347 2.52596520864 3.08313808756 -6.18982942812 0.187584195129 0.191555525164
0.062 0.193549468051 1.9102566817 0.668060330705 0.124 0.175362481734 0.189810982453 0.192269176412 0.193549463953 0.195092501904 0.230712313659 2.52810575388 3.08218676211 -6.17763774299 0.189390554391 0.193092472204
0.0625 0.195090322016 1.92546430078 0.668050721341 0.125 0.176776695297 0.191341716183 0.193819734286 0.195090318981 0.196612190784 0.231976898814 2.53023257489 3.08122783166 -6.16535251896 0.191194852776 0.194629055476
0.063 0.196630694615 1.94066716897 0.668041111977 0.126 0.178190908859 0.192872449912 0.19537029216 0.196630692638 0.198131736772 0.233242543939 2.53234562735 3.0802612986 -6.15297408065 0.192997090283 0.196165270218
0.0635 0.198170582048 1.95586524875 0.668031502614 0.127 0.179605122421 0.194403183641 0.196920850035 0.198170581121 0.199651134873 0.234509242139 2.53444486712 3.07928716529 -6.140502756 0.194797266912 0.197701111677
0.064 0.199709980514 1.97105850263 0.66802189325 0.128 0.181019335984 0.195933917371 0.198471407909 0.199709980631 0.201170380088 0.235776986497 2.53653025024 3.07830543415 -6.12793887624 0.196595382664 0.199236575105
0.0645 0.201248886216 1.98624689311 0.668012283886 0.129 0.182433549546 0.1974646511 0.200021965783 0.20124888737 0.202689467413 0.237045770072 2.53860173294 3.0773161076 -6.1152827759 0.198391437538 0.200771655759
0.065 0.202787295357 2.00143038274 0.668002674523 0.13 0.183847763109 0.19899538483 0.201572523658 0.202787297539 0.204208391839 0.238315585906 2.54065927163 3.07631918808 -6.10253479281 0.200185431534 0.202306348901
0.0655 0.204325204139 2.01660893403 0.667993065159 0.131 0.185261976671 0.200526118559 0.203123081532 0.204325207343 0.205727148356 0.239586427013 2.54270282291 3.07531467804 -6.08969526807 0.201977364653 0.203840649799
0.066 0.20586260877 2.03178250953 0.667983455796 0.132 0.186676190233 0.202056852289 0.204673639406 0.205862612987 0.207245731945 0.24085828639 2.54473234359 3.07430257997 -6.07676454603 0.203767236894 0.205374553725
0.0665 0.207399505455 2.04695107182 0.667973846432 0.133 0.188090403796 0.203587586018 0.20622419728 0.207399510676 0.208764137587 0.242131157011 2.54674779064 3.07328289637 -6.06374297434 0.205555048257 0.20690805596
0.067 0.208935890402 2.06211458346 0.667964237068 0.134 0.189504617358 0.205118319748 0.207774755155 0.20893589662 0.210282360257 0.243405031828 2.54874912125 3.07225562974 -6.05063090388 0.207340798743 0.208441151786
0.0675 0.210471759821 2.07727300704 0.667954627705 0.135 0.19091883092 0.206649053477 0.209325313029 0.210471767026 0.211800394927 0.244679903772 2.55073629279 3.07122078263 -6.03742868876 0.209124488351 0.209973836493
0.068 0.212007109922 2.09242630515 0.667945018341 0.136 0.192333044483 0.208179787207 0.210875870903 0.212007118104 0.213318236562 0.245955765754 2.55270926282 3.07017835759 -6.02413668637 0.210906117081 0.211506105378
0.0685 0.213541936916 2.10757444041 0.667935408977 0.137 0.193747258045 0.209710520936 0.212426428778 0.213541946066 0.214835880128 0.247232610661 2.55466798912 3.06912835719 -6.01075525729 0.212685684934 0.213037953738
0.069 0.215076237017 2.12271737543 0.667925799614 0.138 0.195161471607 0.211241254666 0.213976986652 0.215076247125 0.216353320584 0.248510431362 2.55661242966 3.06807078402 -5.99728476532 0.214463191909 0.214569376882
0.0695 0.216610006439 2.13785507287 0.66791619025 0.139 0.19657568517 0.212771988395 0.215527544526 0.216610017495 0.217870552884 0.249789220703 2.5585425426 3.06700564068 -5.98372557748 0.216238638006 0.21610037012
0.07 0.218143241397 2.15298749536 0.667906580887 0.14 0.197989898732 0.214302722124 0.2170781024 0.218143253391 0.219387571981 0.25106897151 2.56045828633 3.06593292982 -5.97007806398 0.218012023226 0.217630928768
0.0705 0.219675938108 2.16811460556 0.667896971523 0.141 0.199404112295 0.215833455854 0.218628660275 0.219675951029 0.220904372824 0.252349676587 2.5623596194 3.06485265407 -5.95634259822 0.219783347568 0.21916104815
0.071 0.22120809279 2.18323636616 0.667887362159 0.142 0.200818325857 0.217364189583 0.220179218149 0.221208106628 0.222420950355 0.25363132872 2.56424650061 3.06376481611 -5.94251955677 0.221552611033 0.220690723591
0.0715 0.222739701664 2.19835273984 0.667877752796 0.143 0.202232539419 0.218894923313 0.221729776023 0.222739716407 0.223937299517 0.254913920673 2.56611888896 3.06266941861 -5.92860931938 0.22331981362 0.222219950427
0.072 0.224270760949 2.2134636893 0.667868143432 0.144 0.203646752982 0.220425657042 0.223280333898 0.224270776587 0.225453415245 0.256197445187 2.56797674363 3.06156646427 -5.91461226893 0.225084955329 0.223748723995
0.0725 0.225801266869 2.22856917726 0.667858534068 0.145 0.205060966544 0.221956390772 0.224830891772 0.22580128339 0.226969292475 0.257481894987 2.56982002404 3.06045595583 -5.90052879147 0.226848036161 0.225277039638
0.073 0.227331215647 2.24366916645 0.667848924705 0.146 0.206475180106 0.223487124501 0.226381449646 0.227331233038 0.228484926135 0.258767262775 2.57164868982 3.05933789601 -5.88635927617 0.228609056114 0.226804892707
0.0735 0.228860603507 2.25876361961 0.667839315341 0.147 0.207889393669 0.225017858231 0.227932007521 0.228860621758 0.230000311152 0.260053541234 2.5734627008 3.05821228758 -5.87210411533 0.230368015191 0.228332278556
0.074 0.230389426677 2.27385249949 0.667829705978 0.148 0.209303607231 0.22654859196 0.229482565395 0.230389445775 0.23151544245 0.261340723027 2.57526201704 3.05707913332 -5.85776370436 0.232124913389 0.229859192545
0.0745 0.231917681383 2.28893576887 0.667820096614 0.149 0.210717820794 0.22807932569 0.231033123269 0.231917701317 0.233030314949 0.262628800796 2.5770465988 3.05593843602 -5.84333844176 0.23387975071 0.231385630041
0.075 0.233445363856 2.30401339053 0.66781048725 0.15 0.212132034356 0.229610059419 0.232583681143 0.233445384613 0.234544923564 0.263917767163 2.57881640657 3.05479019849 -5.82882872912 0.235632527154 0.232911586414
0.0755 0.234972470325 2.31908532726 0.667800877887 0.151 0.213546247918 0.231140793149 0.234134239018 0.234972491893 0.236059263209 0.265207614733 2.58057140108 3.05363442358 -5.81423497111 0.237383242719 0.23443705704
0.076 0.236498997024 2.33415154188 0.667791268523 0.152 0.214960461481 0.232671526878 0.235684796892 0.236499019389 0.237573328795 0.266498336089 2.58231154323 3.05247111412 -5.79955757545 0.239131897407 0.235962037302
0.0765 0.238024940184 2.34921199721 0.667781659159 0.153 0.216374675043 0.234202260607 0.237235354766 0.238024963334 0.239087115227 0.267789923795 2.5840367942 3.05130027299 -5.78479695294 0.240878491217 0.237486522587
0.077 0.239550296042 2.3642666561 0.667772049796 0.154 0.217788888605 0.235732994337 0.238785912641 0.239550319964 0.24060061741 0.269082370395 2.58574711535 3.05012190309 -5.76995351738 0.24262302415 0.239010508287
0.0775 0.241075060833 2.37931548139 0.667762440432 0.155 0.219203102168 0.237263728066 0.240336470515 0.241075085514 0.242113830245 0.270375668415 2.5874424683 3.04893600731 -5.75502768561 0.244365496205 0.240533989803
0.078 0.242599230795 2.39435843596 0.667752831069 0.156 0.22061731573 0.238794461796 0.241887028389 0.242599256223 0.243626748629 0.271669810362 2.58912281487 3.04774258859 -5.74001987749 0.246105907383 0.242056962535
0.0785 0.244122802168 2.40939548269 0.667743221705 0.157 0.222031529293 0.240325195525 0.243437586263 0.244122828328 0.245139367456 0.272964788723 2.59078811713 3.04654164986 -5.72493051587 0.247844257682 0.243579421895
0.079 0.245645771192 2.42442658447 0.667733612341 0.158 0.223445742855 0.241855929255 0.244988144138 0.245645798072 0.24665168162 0.274260595966 2.59243833737 3.04533319409 -5.70976002658 0.249580547104 0.245101363297
0.0795 0.24716813411 2.43945170422 0.667724002978 0.159 0.224859956417 0.243386662984 0.246538702012 0.247168161695 0.248163686009 0.27555722454 2.59407343812 3.04411722427 -5.69450883843 0.251314775649 0.24662278216
0.08 0.248689887165 2.45447080487 0.667714393614 0.16 0.22627416998 0.244917396714 0.248089259886 0.248689915442 0.249675375508 0.276854666878 2.59569338213 3.04289374339 -5.67917738317 0.253046943315 0.248143673911
0.0805 0.250211026602 2.46948384935 0.66770478425 0.161 0.227688383542 0.246448130443 0.249639817761 0.250211055558 0.251186745002 0.27815291539 2.5972981324 3.04166275448 -5.66376609552 0.254777050105 0.249664033979
0.081 0.251731548668 2.48449080063 0.667695174887 0.162 0.229102597104 0.247978864173 0.251190375635 0.251731578289 0.252697789371 0.279451962472 2.59888765216 3.04042426056 -5.64827541309 0.256505096016 0.251183857802
0.0815 0.253251449612 2.49949162168 0.667685565523 0.163 0.230516810667 0.249509597902 0.252740933509 0.253251479884 0.254208503494 0.280751800498 2.60046190488 3.0391782647 -5.63270577645 0.25823108105 0.252703140821
0.082 0.254770725683 2.51448627547 0.66767595616 0.164 0.231931024229 0.251040331631 0.254291491383 0.254770756592 0.255718882245 0.282052421826 2.60202085426 3.03792476996 -5.61705762904 0.259955005206 0.254221878483
0.0825 0.256289373133 2.52947472503 0.667666346796 0.165 0.233345237792 0.252571065361 0.255842049258 0.256289404664 0.257228920498 0.283353818796 2.60356446426 3.03666377946 -5.60133141717 0.261676868485 0.255740066241
0.083 0.257807388214 2.54445693335 0.667656737432 0.166 0.234759451354 0.25410179909 0.257392607132 0.257807420354 0.258738613123 0.284655983728 2.60509269906 3.03539529628 -5.58552759007 0.263396670885 0.257257699554
0.0835 0.259324767181 2.55943286348 0.667647128069 0.167 0.236173664916 0.25563253282 0.258943165006 0.259324799916 0.260247954988 0.285958908926 2.6066055231 3.03411932357 -5.56964659976 0.265114412409 0.258774773884
0.084 0.26084150629 2.57440247847 0.667637518705 0.168 0.237587878479 0.257163266549 0.260493722881 0.260841539606 0.26175694096 0.287262586677 2.60810290106 3.03283586447 -5.55368890116 0.266830093054 0.2602912847
0.0845 0.262357601798 2.58936574137 0.667627909341 0.169 0.239002092041 0.258694000279 0.262044280755 0.26235763568 0.2632655659 0.288567009247 2.60958479787 3.03154492215 -5.53765495196 0.268543712822 0.261807227477
0.085 0.263873049965 2.60432261527 0.667618299978 0.17 0.240416305603 0.260224734008 0.263594838629 0.2638730844 0.26477382467 0.289872168888 2.61105117871 3.03024649979 -5.5215452127 0.270255271712 0.263322597695
0.0855 0.265387847052 2.61927306326 0.667608690614 0.171 0.241830519166 0.261755467738 0.265145396503 0.265387882024 0.26628171213 0.291178057834 2.61250200899 3.0289406006 -5.50536014668 0.271964769725 0.264837390839
0.086 0.26690198932 2.63421704846 0.667599081251 0.172 0.243244732728 0.263286201467 0.266695954378 0.266902024816 0.267789223135 0.2924846683 2.61393725439 3.02762722781 -5.48910021998 0.27367220686 0.2663516024
0.0865 0.268415473035 2.64915453398 0.667589471887 0.173 0.244658946291 0.264816935197 0.268246512252 0.26841550904 0.26929635254 0.293791992485 2.61535688084 3.02630638464 -5.47276590147 0.275377583117 0.267865227874
0.087 0.26992829446 2.66408548299 0.667579862523 0.174 0.246073159853 0.266347668926 0.269797070126 0.26992833096 0.270803095197 0.295100022572 2.61676085453 3.02497807436 -5.45635766271 0.277080898497 0.269378262762
0.0875 0.271440449865 2.67900985862 0.66757025316 0.175 0.247487373415 0.267878402656 0.271347628001 0.271440486845 0.272309445957 0.296408750725 2.61814914188 3.02364230025 -5.43987597802 0.278782152999 0.270890702571
0.088 0.272951935517 2.69392762407 0.667560643796 0.176 0.248901586978 0.269409136385 0.272898185875 0.272951972963 0.273815399669 0.297718169094 2.61952170959 3.0222990656 -5.42332132442 0.280481346623 0.272402542814
0.0885 0.274462747688 2.70883874251 0.667551034432 0.177 0.25031580054 0.270939870114 0.274448743749 0.274462785586 0.275320951178 0.299028269809 2.6208785246 3.02094837374 -5.40669418162 0.28217847937 0.273913779009
0.089 0.275972882649 2.72374317717 0.667541425069 0.178 0.251730014102 0.272470603844 0.275999301623 0.275972920984 0.276826095329 0.300339044988 2.62221955414 3.01959022798 -5.389995032 0.283873551239 0.275424406679
0.0895 0.277482336674 2.73864089126 0.667531815705 0.179 0.253144227665 0.274001337573 0.277549859498 0.277482375432 0.278330826966 0.301650486727 2.62354476566 3.01822463168 -5.3732243606 0.28556656223 0.276934421353
0.09 0.278991106039 2.75353184803 0.667522206342 0.18 0.254558441227 0.275532071303 0.279100417372 0.278991145205 0.279835140929 0.302962587112 2.62485412689 3.01685158821 -5.3563826551 0.287257512344 0.278443818564
0.0905 0.280499187022 2.76841601073 0.667512596978 0.181 0.25597265479 0.277062805032 0.280650975246 0.280499226582 0.281339032057 0.304275338207 2.62614760584 3.01547110096 -5.3394704058 0.28894640158 0.279952593854
0.091 0.2820065759 2.78329334264 0.667502987614 0.182 0.257386868352 0.278593538762 0.282201533121 0.28200661584 0.28284249519 0.305588732065 2.62742517075 3.01408317334 -5.32248810559 0.290633229938 0.281460742766
0.0915 0.283513268955 2.79816380705 0.667493378251 0.183 0.258801081914 0.280124272491 0.283752090995 0.28351330926 0.284345525161 0.30690276072 2.62868679015 3.01268780876 -5.30543624996 0.292317997419 0.282968260851
0.092 0.28501926247 2.81302736727 0.667483768887 0.184 0.260215295477 0.281655006221 0.285302648869 0.285019303126 0.285848116807 0.308217416192 2.62993243284 3.01128501068 -5.28831533696 0.294000704022 0.284475143665
0.0925 0.286524552728 2.82788398662 0.667474159523 0.185 0.261629509039 0.28318573995 0.286853206744 0.28652459372 0.28735026496 0.309532690485 2.63116206785 3.00987478255 -5.27112586719 0.295681349748 0.285981386769
0.093 0.288029136015 2.84273362845 0.66746455016 0.186 0.263043722601 0.28471647368 0.288403764618 0.288029177329 0.288851964453 0.310848575587 2.63237566454 3.00845712786 -5.25386834376 0.297359934595 0.287486985731
0.0935 0.289533008618 2.85757625612 0.667454940796 0.187 0.264457936164 0.286247207409 0.289954322492 0.289533050241 0.290353210114 0.312165063472 2.63357319248 3.00703205009 -5.23654327231 0.299036458566 0.288991936123
0.094 0.291036166828 2.872411833 0.667445331433 0.188 0.265872149726 0.287777941139 0.291504880366 0.291036208744 0.291853996774 0.313482146097 2.63475462156 3.00559955278 -5.21915116098 0.300710921658 0.290496233521
0.0945 0.292538606935 2.8872403225 0.667435722069 0.189 0.267286363289 0.289308674868 0.293055438241 0.292538649131 0.29335431926 0.314799815405 2.6359199219 3.00415963944 -5.20169252034 0.302383323873 0.29199987351
0.095 0.294040325232 2.90206168801 0.667426112705 0.19 0.268700576851 0.290839408597 0.294605996115 0.294040367693 0.294854172399 0.316118063325 2.63706906394 3.00271231364 -5.18416786345 0.30405366521 0.293502851677
0.0955 0.295541318014 2.91687589298 0.667416503342 0.191 0.270114790413 0.292370142327 0.296156553989 0.295541360727 0.296353551016 0.317436881771 2.63820201835 3.00125757895 -5.16657770578 0.30572194567 0.295005163617
0.096 0.297041581577 2.93168290084 0.667406893978 0.192 0.271529003976 0.293900876056 0.297707111864 0.297041624527 0.297852449936 0.318756262641 2.63931875612 2.99979543895 -5.14892256523 0.307388165251 0.29650680493
0.0965 0.298541112219 2.94648267507 0.667397284614 0.193 0.272943217538 0.295431609786 0.299257669738 0.298541155393 0.299350863981 0.32007619782 2.64041924848 2.99832589725 -5.13120296208 0.309052323956 0.29800777122
0.097 0.300039906241 2.96127517914 0.667387675251 0.194 0.2743574311 0.296962343515 0.300808227612 0.300039949624 0.300848787974 0.321396679177 2.64150346696 2.99684895749 -5.11341941897 0.310714421782 0.299508058096
0.0975 0.301537959944 2.97606037656 0.667378065887 0.195 0.275771644663 0.298493077245 0.302358785486 0.301538003523 0.302346216736 0.32271769857 2.64257138337 2.99536462329 -5.09557246092 0.312374458731 0.301007661177
0.098 0.303035269633 2.99083823085 0.667368456524 0.196 0.277185858225 0.300023810974 0.303909343361 0.303035313393 0.303843145087 0.324039247839 2.64362296979 2.99387289833 -5.07766261526 0.314032434803 0.302506576081
0.0985 0.304531831612 3.00560870555 0.66735884716 0.197 0.278600071787 0.301554544704 0.305459901235 0.304531875539 0.305339567848 0.325361318813 2.64465819859 2.99237378629 -5.05969041163 0.315688349996 0.304004798436
0.099 0.306027642189 3.0203717642 0.667349237796 0.198 0.28001428535 0.303085278433 0.307010459109 0.306027686271 0.306835479837 0.326683903307 2.64567704243 2.99086729086 -5.04165638197 0.317342204312 0.305502323874
0.0995 0.307522697673 3.03512737038 0.667339628433 0.199 0.281428498912 0.304616012163 0.308561016984 0.307522741895 0.308330875872 0.32800699312 2.64667947423 2.98935341577 -5.02356106049 0.31899399775 0.306999148032
0.1 0.309016994375 3.04987548769 0.667330019069 0.2 0.282842712475 0.306146745892 0.310111574858 0.309017038725 0.30982575077 0.329330580041 2.64766546724 2.98783216474 -5.00540498363 0.320643730311 0.308495266554
0.1005 0.310510528609 3.06461607974 0.667320409705 0.201 0.284256926037 0.307677479622 0.311662132732 0.310510573073 0.31132009935 0.330654655843 2.64863499495 2.98630354154 -4.98718869008 0.322291401994 0.309990675087
0.101 0.312003296688 3.07934911015 0.667310800342 0.202 0.285671139599 0.309208213351 0.313212690606 0.312003341253 0.312813916425 0.331979212287 2.64958803116 2.98476754992 -4.96891272072 0.323937012799 0.311485369286
0.1015 0.313495294931 3.09407454257 0.667301190978 0.203 0.287085353162 0.31073894708 0.314763248481 0.313495339583 0.314307196814 0.333304241121 2.65052454997 2.98322419369 -4.9505776186 0.325580562727 0.312979344809
0.102 0.314986519655 3.10879234067 0.667291581615 0.204 0.288499566724 0.31226968081 0.316313806355 0.314986564381 0.31579993533 0.33462973408 2.65144452575 2.98167347665 -4.93218392896 0.327222051777 0.314472597322
0.1025 0.316476967182 3.12350246814 0.667281972251 0.205 0.289913780286 0.313800414539 0.317864364229 0.316477011968 0.31729212679 0.335955682886 2.65234793316 2.98011540263 -4.91373219917 0.32886147995 0.315965122494
0.103 0.317966633832 3.13820488867 0.667272362887 0.206 0.291327993849 0.315331148269 0.319414922104 0.317966678667 0.318783766007 0.337282079248 2.65323474718 2.97854997547 -4.8952229787 0.330498847244 0.317456916001
0.1035 0.319455515932 3.152899566 0.667262753524 0.207 0.292742207411 0.316861881998 0.320965479978 0.319455560801 0.320274847796 0.338608914863 2.65410494305 2.97697719903 -4.87665681914 0.332134153662 0.318947973523
0.104 0.320943609807 3.16758646385 0.66725314416 0.208 0.294156420974 0.318392615728 0.322516037852 0.320943654698 0.321765366972 0.339936181417 2.65495849633 2.9753970772 -4.85803427414 0.333767399201 0.320438290748
0.1045 0.322430911786 3.18226554601 0.667243534796 0.209 0.295570634536 0.319923349457 0.324066595726 0.322430956686 0.323255318348 0.341263870582 2.65579538286 2.97380961387 -4.83935589939 0.335398583863 0.321927863367
0.105 0.323917418198 3.19693677624 0.667233925433 0.21 0.296984848098 0.321454083187 0.325617153601 0.323917463095 0.324744696738 0.342591974018 2.65661557878 2.97221481296 -4.82062225263 0.337027707647 0.323416687077
0.1055 0.325403125376 3.21160011834 0.667224316069 0.211 0.298399061661 0.322984816916 0.327167711475 0.325403170258 0.326233496956 0.343920483375 2.65741906053 2.97061267841 -4.80183389359 0.338654770553 0.324904757582
0.106 0.326888029655 3.22625553615 0.667214706706 0.212 0.299813275223 0.324515550646 0.328718269349 0.326888074508 0.327721713816 0.345249390289 2.65820580485 2.96900321416 -4.78299138399 0.340279772582 0.326392070588
0.1065 0.32837212737 3.24090299348 0.667205097342 0.213 0.301227488785 0.326046284375 0.330268827224 0.328372172183 0.329209342133 0.346578686386 2.65897578878 2.9673864242 -4.7640952875 0.341902713733 0.327878621811
0.107 0.329855414859 3.25554245421 0.667195487978 0.214 0.302641702348 0.327577018105 0.331819385098 0.329855459619 0.330696376719 0.347908363281 2.65972898964 2.9657623125 -4.74514616973 0.343523594007 0.329364406968
0.1075 0.331337888463 3.27017388222 0.667185878615 0.215 0.30405591591 0.329107751834 0.333369942972 0.331337933158 0.33218281239 0.349238412575 2.66046538509 2.96413088308 -4.72614459821 0.345142413403 0.330849421784
0.108 0.332819544523 3.28479724139 0.667176269251 0.216 0.305470129473 0.330638485563 0.334920500846 0.332819589142 0.333668643959 0.350568825861 2.66118495306 2.96249213997 -4.70709114233 0.346759171921 0.33233366199
0.1085 0.334300379384 3.29941249566 0.667166659887 0.217 0.306884343035 0.332169219293 0.336471058721 0.334300423914 0.335153866242 0.35189959472 2.66188767179 2.96084608719 -4.68798637339 0.348373869562 0.33381712332
0.109 0.335780389393 3.31401960895 0.667157050524 0.218 0.308298556597 0.333699953022 0.338021616595 0.335780433822 0.336638474054 0.353230710721 2.66257351984 2.95919272883 -4.66883086449 0.349986506325 0.335299801515
0.1095 0.337259570896 3.32861854523 0.66714744116 0.219 0.30971277016 0.335230686752 0.339572174469 0.337259615214 0.338122462211 0.354562165424 2.66324247605 2.95753206895 -4.64962519057 0.35159708221 0.336781692322
0.11 0.338737920245 3.34320926847 0.667137831797 0.22 0.311126983722 0.336761420481 0.341122732344 0.338737964439 0.339605825528 0.355893950378 2.66389451958 2.95586411165 -4.63036992836 0.353205597218 0.338262791491
0.1105 0.340215433792 3.35779174267 0.667128222433 0.221 0.312541197284 0.338292154211 0.342673290218 0.340215477851 0.341088558821 0.357226057122 2.66452962991 2.95418886105 -4.61106565635 0.354812051347 0.339743094781
0.111 0.341692107891 3.37236593186 0.667118613069 0.222 0.313955410847 0.33982288794 0.344223848092 0.341692151804 0.342570656909 0.358558477183 2.66514778681 2.95250632129 -4.59171295478 0.3564164446 0.341222597954
0.1115 0.343167938899 3.38693180007 0.667109003706 0.223 0.315369624409 0.34135362167 0.345774405966 0.343167982655 0.344052114609 0.35989120208 2.66574897035 2.95081649651 -4.57231240562 0.358018776974 0.342701296777
0.112 0.344642923175 3.40148931137 0.667099394342 0.224 0.316783837972 0.342884355399 0.347324963841 0.344642966762 0.345532926738 0.361224223321 2.66633316093 2.94911939088 -4.55286459252 0.359619048471 0.344179187023
0.1125 0.346117057077 3.41603842982 0.667089784978 0.225 0.318198051534 0.344415089129 0.348875521715 0.346117100485 0.347013088118 0.362557532405 2.66690033925 2.9474150086 -4.53337010081 0.361217259091 0.345656264473
0.113 0.347590336971 3.43057911955 0.667080175615 0.226 0.319612265096 0.345945822858 0.350426079589 0.347590380189 0.348492593566 0.363891120822 2.66745048632 2.94570335386 -4.51382951747 0.362813408833 0.34713252491
0.1135 0.34906275922 3.44511134465 0.667070566251 0.227 0.321026478659 0.347476556588 0.351976637464 0.349062802237 0.349971437905 0.36522498005 2.66798358347 2.94398443089 -4.49424343108 0.364407497697 0.348607964123
0.114 0.350534320191 3.45963506929 0.667060956888 0.228 0.322440692221 0.349007290317 0.353527195338 0.350534362997 0.351449615956 0.36655910156 2.66849961234 2.94225824393 -4.47461243185 0.365999525683 0.350082577908
0.1145 0.352005016254 3.47415025763 0.667051347524 0.229 0.323854905783 0.350538024046 0.355077753212 0.352005058838 0.352927122542 0.367893476815 2.66899855487 2.94052479724 -4.45493711153 0.367589492792 0.351556362066
0.115 0.353474843779 3.48865687384 0.66704173816 0.23 0.325269119346 0.352068757776 0.356628311087 0.353474886132 0.354403952486 0.369228097265 2.66948039333 2.9387840951 -4.43521806343 0.369177399023 0.353029312402
0.1155 0.354943799141 3.50315488214 0.667032128797 0.231 0.326683332908 0.353599491505 0.358178868961 0.354943841251 0.355880100613 0.370562954354 2.66994511031 2.9370361418 -4.41545588239 0.370763244376 0.354501424727
0.116 0.356411878713 3.51764424675 0.667022519433 0.232 0.328097546471 0.355130225235 0.359729426835 0.356411920572 0.35735556175 0.371898039519 2.67039268869 2.93528094166 -4.39565116473 0.372347028852 0.35597269486
0.1165 0.357879078875 3.53212493192 0.667012910069 0.233 0.329511760033 0.356660958964 0.361279984709 0.357879120472 0.358830330723 0.373233344184 2.67082311168 2.933518499 -4.37580450823 0.37392875245 0.357443118621
0.117 0.359345396006 3.54659690193 0.667003300706 0.234 0.330925973595 0.358191692694 0.362830542584 0.359345437331 0.360304402361 0.374568859768 2.67123636282 2.93174881818 -4.35591651214 0.375508415171 0.358912691839
0.1175 0.360810826488 3.56106012106 0.666993691342 0.235 0.332340187158 0.359722426423 0.364381100458 0.360810867532 0.361777771494 0.375904577682 2.67163242596 2.92997190356 -4.33598777712 0.377086017014 0.360381410347
0.118 0.362275366705 3.57551455363 0.666984081979 0.236 0.33375440072 0.361253160153 0.365931658332 0.362275407458 0.363250432953 0.377240489327 2.67201128526 2.92818775952 -4.3160189052 0.378661557979 0.361849269983
0.1185 0.363739013043 3.58996016398 0.666974472615 0.237 0.335168614282 0.362783893882 0.367482216207 0.363739053497 0.364722381571 0.378576586097 2.67237292519 2.92639639047 -4.29601049981 0.380235038066 0.363316266592
0.119 0.365201761892 3.60439691645 0.666964863251 0.238 0.336582827845 0.364314627612 0.369032774081 0.365201802037 0.366193612181 0.37991285938 2.67271733058 2.92459780083 -4.27596316569 0.381806457276 0.364782396023
0.1195 0.366663609641 3.61882477543 0.666955253888 0.239 0.337997041407 0.365845361341 0.370583331955 0.366663649468 0.367664119619 0.381249300553 2.67304448654 2.92279199504 -4.25587750891 0.383375815608 0.366247654131
0.12 0.368124552685 3.63324370533 0.666945644524 0.24 0.33941125497 0.36737609507 0.372133889829 0.368124592185 0.369133898722 0.382585900989 2.67335437852 2.92097897755 -4.23575413683 0.384943113063 0.367712036776
0.1205 0.369584587417 3.64765367055 0.66693603516 0.241 0.340825468532 0.3689068288 0.373684447704 0.369584626582 0.37060294433 0.383922652052 2.67364699228 2.91915875283 -4.21559365805 0.38650834964 0.369175539824
0.121 0.371043710237 3.66205463555 0.666926425797 0.242 0.342239682094 0.370437562529 0.375235005578 0.371043749057 0.372071251282 0.385259545099 2.67392231392 2.91733132538 -4.19539668242 0.388071525339 0.370638159147
0.1215 0.372501917543 3.6764465648 0.666916816433 0.243 0.343653895657 0.371968296259 0.376785563452 0.372501956011 0.373538814422 0.386596571481 2.67418032985 2.9154966997 -4.17516382101 0.389632640161 0.37209989062
0.122 0.373959205738 3.69082942278 0.66690720707 0.244 0.345068109219 0.373499029988 0.378336121327 0.373959243844 0.375005628593 0.387933722542 2.67442102681 2.91365488032 -4.15489568604 0.391191694105 0.373560730127
0.1225 0.375415571225 3.705203174 0.666897597706 0.245 0.346482322781 0.375029763718 0.379886679201 0.375415608963 0.376471688641 0.38927098962 2.67464439186 2.91180587179 -4.1345928909 0.392748687171 0.375020673554
0.123 0.376871010412 3.71956778301 0.666887988342 0.246 0.347896536344 0.376560497447 0.381437237075 0.376871047772 0.377936989414 0.390608364044 2.67485041238 2.90994967867 -4.11425605012 0.39430361936 0.376479716794
0.1235 0.378325519707 3.73392321435 0.666878378979 0.247 0.349310749906 0.378091231177 0.382987794949 0.378325556682 0.379401525762 0.391945837139 2.67503907608 2.90808630554 -4.09388577931 0.395856490671 0.377937855747
0.124 0.379779095522 3.7482694326 0.666868769615 0.248 0.350724963469 0.379621964906 0.384538352824 0.379779132104 0.380865292538 0.393283400225 2.67521037101 2.90621575699 -4.07348269516 0.397407301104 0.379395086316
0.1245 0.381231734269 3.76260640238 0.666859160251 0.249 0.352139177031 0.381152698636 0.386088910698 0.381231770451 0.382328284596 0.394621044613 2.67536428552 2.90433803765 -4.0530474154 0.39895605066 0.380851404409
0.125 0.382683432365 3.77693408829 0.666849550888 0.25 0.353553390593 0.382683432365 0.387639468572 0.382683468139 0.383790496791 0.395958761612 2.67550080831 2.90245315214 -4.0325805588 0.400502739338 0.382306805943
0.1255 0.384134186228 3.791252455 0.666839941524 0.251 0.354967604156 0.38398112576 0.388953968066 0.384134221587 0.385251923983 0.397296542521 2.67561992838 2.90056110511 -4.0120827451 0.402047367138 0.383761286837
0.126 0.385583992277 3.80556146717 0.666830332161 0.252 0.356381817718 0.385278819156 0.39026846756 0.385584027214 0.386712561032 0.398634378638 2.6757216351 2.89866190124 -3.99155459502 0.403589934061 0.385214843016
0.1265 0.387032846937 3.81986108949 0.666820722797 0.253 0.35779603128 0.386576512551 0.391582967054 0.387032881444 0.388172402801 0.399972261252 2.67580591812 2.89675554521 -3.97099673019 0.405130440106 0.386667470411
0.127 0.388480746631 3.83415128669 0.666811113433 0.254 0.359210244843 0.387874205946 0.392897466547 0.388480780703 0.389631444156 0.40131018165 2.67587276746 2.89484204172 -3.95040977318 0.406668885274 0.38811916496
0.1275 0.389927687788 3.8484320235 0.66680150407 0.255 0.360624458405 0.389171899342 0.394211966041 0.389927721417 0.391089679966 0.402648131113 2.67592217344 2.8929213955 -3.92979434742 0.408205269563 0.389569922604
0.128 0.391373666837 3.86270326469 0.666791894706 0.256 0.362038671968 0.390469592737 0.395526465535 0.391373700016 0.392547105099 0.403986100915 2.67595412673 2.89099361128 -3.90915107722 0.409739592976 0.39101973929
0.1285 0.392818680211 3.87696497504 0.666782285342 0.257 0.36345288553 0.391767286132 0.396840965029 0.392818712934 0.394003714431 0.405324082329 2.67596861831 2.88905869383 -3.88848058768 0.41127185551 0.392468610971
0.129 0.394262724343 3.89121711936 0.666772675979 0.258 0.364867099092 0.393064979527 0.398155464522 0.394262756604 0.395459502836 0.406662066622 2.6759656395 2.8871166479 -3.86778350473 0.412802057167 0.393916533605
0.1295 0.395705795671 3.90545966249 0.666763066615 0.259 0.366281312655 0.394362672923 0.399469964016 0.395705827464 0.396914465193 0.408000045055 2.67594518196 2.88516747831 -3.84706045505 0.414330197946 0.395363503157
0.13 0.397147890635 3.91969256929 0.666753457252 0.26 0.367695526217 0.395660366318 0.40078446351 0.397147921953 0.398368596382 0.409338008889 2.67590723768 2.88321118985 -3.82631206609 0.415856277848 0.396809515594
0.1305 0.398589005675 3.93391580464 0.666743847888 0.261 0.369109739779 0.396958059713 0.402098963004 0.398589036514 0.399821891289 0.410675949377 2.67585179895 2.88124778735 -3.80553896597 0.417380296871 0.398254566892
0.131 0.400029137237 3.94812933344 0.666734238524 0.262 0.370523953342 0.398255753109 0.403413462498 0.40002916759 0.401274344799 0.412013857771 2.67577885844 2.87927727566 -3.78474178354 0.418902255018 0.39969865303
0.1315 0.401468281767 3.96233312063 0.666724629161 0.263 0.371938166904 0.399553446504 0.404727961991 0.401468311628 0.402725951803 0.413351725318 2.67568840912 2.87729965964 -3.76392114829 0.420422152286 0.401141769994
0.132 0.402906435714 3.97652713115 0.666715019797 0.264 0.373352380466 0.400851139899 0.406042461485 0.402906465078 0.404176707193 0.414689543261 2.6755804443 2.87531494417 -3.74307769035 0.421939988677 0.402583913775
0.1325 0.404343595529 3.99071132998 0.666705410433 0.265 0.374766594029 0.402148833294 0.407356960979 0.404343624391 0.405626605865 0.416027302842 2.67545495762 2.87332313414 -3.72221204043 0.42345576419 0.404025080369
0.133 0.405779757666 4.00488568214 0.66669580107 0.266 0.376180807591 0.40344652669 0.408671460473 0.405779786022 0.407075642717 0.417364995297 2.67531194305 2.87132423448 -3.70132482984 0.424969478826 0.405465265777
0.1335 0.407214918582 4.01905015263 0.666686191706 0.267 0.377595021154 0.404744220085 0.409985959966 0.407214946426 0.408523812652 0.418702611862 2.67515139492 2.86931825011 -3.68041669042 0.426481132584 0.406904466008
0.134 0.408649074736 4.03320470652 0.666676582343 0.268 0.379009234716 0.40604191348 0.41130045946 0.408649102063 0.409971110574 0.420040143769 2.67497330786 2.86730518598 -3.65948825455 0.427990725464 0.408342677072
0.1345 0.410082222589 4.04734930888 0.666666972979 0.269 0.380423448278 0.407339606876 0.412614958954 0.410082249394 0.411417531392 0.421377582246 2.67477767685 2.86528504706 -3.63854015506 0.429498257467 0.409779894989
0.135 0.411514358605 4.0614839248 0.666657363615 0.27 0.381837661841 0.408637300271 0.413929458448 0.411514384884 0.412863070018 0.422714918521 2.6745644972 2.86325783834 -3.61757302529 0.431003728592 0.411216115782
0.1355 0.41294547925 4.07560851942 0.666647754252 0.271 0.383251875403 0.409934993666 0.415243957941 0.412945504999 0.414307721366 0.424052143818 2.67433376456 2.86122356481 -3.59658749897 0.432507138839 0.412651335479
0.136 0.414375580993 4.08972305788 0.666638144888 0.272 0.384666088965 0.411232687061 0.416558457435 0.414375606207 0.415751480355 0.42538924936 2.6740854749 2.85918223149 -3.57558421026 0.434008488209 0.414085550115
0.1365 0.415804660306 4.10382750535 0.666628535524 0.273 0.386080302528 0.412530380457 0.417872956929 0.415804684981 0.417194341907 0.426726226366 2.67381962454 2.85713384343 -3.55456379369 0.435507776701 0.41551875573
0.137 0.417232713662 4.11792182703 0.666618926161 0.274 0.38749451609 0.413828073852 0.419187456423 0.417232737794 0.418636300947 0.428063066057 2.67353621012 2.85507840567 -3.53352688413 0.437005004316 0.416950948369
0.1375 0.418659737537 4.13200598816 0.666609316797 0.275 0.388908729653 0.415125767247 0.420501955917 0.418659761124 0.420077352404 0.429399759648 2.67323522864 2.8530159233 -3.51247411679 0.438500171052 0.418382124083
0.138 0.420085728412 4.14607995397 0.666599707434 0.276 0.390322943215 0.416423460643 0.42181645541 0.420085751448 0.421517491211 0.430736298357 2.67291667741 2.85094640139 -3.49140612713 0.439993276911 0.419812278927
0.1385 0.421510682766 4.16014368974 0.66659009807 0.277 0.391737156777 0.417721154038 0.423130954904 0.421510705249 0.422956712305 0.432072673397 2.67258055409 2.84886984505 -3.47032355091 0.441484321893 0.421241408963
0.139 0.422934597085 4.17419716077 0.666580488706 0.278 0.39315137034 0.419018847433 0.424445454398 0.42293461901 0.424395010625 0.433408875982 2.67222685666 2.84678625941 -3.44922702412 0.442973305997 0.422669510258
0.1395 0.424357467855 4.18824033238 0.666570879343 0.279 0.394565583902 0.420316540828 0.425759953892 0.42435748922 0.425832381114 0.434744897325 2.67185558345 2.8446956496 -3.42811718292 0.444460229223 0.424096578884
0.14 0.425779291565 4.20227316992 0.666561269979 0.28 0.395979797464 0.421614234224 0.427074453385 0.425779312366 0.427268818722 0.436080728636 2.67146673312 2.8425980208 -3.4069946637 0.445945091571 0.42552261092
0.1405 0.427200064707 4.21629563878 0.666551660615 0.281 0.397394011027 0.422911927619 0.428388952879 0.427200084942 0.428704318399 0.437416361128 2.67106030467 2.84049337816 -3.38586010295 0.447427893042 0.426947602448
0.141 0.428619783775 4.23030770434 0.666542051252 0.282 0.398808224589 0.424209621014 0.429703452373 0.428619803441 0.430138875102 0.438751786011 2.67063629742 2.83838172689 -3.3647141373 0.448908633635 0.428371549557
0.1415 0.430038445267 4.24430933204 0.666532441888 0.283 0.400222438152 0.42550731441 0.431017951867 0.430038464361 0.431572483789 0.440086994496 2.67019471104 2.8362630722 -3.34355740346 0.450387313351 0.429794448342
0.142 0.431456045681 4.25830048733 0.666522832525 0.284 0.401636651714 0.426805007805 0.432332451361 0.4314560642 0.433005139425 0.441421977792 2.66973554555 2.83413741931 -3.32239053822 0.451863932189 0.431216294901
0.1425 0.43287258152 4.27228113568 0.666513223161 0.285 0.403050865276 0.4281027012 0.433646950854 0.432872599463 0.434436836977 0.442756727111 2.66925880126 2.83200477346 -3.30121417838 0.453338490149 0.43263708534
0.143 0.43428804929 4.28625124261 0.666503613797 0.286 0.404465078839 0.429400394595 0.434961450348 0.434288066653 0.435867571418 0.444091233664 2.66876447887 2.82986513993 -3.28002896077 0.454810987231 0.434056815769
0.1435 0.435702445497 4.30021077364 0.666494004434 0.287 0.405879292401 0.430698087991 0.436275949842 0.435702462279 0.437297337724 0.445425488661 2.66825257937 2.82771852398 -3.25883552216 0.456281423436 0.435475482304
0.144 0.437115766651 4.31415969432 0.66648439507 0.288 0.407293505963 0.431995781386 0.437590449336 0.43711578285 0.438726130875 0.446759483314 2.66772310412 2.82556493092 -3.2376344993 0.457749798764 0.436893081066
0.1445 0.438528009266 4.32809797025 0.666474785706 0.289 0.408707719526 0.433293474781 0.438904948829 0.438528024879 0.440153945857 0.448093208836 2.66717605479 2.82340436606 -3.21642652883 0.459216113213 0.438309608183
0.145 0.439939169856 4.34202556702 0.666465176343 0.29 0.410121933088 0.434591168177 0.440219448323 0.439939184883 0.441580777658 0.44942665644 2.66661143341 2.82123683473 -3.19521224731 0.460680366785 0.439725059785
0.1455 0.44134924494 4.35594245028 0.666455566979 0.291 0.411536146651 0.435888861572 0.441533947817 0.441349259379 0.443006621274 0.450759817341 2.66602924231 2.81906234228 -3.17399229114 0.46214255948 0.441139432012
0.146 0.442758231039 4.36984858568 0.666445957616 0.292 0.412950360213 0.437186554967 0.442848447311 0.442758244888 0.444431471701 0.452092682754 2.6654294842 2.81688089407 -3.15276729654 0.463602691296 0.442552721005
0.1465 0.444166124676 4.38374393891 0.666436348252 0.293 0.414364573775 0.438484248362 0.444162946804 0.444166137933 0.445855323944 0.453425243898 2.66481216209 2.81469249549 -3.13153789956 0.465060762235 0.443964922914
0.147 0.445572922377 4.3976284757 0.666426738888 0.294 0.415778787338 0.439781941758 0.445477446298 0.445572935042 0.447278173009 0.45475749199 2.66417727934 2.81249715194 -3.11030473602 0.466516772297 0.445376033891
0.1475 0.446978620671 4.41150216177 0.666417129525 0.295 0.4171930009 0.441079635153 0.446791945792 0.446978632742 0.44870001391 0.456089418251 2.66352483964 2.81029486882 -3.08906844146 0.46797072148 0.446786050098
0.148 0.44838321609 4.4253649629 0.666407520161 0.296 0.418607214462 0.442377328548 0.448106445286 0.448383227567 0.450120841662 0.457421013904 2.66285484701 2.80808565159 -3.06782965117 0.469422609786 0.448194967697
0.1485 0.449786705168 4.43921684488 0.666397910797 0.297 0.420021428025 0.443675021944 0.44942094478 0.449786716049 0.451540651288 0.458752270173 2.66216730583 2.80586950568 -3.0465890001 0.470872437215 0.449602782861
0.149 0.451189084442 4.45305777353 0.666388301434 0.298 0.421435641587 0.444972715339 0.450735444273 0.451189094727 0.452959437815 0.460083178286 2.66146222079 2.80364643657 -3.02534712289 0.472320203765 0.451009491763
0.1495 0.452590350452 4.46688771471 0.66637869207 0.299 0.42284985515 0.446270408734 0.452049943767 0.45259036014 0.454377196274 0.461413729471 2.66073959692 2.80141644974 -3.00410465379 0.473765909439 0.452415090586
0.15 0.45399049974 4.48070663428 0.666369082707 0.3 0.424264068712 0.447568102129 0.453364443261 0.453990508831 0.455793921702 0.46274391496 2.65999943957 2.79917955069 -2.98286222665 0.475209554234 0.453819575515
0.1505 0.455389528851 4.49451449816 0.666359473343 0.301 0.425678282274 0.448865795525 0.454678942755 0.455389537346 0.45720960914 0.464073725989 2.65924175446 2.79693574495 -2.96162047491 0.476651138152 0.455222942744
0.151 0.456787434334 4.50831127227 0.666349863979 0.302 0.427092495837 0.45016348892 0.455993442248 0.456787442231 0.458624253635 0.465403153795 2.65846654762 2.79468503804 -2.94038003155 0.478090661192 0.456625188468
0.1515 0.45818421274 4.52209692257 0.666340254616 0.303 0.428506709399 0.451461182315 0.457307941742 0.458184220039 0.460037850238 0.466732189617 2.6576738254 2.79242743553 -2.91914152906 0.479528123354 0.458026308892
0.152 0.459579860621 4.53587141504 0.666330645252 0.304 0.429920922961 0.452758875711 0.458622441236 0.459579867323 0.461450394007 0.468060824702 2.65686359451 2.79016294298 -2.89790559943 0.480963524639 0.459426300223
0.1525 0.460974374535 4.5496347157 0.666321035888 0.305 0.431335136524 0.454056569106 0.45993694073 0.46097438064 0.462861880003 0.469389050295 2.65603586198 2.78789156598 -2.8766728741 0.482396865046 0.460825158674
0.153 0.462367751041 4.5633867906 0.666311426525 0.306 0.432749350086 0.455354262501 0.461251440223 0.462367756548 0.464272303294 0.470716857648 2.65519063518 2.78561331013 -2.85544398395 0.483828144576 0.462222880467
0.1535 0.4637599867 4.57712760578 0.666301817161 0.307 0.434163563649 0.456651955896 0.462565939717 0.463759991611 0.465681658953 0.472044238016 2.6543279218 2.78332818106 -2.83421955925 0.485257363228 0.463619461823
0.154 0.465151078077 4.59085712736 0.666292207798 0.308 0.435577777211 0.457949649292 0.463880439211 0.465151082392 0.467089942057 0.473371182657 2.65344772987 2.78103618441 -2.81300022968 0.486684521002 0.465014898975
0.1545 0.466541021741 4.60457532146 0.666282598434 0.309 0.436991990773 0.459247342687 0.465194938705 0.46654102546 0.468497147691 0.474697682834 2.65255006774 2.77873732582 -2.79178662422 0.488109617899 0.466409188156
0.155 0.467929814261 4.61828215423 0.66627298907 0.31 0.438406204336 0.460545036082 0.466509438199 0.467929817385 0.469903270943 0.476023729814 2.65163494412 2.77643161098 -2.77057937121 0.489532653918 0.467802325609
0.1555 0.46931745221 4.63197759184 0.666263379707 0.311 0.439820417898 0.461842729478 0.467823937692 0.46931745474 0.471308306908 0.477349314869 2.65070236802 2.77411904557 -2.74937909826 0.490953629059 0.469194307579
0.156 0.470703932165 4.64566160051 0.666253770343 0.312 0.44123463146 0.463140422873 0.469138437186 0.470703934103 0.472712250686 0.478674429275 2.6497523488 2.77179963529 -2.72818643223 0.492372543322 0.470585130319
0.1565 0.472089250705 4.65933414647 0.666244160979 0.313 0.442648845023 0.464438116268 0.47045293668 0.472089252051 0.474115097383 0.479999064313 2.64878489614 2.76947338588 -2.70700199926 0.493789396708 0.471974790084
0.157 0.473473404412 4.67299519599 0.666234551616 0.314 0.444063058585 0.465735809663 0.471767436174 0.473473405167 0.475516842111 0.481323211267 2.64780002004 2.76714030306 -2.68582642465 0.495204189217 0.473363283139
0.1575 0.474856389871 4.68664471535 0.666224942252 0.315 0.445477272148 0.467033503059 0.473081935667 0.474856390036 0.476917479986 0.48264686143 2.64679773087 2.76480039261 -2.6646603329 0.496616920847 0.474750605751
0.158 0.476238203668 4.70028267089 0.666215332889 0.316 0.44689148571 0.468331196454 0.474396435161 0.476238203246 0.478317006131 0.483970006098 2.64577803927 2.76245366028 -2.64350434767 0.4980275916 0.476136754193
0.1585 0.477618842395 4.71390902894 0.666205723525 0.317 0.448305699272 0.469628889849 0.475710934655 0.477618841387 0.479715415677 0.485292636571 2.64474095627 2.76010011187 -2.62235909172 0.499436201476 0.477521724745
0.159 0.478998302645 4.7275237559 0.666196114161 0.318 0.449719912835 0.470926583245 0.477025434149 0.478998301052 0.481112703756 0.486614744157 2.64368649317 2.75773975319 -2.60122518692 0.500842750473 0.478905513691
0.1595 0.480376581014 4.74112681816 0.666186504798 0.319 0.451134126397 0.47222427664 0.478339933642 0.480376578838 0.482508865511 0.48793632017 2.64261466164 2.75537259006 -2.58010325421 0.502247238593 0.48028811732
0.16 0.481753674102 4.75471818216 0.666176895434 0.32 0.452548339959 0.473521970035 0.479654433136 0.481753671345 0.483903896088 0.489257355926 2.64152547365 2.75299862832 -2.55899391356 0.503649665836 0.481669531928
0.1605 0.48312957851 4.76829781436 0.66616728607 0.321 0.453962553522 0.47481966343 0.48096893263 0.483129575174 0.48529779064 0.490577842753 2.64041894152 2.75061787383 -2.53789778397 0.505050032201 0.483049753816
0.161 0.484504290844 4.78186568126 0.666157676707 0.322 0.455376767084 0.476117356826 0.482283432124 0.484504286932 0.486690544325 0.491897771979 2.63929507789 2.74823033246 -2.5168154834 0.506448337688 0.48442877929
0.1615 0.485877807712 4.79542174939 0.666148067343 0.323 0.456790980647 0.477415050221 0.483597931618 0.485877803225 0.48808215231 0.493217134944 2.6381538957 2.74583601011 -2.49574762878 0.507844582297 0.485806604661
0.162 0.487250125725 4.80896598529 0.66613845798 0.324 0.458205194209 0.478712743616 0.484912431111 0.487250120665 0.489472609764 0.494535922991 2.63699540825 2.74343491269 -2.47469483599 0.509238766029 0.487183226246
0.1625 0.488621241497 4.82249835554 0.666128848616 0.325 0.459619407771 0.480010437012 0.486226930605 0.488621235867 0.490861911866 0.49585412747 2.63581962914 2.74102704611 -2.45365771977 0.510630888883 0.488558640368
0.163 0.489991151644 4.83601882676 0.666119239252 0.326 0.461033621334 0.481308130407 0.487541430099 0.489991145446 0.4922500538 0.49717173974 2.63462657231 2.73861241631 -2.43263689378 0.512020950859 0.489932843355
0.1635 0.491359852787 4.84952736559 0.666109629889 0.327 0.462447834896 0.482605823802 0.488855929593 0.491359846024 0.493637030756 0.498488751165 2.63341625201 2.73619102927 -2.41163297051 0.513408951958 0.49130583154
0.164 0.492727341548 4.86302393868 0.666100020525 0.328 0.463862048458 0.483903517197 0.490170429086 0.492727334222 0.495022837931 0.499805153117 2.63218868283 2.73376289094 -2.39064656126 0.514794892179 0.492677601261
0.1645 0.494093614554 4.87650851275 0.666090411161 0.329 0.465276262021 0.485201210593 0.49148492858 0.494093606668 0.496407470527 0.501120936976 2.63094387966 2.73132800733 -2.36967827615 0.516178771523 0.494048148863
0.165 0.495458668432 4.88998105452 0.666080801798 0.33 0.466690475583 0.486498903988 0.492799428074 0.49545865999 0.497790923754 0.502436094127 2.62968185772 2.72888638444 -2.34872872404 0.517560589989 0.495417470696
0.1655 0.496822499816 4.90344153074 0.666071192434 0.331 0.468104689145 0.487796597383 0.494113927568 0.49682249082 0.499173192829 0.503750615966 2.62840263256 2.72643802829 -2.32779851256 0.518940347577 0.496785563113
0.166 0.498185105339 4.91688990822 0.666061583071 0.332 0.469518902708 0.489094290779 0.495428427062 0.498185095792 0.500554272975 0.505064493895 2.62710622004 2.72398294492 -2.30688824802 0.520318044288 0.498152422477
0.1665 0.499546481641 4.93032615375 0.666051973707 0.333 0.47093311627 0.490391984174 0.496742926555 0.499546471546 0.50193415942 0.506377719325 2.62579263635 2.7215211404 -2.28599853546 0.521693680121 0.499518045153
0.167 0.500906625361 4.94375023419 0.666042364343 0.334 0.472347329833 0.491689677569 0.498057426049 0.500906614721 0.503312847402 0.507690283673 2.62446189798 2.7190526208 -2.26512997856 0.523067255076 0.500882427512
0.1675 0.502265533143 4.95716211643 0.66603275498 0.335 0.473761543395 0.492987370964 0.499371925543 0.502265521962 0.504690332162 0.509002178366 2.62311402175 2.7165773922 -2.24428317961 0.524438769153 0.502245565931
0.168 0.503623201636 4.97056176736 0.666023145616 0.336 0.475175756957 0.49428506436 0.500686425037 0.503623189917 0.506066608951 0.510313394841 2.62174902481 2.71409546072 -2.22345873956 0.525808222353 0.503607456793
0.1685 0.504979627488 4.98394915392 0.666013536252 0.337 0.47658997052 0.495582757755 0.50200092453 0.504979615234 0.507441673026 0.51162392454 2.62036692459 2.71160683248 -2.2026572579 0.527175614676 0.504968096484
0.169 0.506334807353 4.99732424308 0.666003926889 0.338 0.478004184082 0.49688045115 0.503315424024 0.506334794569 0.508815519649 0.512933758918 2.61896773889 2.70911151361 -2.18187933271 0.52854094612 0.506327481398
0.1695 0.507688737887 5.01068700184 0.665994317525 0.339 0.479418397644 0.498178144546 0.504629923518 0.507688724576 0.510188144091 0.514242889435 2.61755148577 2.70660951029 -2.16112556056 0.529904216687 0.507685607934
0.17 0.50904141575 5.02403739723 0.665984708162 0.34 0.480832611207 0.499475837941 0.505944423012 0.509041401915 0.511559541631 0.515551307562 2.61611818363 2.70410082867 -2.14039653657 0.531265426377 0.509042472495
0.1705 0.510392837604 5.0373753963 0.665975098798 0.341 0.482246824769 0.500773531336 0.507258922505 0.510392823249 0.512929707552 0.51685900478 2.61466785119 2.70158547496 -2.11969285429 0.532624575188 0.510398071492
0.171 0.511743000114 5.05070096616 0.665965489434 0.342 0.483661038332 0.502071224731 0.508573421999 0.511742985243 0.514298637145 0.518165972578 2.61320050748 2.69906345535 -2.09901510578 0.533981663122 0.511752401338
0.1715 0.51309189995 5.06401407391 0.665955880071 0.343 0.485075251894 0.503368918127 0.509887921493 0.513091884567 0.515666325711 0.519472202456 2.61171617183 2.69653477607 -2.07836388147 0.535336690179 0.513105458454
0.172 0.514439533782 5.0773146867 0.665946270707 0.344 0.486489465456 0.504666611522 0.511202420987 0.514439517891 0.517032768554 0.520777685921 2.61021486389 2.69399944336 -2.05773977024 0.536689656358 0.514457239266
0.1725 0.515785898285 5.09060277173 0.665936661343 0.345 0.487903679019 0.505964304917 0.512516920481 0.51578588189 0.518397960987 0.522082414494 2.60869660362 2.69145746347 -2.03714335931 0.538040561659 0.515807740205
0.173 0.517130990138 5.10387829621 0.66592705198 0.346 0.489317892581 0.507261998313 0.513831419974 0.517130973244 0.519761898332 0.523386379703 2.60716141129 2.68890884268 -2.01657523427 0.539389406082 0.517156957707
0.1735 0.518474806022 5.11714122737 0.665917442616 0.347 0.490732106143 0.508559691708 0.515145919468 0.518474788632 0.521124575917 0.524689573087 2.60560930747 2.68635358727 -1.99603597904 0.540736189628 0.518504888215
0.174 0.519817342621 5.13039153249 0.665907833253 0.348 0.492146319706 0.509857385103 0.516460418962 0.51981732474 0.522485989075 0.525991986195 2.60404031305 2.68379170355 -1.97552617582 0.542080912296 0.519851528176
0.1745 0.521158596622 5.14362917888 0.665898223889 0.349 0.493560533268 0.511155078498 0.517774918456 0.521158578255 0.52384613315 0.527293610588 2.60245444923 2.68122319785 -1.95504640512 0.543423574086 0.521196874043
0.175 0.522498564716 5.15685413388 0.665888614525 0.35 0.494974746831 0.512452771894 0.519089417949 0.522498545867 0.525205003493 0.528594437836 2.60085173749 2.67864807649 -1.93459724566 0.544764174999 0.522540922274
0.1755 0.523837243597 5.17006636486 0.665879005162 0.351 0.496388960393 0.513750465289 0.520403917443 0.52383722427 0.526562595459 0.529894459521 2.59923219966 2.67606634583 -1.91417927442 0.546102715034 0.523883669333
0.176 0.525174629961 5.18326583921 0.665869395798 0.352 0.497803173955 0.515048158684 0.521718416937 0.525174610161 0.527918904416 0.531193667235 2.59759585782 2.67347801225 -1.89379306657 0.547439194192 0.52522511169
0.1765 0.52651072051 5.19645252436 0.665859786434 0.353 0.499217387518 0.51634585208 0.523032916431 0.526510700241 0.529273925735 0.532492052582 2.59594273441 2.67088308213 -1.87343919546 0.548773612472 0.526565245818
0.177 0.527845511945 5.20962638779 0.665850177071 0.354 0.50063160108 0.517643545475 0.524347415924 0.527845491213 0.530627654797 0.533789607177 2.59427285212 2.66828156186 -1.85311823259 0.550105969874 0.527904068198
0.1775 0.529179000974 5.22278739698 0.665840567707 0.355 0.502045814642 0.51894123887 0.525661915418 0.529178979783 0.53198008699 0.535086322645 2.59258623397 2.66567345788 -1.8328307476 0.551436266399 0.529241575316
0.178 0.530511184307 5.23593551946 0.665830958344 0.356 0.503460028205 0.520238932265 0.526976414912 0.530511162662 0.53333121771 0.536382190625 2.59088290329 2.66305877662 -1.81257730821 0.552764502046 0.530577763662
0.1785 0.531842058656 5.24907072279 0.66582134898 0.357 0.504874241767 0.521536625661 0.528290914406 0.531842036562 0.534681042361 0.537677202767 2.58916288368 2.66043752452 -1.79235848025 0.554090676815 0.531912629733
0.179 0.533171620737 5.26219297456 0.665811739616 0.358 0.50628845533 0.522834319056 0.5296054139 0.533171598199 0.536029556353 0.538971350731 2.58742619907 2.65780970805 -1.77217482761 0.555414790706 0.533246170031
0.1795 0.534499867271 5.2753022424 0.665802130253 0.359 0.507702668892 0.524132012451 0.530919913393 0.534499844293 0.537376755108 0.540264626192 2.58567287366 2.6551753337 -1.75202691217 0.55673684372 0.534578381062
0.18 0.535826794979 5.28839849395 0.665792520889 0.36 0.509116882454 0.525429705847 0.532234412887 0.535826771568 0.538722634051 0.541557020836 2.58390293196 2.65253440798 -1.73191529388 0.558056835857 0.53590925934
0.1805 0.537152400588 5.3014816969 0.665782911525 0.361 0.510531096017 0.526727399242 0.533548912381 0.537152376748 0.540067188618 0.542848526359 2.58211639877 2.64988693739 -1.71184053064 0.559374767115 0.537238801383
0.181 0.538476680827 5.31455181897 0.665773302162 0.362 0.511945309579 0.528025092637 0.534863411875 0.538476656563 0.541410414252 0.544139134473 2.58031329921 2.64723292846 -1.69180317832 0.560690637496 0.538567003714
0.1815 0.539799632428 5.32760882792 0.665763692798 0.363 0.513359523141 0.529322786032 0.536177911368 0.539799607746 0.542752306405 0.545428836902 2.57849365865 2.64457238775 -1.67180379074 0.562004447 0.539893862862
0.182 0.541121252127 5.34065269151 0.665754083435 0.364 0.514773736704 0.530620479428 0.537492410862 0.541121227032 0.544092860536 0.546717625379 2.57665750278 2.64190532182 -1.65184291963 0.563316195625 0.541219375362
0.1825 0.542441536663 5.35368337758 0.665744474071 0.365 0.516187950266 0.531918172823 0.538806910356 0.54244151116 0.545432072113 0.548005491656 2.57480485758 2.63923173726 -1.63192111463 0.564625883373 0.542543537754
0.183 0.543760482779 5.36670085397 0.665734864707 0.366 0.517602163829 0.533215866218 0.54012140985 0.543760456873 0.546769936611 0.549292427493 2.57293574932 2.63655164065 -1.61203892322 0.565933510244 0.543866346582
0.1835 0.54507808722 5.37970508856 0.665725255344 0.367 0.519016377391 0.534513559614 0.541435909343 0.545078060917 0.548106449515 0.550578424666 2.57105020455 2.63386503861 -1.59219689077 0.567239076237 0.545187798399
0.184 0.546394346734 5.39269604926 0.66571564598 0.368 0.520430590953 0.535811253009 0.542750408837 0.546394320041 0.549441606317 0.551863474963 2.56914825012 2.63117193777 -1.57239556046 0.568542581352 0.546507889759
0.1845 0.547709258075 5.40567370402 0.665706036616 0.369 0.521844804516 0.537108946404 0.544064908331 0.547709230996 0.550775402517 0.553147570186 2.56722991315 2.62847234478 -1.55263547326 0.569844025589 0.547826617224
0.185 0.549022817998 5.41863802081 0.665696427253 0.37 0.523259018078 0.538406639799 0.545379407825 0.549022790539 0.552107833624 0.55443070215 2.56529522107 2.62576626629 -1.53291716796 0.571143408949 0.549143977362
0.1855 0.550335023262 5.43158896766 0.665686817889 0.371 0.52467323164 0.539704333195 0.546693907319 0.550334995428 0.553438895155 0.555712862685 2.56334420158 2.62305370899 -1.51324118108 0.572440731431 0.550459966745
0.186 0.551645870628 5.4445265126 0.665677208526 0.372 0.526087445203 0.54100202659 0.548008406812 0.551645842425 0.554768582637 0.556994043635 2.56137688266 2.62033467956 -1.4936080469 0.573735993035 0.551774581952
0.1865 0.552955356864 5.45745062371 0.665667599162 0.373 0.527501658765 0.542299719985 0.549322906306 0.552955328297 0.556096891604 0.558274236856 2.55939329259 2.61760918471 -1.47401829741 0.575029193762 0.553087819564
0.187 0.554263478737 5.4703612691 0.665657989798 0.374 0.528915872328 0.543597413381 0.5506374058 0.554263449813 0.557423817597 0.559553434221 2.5573934599 2.61487723118 -1.45447246229 0.576320333611 0.554399676172
0.1875 0.55557023302 5.48325841692 0.665648380435 0.375 0.53033008589 0.544895106776 0.551951905294 0.555570203744 0.55874935617 0.560831627614 2.55537741344 2.61213882569 -1.43497106892 0.577609412583 0.555710148369
0.188 0.556875616488 5.49614203535 0.665638771071 0.376 0.531744299452 0.546192800171 0.553266404787 0.556875586867 0.560073502881 0.562108808937 2.5533451823 2.60939397502 -1.4155146423 0.578896430677 0.557019232755
0.1885 0.558179625922 5.50901209259 0.665629161707 0.377 0.533158513015 0.547490493566 0.554580904281 0.55817959596 0.561396253299 0.563384970104 2.55129679588 2.60664268592 -1.39610370511 0.580181387893 0.558326925935
0.189 0.559482258102 5.5218685569 0.665619552344 0.378 0.534572726577 0.548788186962 0.555895403775 0.559482227807 0.562717603002 0.564660103045 2.54923228385 2.60388496519 -1.3767387776 0.581464284232 0.55963322452
0.1895 0.560783509816 5.53471139654 0.66560994298 0.379 0.535986940139 0.550085880357 0.557209903269 0.560783479193 0.564037547575 0.565934199705 2.54715167613 2.60112081963 -1.35742037763 0.582745119692 0.560938125125
0.19 0.562083377852 5.54754057983 0.665600333617 0.38 0.537401153702 0.551383573752 0.558524402763 0.562083346907 0.565356082614 0.567207252043 2.54505500295 2.59835025607 -1.33814902065 0.584023894276 0.562241624373
0.1905 0.563381859003 5.56035607511 0.665590724253 0.381 0.538815367264 0.552681267148 0.559838902256 0.563381827742 0.566673203721 0.568479252035 2.54294229478 2.59557328133 -1.31892521963 0.585300607981 0.563543718889
0.191 0.564678950066 5.57315785077 0.665581114889 0.382 0.540229580827 0.553978960543 0.56115340175 0.564678918495 0.567988906509 0.569750191671 2.54081358239 2.59278990228 -1.29974948509 0.586575260809 0.564844405307
0.1915 0.56597464784 5.58594587522 0.665571505526 0.383 0.541643794389 0.555276653938 0.562467901244 0.565974615964 0.5693031866 0.571020062956 2.5386688968 2.59000012577 -1.28062232505 0.58784785276 0.566143680264
0.192 0.567268949127 5.5987201169 0.665561896162 0.384 0.543058007951 0.556574347333 0.563782400738 0.567268916953 0.570616039623 0.572288857911 2.53650826931 2.5872039587 -1.26154424506 0.589118383832 0.567441540403
0.1925 0.568561850734 5.6114805443 0.665552286798 0.385 0.544472221514 0.557872040729 0.565096900231 0.568561818269 0.571927461219 0.573556568573 2.5343317315 2.58440140796 -1.24251574808 0.590386854027 0.568737982373
0.193 0.569853349472 5.62422712592 0.665542677435 0.386 0.545886435076 0.559169734124 0.566411399725 0.569853316721 0.573237447034 0.574823186996 2.53213931517 2.58159248046 -1.22353733459 0.591653263345 0.570033002827
0.1935 0.571143442153 5.63695983033 0.665533068071 0.387 0.547300648638 0.560467427519 0.567725899219 0.571143409123 0.574545992726 0.576088705247 2.52993105245 2.57877718315 -1.20460950245 0.592917611784 0.571326598426
0.194 0.572432125595 5.64967862609 0.665523458708 0.388 0.548714862201 0.561765120915 0.569040398713 0.572432092291 0.575853093962 0.577353115412 2.52770697568 2.57595552295 -1.18573274696 0.594179899346 0.572618765834
0.1945 0.573719396617 5.66238348184 0.665513849344 0.389 0.550129075763 0.56306281431 0.570354898206 0.573719363046 0.577158746417 0.578616409593 2.52546711749 2.57312750684 -1.16690756083 0.595440126031 0.573909501722
0.195 0.575005252043 5.67507436622 0.66550423998 0.39 0.551543289326 0.564360507705 0.5716693977 0.575005218212 0.578462945775 0.579878579905 2.52321151076 2.5702931418 -1.14813443411 0.596698291837 0.575198802764
0.1955 0.576289688702 5.68775124791 0.665494630617 0.391 0.552957502888 0.5656582011 0.572983897194 0.576289654616 0.57976568773 0.581139618484 2.52094018865 2.56745243481 -1.12941385424 0.597954396766 0.576486665644
0.196 0.577572703422 5.70041409565 0.665485021253 0.392 0.55437171645 0.566955894496 0.574298396688 0.577572669088 0.581066967985 0.58239951748 2.51865318454 2.56460539289 -1.11074630599 0.599208440818 0.577773087046
0.1965 0.57885429304 5.71306287817 0.665475411889 0.393 0.555785930013 0.568253587891 0.575612896182 0.578854258464 0.582366782253 0.583658269061 2.51635053212 2.56175202306 -1.09213227146 0.600460423992 0.579058063664
0.197 0.580134454392 5.72569756429 0.665465802526 0.394 0.557200143575 0.569551281286 0.576927395675 0.58013441958 0.583665126255 0.58491586541 2.51403226529 2.55889233236 -1.07357223003 0.601710346288 0.580341592194
0.1975 0.58141318432 5.73831812281 0.665456193162 0.395 0.558614357137 0.570848974682 0.578241895169 0.581413149279 0.584961995721 0.586172298729 2.51169841822 2.55602632785 -1.0550666584 0.602958207706 0.581623669341
0.198 0.582690479669 5.75092452261 0.665446583799 0.396 0.5600285707 0.572146668077 0.579556394663 0.582690444404 0.586257386392 0.587427561237 2.50934902534 2.5531540166 -1.03661603051 0.604204008247 0.582904291811
0.1985 0.583966337286 5.76351673257 0.665436974435 0.397 0.561442784262 0.573444361472 0.580870894157 0.583966301806 0.587551294017 0.588681645169 2.50698412133 2.55027540569 -1.01822081758 0.60544774791 0.584183456319
0.199 0.585240754026 5.77609472163 0.665427365071 0.398 0.562856997824 0.574742054867 0.58218539365 0.585240718334 0.588843714356 0.589934542779 2.50460374111 2.54739050224 -0.999881488041 0.606689426696 0.585461159585
0.1995 0.586513726741 5.78865845874 0.665417755708 0.399 0.564271211387 0.576039748263 0.583499893144 0.586513690846 0.590134643178 0.591186246337 2.50220791986 2.54449931335 -0.981598507548 0.607929044604 0.586737398332
0.2 0.587785252292 5.80120791292 0.665408146344 0.4 0.565685424949 0.577337441658 0.584814392638 0.5877852162 0.591424076259 0.592436748131 2.49979669301 2.54160184616 -0.963372338959 0.609166601634 0.588012169292
0.2005 0.589055327542 5.81374305319 0.66539853698 0.401 0.567099638512 0.578635135053 0.586128892132 0.589055291258 0.592712009388 0.593686040468 2.49737009622 2.53869810782 -0.945203442314 0.610402097786 0.589285469199
0.201 0.590323949356 5.82626384864 0.665388927617 0.402 0.568513852074 0.579932828449 0.587443391625 0.590323912888 0.593998438363 0.594934115672 2.49492816541 2.5357881055 -0.927092274821 0.611635533061 0.590557294795
0.2015 0.591591114605 5.83877026835 0.665379318253 0.403 0.569928065636 0.581230521844 0.588757891119 0.591591077958 0.595283358989 0.596180966084 2.49247093674 2.53287184637 -0.909039290837 0.612866907459 0.591827642827
0.202 0.592856820161 5.85126228148 0.66536970889 0.404 0.571342279199 0.582528215239 0.590072390613 0.592856783343 0.596566767083 0.597426584065 2.4899984466 2.52994933763 -0.891044941856 0.614096220978 0.593096510045
0.2025 0.594121062902 5.8637398572 0.665360099526 0.405 0.572756492761 0.583825908634 0.591386890107 0.594121025918 0.597848658472 0.598670961993 2.48751073165 2.52702058649 -0.873109676489 0.61532347362 0.594363893207
0.203 0.595383839708 5.87620296472 0.665350490162 0.406 0.574170706323 0.58512360203 0.592701389601 0.595383802565 0.599129028991 0.599914092265 2.48500782876 2.52408560018 -0.855233940451 0.616548665384 0.595629789077
0.2035 0.596645147464 5.8886515733 0.665340880799 0.407 0.575584919886 0.586421295425 0.594015889094 0.596645110169 0.600407874486 0.601155967297 2.48248977504 2.52114438594 -0.837418176542 0.617771796271 0.596894194422
0.204 0.597904983058 5.90108565222 0.665331271435 0.408 0.576999133448 0.58771898882 0.595330388588 0.597904945616 0.601685190812 0.602396579522 2.47995660785 2.51819695103 -0.819662824637 0.61899286628 0.598157106016
0.2045 0.59916334338 5.91350517079 0.665321662071 0.409 0.578413347011 0.589016682216 0.596644888082 0.599163305798 0.602960973835 0.603635921392 2.47740836478 2.51524330272 -0.801968321667 0.620211875411 0.599418520638
0.205 0.600420225326 5.92591009838 0.665312052708 0.41 0.579827560573 0.590314375611 0.597959387576 0.600420187611 0.60423521943 0.60487398538 2.47484508365 2.51228344829 -0.784335101604 0.621428823665 0.600678435072
0.2055 0.601675625795 5.93830040437 0.665302443344 0.411 0.581241774135 0.591612069006 0.599273887069 0.601675587953 0.605507923481 0.606110763976 2.4722668025 2.50931739506 -0.766763595447 0.622643711041 0.601936846109
0.206 0.602929541689 5.9506760582 0.665292833981 0.412 0.582655987698 0.592909762401 0.600588386563 0.602929503727 0.606779081883 0.607346249689 2.46967355964 2.50634515033 -0.749254231208 0.623856537539 0.603193750544
0.2065 0.604181969914 5.96303702933 0.665283224617 0.413 0.58407020126 0.594207455797 0.601902886057 0.604181931839 0.608048690541 0.608580435048 2.46706539355 2.50336672144 -0.731807433898 0.62506730316 0.604449145177
0.207 0.605432907381 5.97538328725 0.665273615253 0.414 0.585484414822 0.595505149192 0.603217385551 0.605432869198 0.609316745371 0.609813312602 2.46444234299 2.50038211575 -0.71442362551 0.626276007903 0.605703026816
0.2075 0.606682351002 5.98771480151 0.66526400589 0.415 0.586898628385 0.596802842587 0.604531885044 0.606682312717 0.610583242296 0.611044874917 2.46180444692 2.49739134061 -0.697103225008 0.627482651769 0.606955392271
0.208 0.607930297695 6.00003154168 0.665254396526 0.416 0.588312841947 0.598100535983 0.605846384538 0.607930259315 0.611848177252 0.612275114581 2.45915174451 2.49439440341 -0.679846648312 0.628687234756 0.608206238359
0.2085 0.60917674438 6.01233347737 0.665244787162 0.417 0.58972705551 0.599398229378 0.607160884032 0.609176705912 0.613111546183 0.6135040242 2.4564842752 2.49139131154 -0.662654308283 0.629889756867 0.609455561904
0.209 0.610421687982 6.02462057822 0.665235177799 0.418 0.591141269072 0.600695922773 0.608475383526 0.610421649432 0.614373345045 0.614731596401 2.45380207859 2.48838207241 -0.645526614713 0.631090218099 0.610703359733
0.2095 0.611665125429 6.03689281392 0.665225568435 0.419 0.592555482634 0.601993616168 0.60978988302 0.611665086804 0.615633569802 0.615957823831 2.45110519455 2.48536669344 -0.628463974309 0.632288618454 0.61194962868
0.21 0.612907053653 6.04915015419 0.665215959072 0.42 0.593969696197 0.603291309564 0.611104382513 0.612907014959 0.616892216431 0.617182699155 2.44839366314 2.48234518208 -0.61146679068 0.633484957931 0.613194365583
0.2105 0.61414746959 6.06139256878 0.665206349708 0.421 0.595383909759 0.604589002959 0.612418882007 0.614147430833 0.618149280915 0.61840621506 2.44566752465 2.47931754577 -0.594535464327 0.634679236531 0.614437567288
0.211 0.615386370179 6.07362002749 0.665196740344 0.422 0.596798123321 0.605886696354 0.613733381501 0.615386331366 0.619404759252 0.619628364252 2.44292681957 2.476283792 -0.577670392625 0.635871454252 0.615679230643
0.2115 0.616623752364 6.08583250014 0.665187130981 0.423 0.598212336884 0.60718438975 0.615047880995 0.6166237135 0.620658647447 0.620849139458 2.44017158862 2.47324392824 -0.560871969818 0.637061611097 0.616919352503
0.212 0.61785961309 6.09802995661 0.665177521617 0.424 0.599626550446 0.608482083145 0.616362380488 0.617859574183 0.621910941516 0.622068533426 2.43740187272 2.470197962 -0.544140586999 0.638249707063 0.61815792973
0.2125 0.61909394931 6.1102123668 0.665167912253 0.425 0.601040764009 0.60977977654 0.617676879982 0.619093910365 0.623161637486 0.623286538924 2.434617713 2.46714590079 -0.527476632104 0.639435742152 0.61939495919
0.213 0.620326757977 6.12237970064 0.66515830289 0.426 0.602454977571 0.611077469935 0.618991379476 0.620326719001 0.624410731393 0.624503148739 2.4318191508 2.46408775215 -0.510880489898 0.640619716363 0.620630437753
0.2135 0.621558036049 6.13453192812 0.665148693526 0.427 0.603869191133 0.612375163331 0.62030587897 0.621557997048 0.625658219286 0.625718355681 2.42900622767 2.46102352361 -0.494352541961 0.641801629697 0.621864362297
0.214 0.622787780488 6.14666901925 0.665139084163 0.428 0.605283404696 0.613672856726 0.621620378464 0.622787741469 0.626904097221 0.62693215258 2.42617898537 2.45795322274 -0.477893166681 0.642981482153 0.623096729704
0.2145 0.624015988261 6.15879094409 0.665129474799 0.429 0.606697618258 0.614970550121 0.622934877957 0.62401594923 0.628148361266 0.628144532287 2.42333746584 2.45487685712 -0.461502739241 0.644159273731 0.624327536863
0.215 0.625242656336 6.17089767272 0.665119865435 0.43 0.60811183182 0.616268243517 0.624249377451 0.625242617299 0.629391007501 0.629355487673 2.42048171125 2.45179443433 -0.445181631606 0.645335004432 0.625556780665
0.2155 0.626467781687 6.18298917528 0.665110256072 0.431 0.609526045383 0.617565936912 0.625563876945 0.62646774265 0.630632032013 0.630565011632 2.41761176395 2.44870596199 -0.428930212514 0.646508674255 0.626784458011
0.216 0.627691361291 6.19506542192 0.665100646708 0.432 0.610940258945 0.618863630307 0.626878376439 0.62769132226 0.631871430903 0.631773097079 2.4147276665 2.4456114477 -0.412748847468 0.6476802832 0.628010565803
0.2165 0.628913392129 6.20712638286 0.665091037344 0.433 0.612354472508 0.620161323702 0.628192875932 0.628913353111 0.633109200281 0.632979736948 2.41182946166 2.44251089911 -0.396637898719 0.648849831268 0.629235100952
0.217 0.630133871185 6.21917202833 0.665081427981 0.434 0.61376868607 0.621459017098 0.629507375426 0.630133832186 0.634345336266 0.634184924196 2.40891719237 2.43940432387 -0.380597725263 0.650017318458 0.630458060373
0.2175 0.631352795449 6.23120232861 0.665071818617 0.435 0.615182899632 0.622756710493 0.63082187492 0.631352756475 0.63557983499 0.635388651803 2.40599090177 2.43629172964 -0.364628682826 0.65118274477 0.631679440985
0.218 0.632570161913 6.24321725402 0.665062209254 0.436 0.616597113195 0.624054403888 0.632136374414 0.63257012297 0.636812692595 0.636590912768 2.4030506332 2.4331731241 -0.348731123856 0.652346110205 0.632899239715
0.2185 0.633785967573 6.25521677491 0.66505259989 0.437 0.618011326757 0.625352097284 0.633450873907 0.633785928666 0.638043905233 0.637791700114 2.40009643018 2.43004851495 -0.332905397515 0.653507414762 0.634117453494
0.219 0.635000209429 6.26720086167 0.665042990526 0.438 0.619425540319 0.626649790679 0.634765373401 0.635000170565 0.639273469067 0.638991006884 2.39712833642 2.4269179099 -0.317151849666 0.654666658441 0.635334079259
0.2195 0.636212884485 6.27916948474 0.665033381163 0.439 0.620839753882 0.627947484074 0.636079872895 0.63621284567 0.64050138027 0.640188826143 2.39414639583 2.42378131667 -0.301470822867 0.655823841243 0.636549113951
0.22 0.637423989749 6.29112261458 0.665023771799 0.44 0.622253967444 0.629245177469 0.637394372389 0.637423950989 0.641727635028 0.641385150979 2.39115065249 2.420638743 -0.285862656361 0.656978963167 0.63776255452
0.2205 0.638633522232 6.30306022171 0.665014162435 0.441 0.623668181007 0.630542870865 0.638708871883 0.638633483534 0.642952229535 0.642579974502 2.38814115066 2.41749019664 -0.270327686068 0.658132024214 0.638974397916
0.221 0.639841478951 6.31498227666 0.665004553072 0.442 0.625082394569 0.63184056426 0.640023371376 0.63984144032 0.644175159996 0.643773289844 2.3851179348 2.41433568537 -0.254866244574 0.659283024383 0.6401846411
0.2215 0.641047856925 6.32688875001 0.664994943708 0.443 0.626496608131 0.633138257655 0.64133787087 0.641047818367 0.645396422629 0.644965090159 2.38208104953 2.41117521696 -0.239478661125 0.660431963674 0.641393281035
0.222 0.642252653177 6.3387796124 0.664985334345 0.444 0.627910821694 0.634435951051 0.642652370364 0.642252614697 0.646616013661 0.646155368623 2.37903053967 2.40800879922 -0.224165261619 0.661578842087 0.642600314689
0.2225 0.643455864734 6.35065483448 0.664975724981 0.445 0.629325035256 0.635733644446 0.643966869858 0.643455826339 0.64783392933 0.647344118435 2.37596645021 2.40483643996 -0.208926368596 0.662723659623 0.643805739039
0.223 0.644657488628 6.36251438695 0.664966115617 0.446 0.630739248818 0.637031337841 0.645281369351 0.644657450323 0.649050165885 0.648531332817 2.37288882629 2.401658147 -0.193762301232 0.663866416281 0.645009551064
0.2235 0.645857521893 6.37435824055 0.664956506254 0.447 0.632153462381 0.638329031236 0.646595868845 0.645857483685 0.650264719586 0.649717005013 2.36979771326 2.39847392819 -0.178673375332 0.665007112062 0.64621174775
0.224 0.647055961569 6.38618636606 0.66494689689 0.448 0.633567675943 0.639626724632 0.647910368339 0.647055923464 0.651477586704 0.65090112829 2.36669315662 2.39528379138 -0.163659903322 0.666145746965 0.647412326087
0.2245 0.648252804699 6.39799873428 0.664937287526 0.449 0.634981889506 0.640924418027 0.649224867833 0.648252766701 0.652688763521 0.652083695937 2.36357520205 2.39208774445 -0.148722194239 0.66728232099 0.648611283073
0.225 0.64944804833 6.40979531608 0.664927678163 0.45 0.636396103068 0.642222111422 0.650539367326 0.649448010446 0.653898246329 0.653264701266 2.36044389539 2.38888579527 -0.13386055373 0.668416834138 0.64980861571
0.2255 0.650641689512 6.42157608234 0.664918068799 0.451 0.63781031663 0.643519804818 0.65185386682 0.650641651747 0.655106031431 0.654444137614 2.35729928265 2.38567795177 -0.119075284039 0.669549286408 0.651004321004
0.226 0.651833725301 6.43334100401 0.664908459436 0.452 0.639224530193 0.644817498213 0.653168366314 0.65183368766 0.656312115143 0.655621998339 2.35414141001 2.38246422183 -0.104366684007 0.6706796778 0.652198395969
0.2265 0.653024152754 6.44509005204 0.664898850072 0.453 0.640638743755 0.646115191608 0.654482865808 0.653024115244 0.65751649379 0.656798276822 2.35097032381 2.37924461341 -0.0897350490604 0.671808008314 0.653390837623
0.227 0.654212968936 6.45682319746 0.664889240708 0.454 0.642052957317 0.647412885003 0.655797365302 0.654212931562 0.658719163708 0.657972966468 2.34778607054 2.37601913443 -0.0751806712063 0.672934277951 0.654581642989
0.2275 0.655400170912 6.46854041131 0.664879631345 0.455 0.64346717088 0.648710578399 0.657111864795 0.655400133679 0.659920121245 0.659146060706 2.34458869686 2.37278779287 -0.0607038390283 0.674058486711 0.655770809097
0.228 0.656585755753 6.48024166467 0.664870021981 0.456 0.644881384442 0.650008271794 0.658426364289 0.656585718667 0.66111936276 0.660317552986 2.3413782496 2.36955059668 -0.0463048376794 0.675180634592 0.656958332981
0.2285 0.657769720534 6.49192692869 0.664860412617 0.457 0.646295598005 0.651305965189 0.659740863783 0.6577696836 0.662316884623 0.661487436785 2.33815477572 2.36630755387 -0.0319839488769 0.676300721597 0.658144211681
0.229 0.658952062334 6.50359617452 0.664850803254 0.458 0.647709811567 0.652603658585 0.661055363277 0.658952025558 0.663512683213 0.662655705599 2.33491832235 2.36305867242 -0.0177414508969 0.677418747723 0.659328442243
0.2295 0.660132778235 6.51524937337 0.66484119389 0.459 0.649124025129 0.65390135198 0.66236986277 0.660132741622 0.664706754924 0.663822352951 2.33166893678 2.35980396037 -0.00357761856983 0.678534712972 0.660511021718
0.23 0.661311865324 6.52688649649 0.664831584527 0.46 0.650538238692 0.655199045375 0.663684362264 0.661311828879 0.665899096158 0.664987372388 2.32840666643 2.35654342573 0.0105072767251 0.679648617343 0.661691947161
0.2305 0.662489320691 6.53850751517 0.664821975163 0.461 0.651952452254 0.65649673877 0.664998861758 0.662489284421 0.667089703329 0.666150757478 2.32513155889 2.35327707655 0.024512967064 0.680760460836 0.662871215635
0.231 0.663665141432 6.55011240073 0.664812365799 0.462 0.653366665816 0.657794432166 0.666313361252 0.663665105341 0.668278572862 0.667312501815 2.32184366188 2.3500049209 0.0384391879831 0.681870243452 0.664048824207
0.2315 0.664839324646 6.56170112454 0.664802756436 0.463 0.654780879379 0.659092125561 0.667627860745 0.664839288738 0.669465701195 0.668472599017 2.31854302328 2.34672696685 0.0522856784826 0.68297796519 0.665224769949
0.232 0.666011867434 6.57327365801 0.664793147072 0.464 0.656195092941 0.660389818956 0.668942360239 0.666011831716 0.670651084775 0.669631042723 2.31522969111 2.34344322247 0.0660521810313 0.68408362605 0.66639904994
0.2325 0.667182766905 6.58482997257 0.664783537708 0.465 0.657609306503 0.661687512352 0.670256859733 0.667182731381 0.671834720061 0.6707878266 2.31190371352 2.34015369589 0.0797384415698 0.685187226033 0.667571661263
0.233 0.668352020168 6.59637003973 0.664773928345 0.466 0.659023520066 0.662985205747 0.671571359227 0.668351984844 0.673016603523 0.671942944337 2.30856513882 2.33685839521 0.0933442095145 0.686288765138 0.668742601007
0.2335 0.669519624339 6.60789383099 0.664764318981 0.467 0.660437733628 0.664282899142 0.672885858721 0.669519589219 0.674196731643 0.673096389648 2.30521401544 2.33355732856 0.106869237761 0.687388243366 0.669911866266
0.234 0.670685576537 6.61940131793 0.664754709618 0.468 0.661851947191 0.665580592537 0.674200358214 0.670685541627 0.675375100913 0.674248156269 2.30185039197 2.3302505041 0.120313282687 0.688485660716 0.67107945414
0.2345 0.671849873885 6.63089247216 0.664745100254 0.469 0.663266160753 0.666878285933 0.675514857708 0.671849839189 0.676551707837 0.675398237964 2.2984743171 2.32693792997 0.133676104156 0.689581017188 0.672245361735
0.235 0.67301251351 6.64236726532 0.66473549089 0.47 0.664680374315 0.668175979328 0.676829357202 0.673012479033 0.677726548931 0.676546628519 2.29508583969 2.32361961435 0.146957465519 0.690674312783 0.67340958616
0.2355 0.674173492543 6.6538256691 0.664725881527 0.471 0.666094587878 0.669473672723 0.678143856696 0.674173458291 0.678899620721 0.677693321745 2.29168500872 2.32029556543 0.160157133618 0.691765547499 0.674572124533
0.236 0.675332808121 6.66526765523 0.664716272163 0.472 0.66750880144 0.670771366119 0.679458356189 0.675332774098 0.680070919745 0.678838311477 2.28827187328 2.31696579142 0.17327487879 0.692854721339 0.675732973974
0.2365 0.676490457382 6.67669319547 0.664706662799 0.473 0.668923015002 0.672069059514 0.680772855683 0.676490423592 0.681240442552 0.679981591576 2.28484648262 2.31363030052 0.186310474865 0.6939418343 0.676892131611
0.237 0.67764643747 6.68810226164 0.664697053436 0.474 0.670337228565 0.673366752909 0.682087355177 0.677646403919 0.682408185704 0.681123155926 2.28140888608 2.31028910097 0.199263699172 0.695026886384 0.678049594576
0.2375 0.678800745533 6.69949482557 0.664687444072 0.475 0.671751442127 0.674664446304 0.683401854671 0.678800712225 0.683574145772 0.682262998436 2.27795913317 2.30694220101 0.212134332539 0.69610987759 0.679205360007
0.238 0.679953378722 6.71087085917 0.664677834709 0.476 0.67316565569 0.6759621397 0.684716354165 0.679953345662 0.684738319339 0.683401113041 2.27449727348 2.3035896089 0.224922159295 0.697190807919 0.680359425047
0.2385 0.681104334195 6.72223033437 0.664668225345 0.477 0.674579869252 0.677259833095 0.686030853658 0.681104301386 0.685900703 0.6845374937 2.27102335675 2.30023133291 0.237626967271 0.69826967737 0.681511786845
0.239 0.682253609109 6.73357322313 0.664658615981 0.478 0.675994082814 0.67855752649 0.687345353152 0.682253576558 0.687061293362 0.685672134396 2.26753743282 2.29686738133 0.250248547803 0.699346485943 0.682662442555
0.2395 0.683401200631 6.74489949746 0.664649006618 0.479 0.677408296377 0.679855219886 0.688659852646 0.683401168341 0.688220087042 0.68680502914 2.26403955165 2.29349776246 0.262786695729 0.700421233639 0.683811389337
0.24 0.684547105929 6.75620912943 0.664639397254 0.48 0.678822509939 0.681152913281 0.68997435214 0.684547073904 0.689377080669 0.687936171964 2.26052976334 2.2901224846 0.275241209396 0.701493920457 0.684958624355
0.2405 0.685691322174 6.76750209112 0.66462978789 0.481 0.680236723501 0.682450606676 0.691288851633 0.685691290419 0.690532270885 0.689065556927 2.25700811806 2.2867415561 0.287611890656 0.702564546397 0.686104144781
0.241 0.686833846544 6.77877835467 0.664620178527 0.482 0.681650937064 0.683748300071 0.692603351127 0.686833815064 0.69168565434 0.690193178114 2.25347466614 2.2833549853 0.299898544865 0.70363311146 0.68724794779
0.2415 0.68797467622 6.79003789226 0.664610569163 0.483 0.683065150626 0.685045993467 0.693917850621 0.687974645018 0.692837227698 0.691319029634 2.24992945799 2.27996278054 0.31210098089 0.704699615645 0.688390030563
0.242 0.689113808387 6.80128067611 0.6646009598 0.484 0.684479364189 0.686343686862 0.695232350115 0.689113777468 0.693986987635 0.692443105621 2.24637254413 2.2765649502 0.324219011103 0.705764058953 0.689530390288
0.2425 0.690251240234 6.81250667848 0.664591350436 0.485 0.685893577751 0.687641380257 0.696546849608 0.690251209602 0.695134930837 0.693565400235 2.2428039752 2.27316150266 0.336252451384 0.706826441382 0.690669024156
0.243 0.691386968955 6.82371587166 0.664581741072 0.486 0.687307791313 0.688939073653 0.697861349102 0.691386938614 0.696281054001 0.694685907662 2.23922380193 2.26975244632 0.348201121116 0.707886762935 0.691805929365
0.2435 0.692520991747 6.834908228 0.664572131709 0.487 0.688722004876 0.690236767048 0.699175848596 0.692520961701 0.697425353838 0.695804622112 2.23563207517 2.26633778959 0.360064843194 0.708945023609 0.692941103119
0.244 0.693653305813 6.84608371988 0.664562522345 0.488 0.690136218438 0.691534460443 0.70049034809 0.693653276065 0.698567827069 0.69692153782 2.23202884585 2.2629175409 0.371843444014 0.710001223406 0.694074542625
0.2445 0.694783908358 6.85724231973 0.664552912981 0.489 0.691550432 0.692832153838 0.701804847584 0.694783878913 0.699708470425 0.698036649049 2.22841416503 2.25949170869 0.383536753477 0.711055362325 0.695206245098
0.245 0.695912796592 6.86838400002 0.664543303618 0.49 0.692964645563 0.694129847234 0.703119347077 0.695912767454 0.700847280652 0.699149950085 2.22478808384 2.2560603014 0.395144604989 0.712107440366 0.696336207757
0.2455 0.697039967731 6.87950873326 0.664533694254 0.491 0.694378859125 0.695427540629 0.704433846571 0.697039938904 0.701984254505 0.700261435241 2.22115065352 2.25262332751 0.406666835458 0.71315745753 0.697464427827
0.246 0.698165418993 6.89061649199 0.664524084891 0.492 0.695793072688 0.696725234024 0.705748346065 0.698165390481 0.703119388751 0.701371098856 2.2175019254 2.2491807955 0.418103285292 0.714205413817 0.698590902538
0.2465 0.699289147602 6.90170724881 0.664514475527 0.493 0.69720728625 0.69802292742 0.707062845559 0.699289119407 0.704252680169 0.702478935292 2.2138419509 2.24573271385 0.429453798399 0.715251309225 0.699715629126
0.247 0.700411150784 6.91278097635 0.664504866163 0.494 0.698621499812 0.699320620815 0.708377345052 0.700411122911 0.70538412555 0.703584938941 2.21017078154 2.24227909109 0.440718222182 0.716295143756 0.700838604832
0.2475 0.701531425771 6.92383764729 0.6644952568 0.495 0.700035713375 0.70061831421 0.709691844546 0.701531398223 0.706513721696 0.704689104217 2.20648846892 2.23881993572 0.451896407543 0.717336917409 0.701959826903
0.248 0.702649969799 6.93487723435 0.664485647436 0.496 0.701449926937 0.701916007605 0.71100634404 0.70264994258 0.70764146542 0.705791425561 2.20279506473 2.23535525629 0.462988208873 0.718376630185 0.703079292591
0.2485 0.703766780108 6.94589971029 0.664476038072 0.497 0.702864140499 0.703213701001 0.712320843534 0.703766753222 0.708767353548 0.706891897441 2.19909062075 2.23188506134 0.473993484058 0.719414282083 0.704196999152
0.249 0.704881853942 6.95690504792 0.664466428709 0.498 0.704278354062 0.704511394396 0.713635343027 0.704881827392 0.709891382917 0.707990514351 2.19537518884 2.22840935943 0.48491209447 0.720449873103 0.705312943851
0.2495 0.705995188551 6.96789322007 0.664456819345 0.499 0.705692567624 0.705809087791 0.714949842521 0.70599516234 0.711013550375 0.709087270808 2.19164882093 2.22492815915 0.495743904966 0.721483403246 0.706427123954
0.25 0.707106781187 6.97886419964 0.664447209982 0.5 0.707106781187 0.707106781187 0.716264342015 0.707106755318 0.712133852783 0.710182161357 2.18791156907 2.22144146908 0.506488783886 0.722514872511 0.707539536737
0.2505 0.708216629106 6.98981795955 0.664437600618 0.501 0.707692567624 0.707973872192 0.717142662496 0.708216603584 0.713252287012 0.711275180571 2.18416348533 2.21794929782 0.517146603051 0.723544280898 0.708650179478
0.251 0.709324729572 7.00075447279 0.664427991254 0.502 0.708278354062 0.708840963197 0.718020982978 0.709324704399 0.714368849946 0.712366323046 2.18040462191 2.21445165399 0.527717237756 0.724571628408 0.709759049463
0.2515 0.71043107985 7.01167371236 0.664418381891 0.503 0.708864140499 0.709708054202 0.718899303459 0.710431055028 0.715483538481 0.713455583405 2.17663503105 2.21094854623 0.53820056677 0.72559691504 0.71086614398
0.252 0.711535677209 7.02257565132 0.664408772527 0.504 0.709449926937 0.710575145208 0.71977762394 0.711535652743 0.716596349522 0.714542956298 2.17285476508 2.20743998317 0.548596472332 0.726620140794 0.711971460325
0.2525 0.712638518925 7.03346026277 0.664399163163 0.505 0.710035713375 0.711442236213 0.720655944421 0.712638494817 0.717707279988 0.7156284364 2.1690638764 2.20392597346 0.558904840143 0.727641305671 0.7130749958
0.253 0.713739602276 7.04432751986 0.6643895538 0.506 0.710621499812 0.712309327218 0.721534264903 0.71373957853 0.718816326811 0.716712018413 2.16526241748 2.20040652579 0.569125559369 0.72866040967 0.714176747711
0.2535 0.714838924546 7.05517739577 0.664379944436 0.507 0.71120728625 0.713176418224 0.722412585384 0.714838901164 0.719923486931 0.717793697064 2.16145044085 2.19688164884 0.579258522632 0.729677452791 0.715276713369
0.254 0.715936483022 7.06600986373 0.664370335073 0.508 0.711793072688 0.714043509229 0.723290905865 0.715936460007 0.721028757302 0.718873467109 2.15762799911 2.1933513513 0.589303626006 0.730692435035 0.716374890092
0.2545 0.717032274995 7.07682489702 0.664360725709 0.509 0.712378859125 0.714910600234 0.724169226347 0.71703225235 0.72213213489 0.719951323328 2.15379514492 2.18981564188 0.599260769015 0.731705356401 0.717471275203
0.255 0.718126297763 7.08762246894 0.664351116345 0.51 0.712964645563 0.71577769124 0.725047546828 0.718126275491 0.723233616671 0.721027260528 2.14995193103 2.18627452931 0.609129854625 0.73271621689 0.71856586603
0.2555 0.719218548626 7.09840255286 0.664341506982 0.511 0.713550432 0.716644782245 0.725925867309 0.719218526729 0.724333199634 0.722101273541 2.14609841021 2.18272802233 0.618910789242 0.7337250165 0.719658659905
0.256 0.720309024888 7.10916512218 0.664331897618 0.512 0.714136218438 0.71751187325 0.726804187791 0.720309003369 0.725430880779 0.723173357229 2.14223463531 2.17917612968 0.628603482706 0.734731755233 0.720749654169
0.2565 0.721397723859 7.11991015034 0.664322288254 0.513 0.714722004876 0.718378964255 0.727682508272 0.721397702721 0.726526657119 0.724243506476 2.13836065925 2.17561886013 0.638207848284 0.735736433089 0.721838846166
0.257 0.722484642853 7.13063761082 0.664312678891 0.514 0.715307791313 0.719246055261 0.728560828753 0.722484622098 0.727620525677 0.725311716197 2.13447653498 2.17205622246 0.647723802669 0.736739050067 0.722926233245
0.2575 0.723569779188 7.14134747717 0.664303069527 0.515 0.715893577751 0.720113146266 0.729439149234 0.723569758819 0.728712483489 0.726377981329 2.13058231551 2.16848822545 0.65715126597 0.737739606167 0.724011812762
0.258 0.724653130187 7.15203972296 0.664293460164 0.516 0.716479364189 0.720980237271 0.730317469716 0.724653110205 0.729802527602 0.727442296839 2.12667805393 2.16491487792 0.666490161708 0.73873810139 0.725095582077
0.2585 0.725734693176 7.16271432179 0.6642838508 0.517 0.717065150626 0.721847328277 0.731195790197 0.725734673585 0.730890655075 0.728504657718 2.12276380334 2.16133618867 0.675740416811 0.739734535734 0.726177538557
0.259 0.726814465487 7.17337124734 0.664274241436 0.518 0.717650937064 0.722714419282 0.732074110678 0.726814446288 0.731976862979 0.729565058986 2.11883961692 2.15775216654 0.684901961608 0.740728909202 0.727257679574
0.2595 0.727892444455 7.18401047332 0.664264632073 0.519 0.718236723501 0.723581510287 0.73295243116 0.727892425651 0.733061148396 0.730623495688 2.11490554788 2.15416282037 0.693974729821 0.741721221791 0.728336002504
0.26 0.728968627421 7.19463197345 0.664255022709 0.52 0.718822509939 0.724448601293 0.733830751641 0.728968609014 0.734143508419 0.731679962896 2.11096164948 2.15056815902 0.702958658559 0.742711473503 0.729412504729
0.2605 0.73004301173 7.20523572155 0.664245413345 0.521 0.719408296377 0.725315692298 0.734709072122 0.730042993722 0.735223940156 0.732734455708 2.10700797502 2.14696819136 0.711853688315 0.743699664338 0.730487183639
0.261 0.73111559473 7.21582169145 0.664235803982 0.522 0.719994082814 0.726182783303 0.735587392603 0.731115577123 0.736302440724 0.73378696925 2.10304457786 2.14336292626 0.720659762954 0.744685794294 0.731560036626
0.2615 0.732186373775 7.22638985703 0.664226194618 0.523 0.720579869252 0.727049874308 0.736465713085 0.732186356571 0.737379007251 0.734837498674 2.09907151137 2.13975237263 0.729376829711 0.745669863373 0.732631061088
0.262 0.733255346223 7.2369401922 0.664216585255 0.524 0.72116565569 0.727916965314 0.737344033566 0.733255329424 0.738453636879 0.735886039159 2.09508882899 2.13613653938 0.738004839179 0.746651871574 0.733700254431
0.2625 0.734322509436 7.24747267095 0.664206975891 0.525 0.721751442127 0.728784056319 0.738222354047 0.734322493044 0.73952632676 0.73693258591 2.09109658417 2.13251543542 0.746543745308 0.747631818898 0.734767614064
0.263 0.735387860781 7.25798726727 0.664197366527 0.526 0.722337228565 0.729651147324 0.739100674529 0.735387844798 0.74059707406 0.737977134158 2.08709483041 2.12888906969 0.754993505393 0.748609705344 0.735833137401
0.2635 0.73645139763 7.26848395524 0.664187757164 0.527 0.722923015002 0.73051823833 0.73997899501 0.736451382057 0.741665875954 0.739019679164 2.08308362124 2.12525745114 0.763354080068 0.749585530912 0.736896821865
0.264 0.737513117358 7.27896270894 0.6641781478 0.528 0.72350880144 0.731385329335 0.740857315491 0.737513102197 0.742732729631 0.740060216213 2.07906301023 2.12162058872 0.771625433299 0.750559295603 0.737958664879
0.2645 0.738573017346 7.28942350253 0.664168538436 0.529 0.724094587878 0.73225242034 0.741735635973 0.738573002599 0.743797632289 0.741098740616 2.07503305097 2.11797849142 0.779807532375 0.751530999416 0.739018663877
0.265 0.739631094979 7.29986631018 0.664158929073 0.53 0.724680374315 0.733119511346 0.742613956454 0.739631080646 0.744860581141 0.742135247714 2.07099379708 2.11433116822 0.7879003479 0.752500642352 0.740076816294
0.2655 0.740687347645 7.31029110615 0.664149319709 0.531 0.725266160753 0.733986602351 0.743492276935 0.740687333729 0.745921573409 0.743169732873 2.0669453022 2.11067862811 0.795903853789 0.753468224409 0.741133119573
0.266 0.741741772739 7.32069786469 0.664139710346 0.532 0.725851947191 0.734853693356 0.744370597416 0.741741759241 0.746980606328 0.744202191485 2.06288762001 2.10702088012 0.803818027255 0.75443374559 0.742187571162
0.2665 0.742794367659 7.33108656015 0.664130100982 0.533 0.726437733628 0.735720784361 0.745248917898 0.742794354581 0.748037677146 0.745232618971 2.05882080421 2.10335793326 0.8116428488 0.755397205892 0.743240168513
0.267 0.743845129807 7.34145716687 0.664120491618 0.534 0.727023520066 0.736587875367 0.746127238379 0.74384511715 0.749092783119 0.746261010776 2.05474490851 2.09968979657 0.819378302212 0.756358605317 0.744290909086
0.2675 0.744894056592 7.35180965928 0.664110882255 0.535 0.727609306503 0.737454966372 0.74700555886 0.744894044357 0.750145921519 0.747287362375 2.05065998666 2.09601647911 0.827024374553 0.757317943864 0.745339790345
0.268 0.745941145424 7.36214401183 0.664101272891 0.536 0.728195092941 0.738322057377 0.747883879342 0.745941133613 0.751197089626 0.748311669268 2.0465660924 2.09233798994 0.834581056149 0.758275221533 0.746386809758
0.2685 0.746986393721 7.37246019902 0.664091663527 0.537 0.728780879379 0.739189148383 0.748762199823 0.746986382334 0.752246284735 0.749333926981 2.04246327952 2.08865433812 0.842048340583 0.759230438325 0.747431964802
0.269 0.748029798903 7.3827581954 0.664082054164 0.538 0.729366665816 0.740056239388 0.749640520304 0.748029787942 0.75329350415 0.75035413107 2.03835160179 2.08496553277 0.849426224685 0.760183594239 0.748475252955
0.2695 0.749071358396 7.39303797556 0.6640724448 0.539 0.729952452254 0.740923330393 0.750518840785 0.749071347862 0.754338745189 0.751372277114 2.03423111303 2.08127158297 0.856714708527 0.761134689276 0.749516671705
0.27 0.75011106963 7.40329951413 0.664062835436 0.54 0.730538238692 0.741790421399 0.751397161267 0.750111059523 0.755382005179 0.752388360723 2.03010186705 2.07757249783 0.863913795404 0.762083723435 0.750556218541
0.2705 0.75114893004 7.4135427858 0.664053226073 0.541 0.731124025129 0.742657512404 0.752275481748 0.751148920361 0.756423281461 0.753402377531 2.02596391767 2.0738682865 0.871023491836 0.763030696716 0.751593890962
0.271 0.752184937064 7.42376776528 0.664043616709 0.542 0.731709811567 0.743524603409 0.753153802229 0.752184927814 0.757462571388 0.754414323199 2.02181731872 2.0701589581 0.878043807549 0.76397560912 0.752629686468
0.2715 0.753219088147 7.43397442736 0.664034007346 0.543 0.732295598005 0.744391694414 0.754032122711 0.753219079327 0.758499872322 0.755424193417 2.01766212404 2.06644452178 0.884974755473 0.764918460646 0.753663602567
0.272 0.754251380736 7.44416274684 0.664024397982 0.544 0.732881384442 0.74525878542 0.754910443192 0.754251372347 0.759535181639 0.7564319839 2.01349838748 2.06272498673 0.891816351725 0.765859251294 0.754695636773
0.2725 0.755281812285 7.45433269859 0.664014788618 0.545 0.73346717088 0.746125876425 0.755788763673 0.755281804328 0.760568496725 0.75743769039 2.00932616289 2.0590003621 0.898568615604 0.766797981065 0.755725786604
0.273 0.756310380251 7.46448425752 0.664005179255 0.546 0.734052957317 0.74699296743 0.756667084155 0.756310372726 0.76159981498 0.758441308657 2.00514550412 2.05527065709 0.90523156958 0.767734649958 0.756754049583
0.2735 0.757337082097 7.47461739857 0.663995569891 0.547 0.734638743755 0.747860058436 0.757545404636 0.757337075004 0.762629133814 0.759442834497 2.00095646501 2.05153588091 0.911805239282 0.768669257973 0.75778042324
0.274 0.758361915289 7.48473209675 0.663985960527 0.548 0.735224530193 0.748727149441 0.758423725117 0.758361908629 0.763656450649 0.760442263734 1.99675909943 2.04779604277 0.918289653489 0.769601805111 0.75880490511
0.2745 0.759384877298 7.4948283271 0.663976351164 0.549 0.73581031663 0.749594240446 0.759302045598 0.759384871071 0.764681762918 0.761439592218 1.99255346121 2.04405115189 0.924684844118 0.770532291371 0.759827492732
0.275 0.7604059656 7.5049060647 0.6639667418 0.55 0.736396103068 0.750461331451 0.76018036608 0.760405959807 0.765705068067 0.762434815825 1.98833960421 2.04030121752 0.930990846217 0.771460716753 0.760848183653
0.2755 0.761425177676 7.51496528469 0.663957132437 0.551 0.736981889506 0.751328422457 0.761058686561 0.761425172318 0.766726363552 0.763427930461 1.98411758225 2.03654624891 0.937207697949 0.772387081258 0.761866975422
0.276 0.762442511011 7.52500596226 0.663947523073 0.552 0.737567675943 0.752195513462 0.761937007042 0.762442506087 0.767745646843 0.764418932056 1.97988744917 2.03278625533 0.943335440587 0.773311384885 0.762883865597
0.2765 0.763457963096 7.53502807261 0.663937913709 0.553 0.738153462381 0.753062604467 0.762815327524 0.763457958606 0.768762915419 0.765407816567 1.97564925878 2.02902124605 0.949374118496 0.774233627634 0.76389885174
0.277 0.764471531423 7.54503159104 0.663928304346 0.554 0.738739248818 0.753929695473 0.763693648005 0.764471527368 0.769778166771 0.766394579981 1.97140306491 2.02525123035 0.95532377913 0.775153809506 0.764911931418
0.2775 0.765483213493 7.55501649285 0.663918694982 0.555 0.739325035256 0.754796786478 0.764571968486 0.765483209873 0.770791398405 0.767379218307 1.96714892134 2.02147621756 0.961184473012 0.7760719305 0.765923102203
0.278 0.766493006809 7.56498275341 0.663909085618 0.556 0.739910821694 0.755663877483 0.765450288967 0.766493003624 0.771802607833 0.768361727586 1.96288688187 2.01769621697 0.966956253732 0.776987990616 0.766932361674
0.2785 0.76750090888 7.57493034813 0.663899476255 0.557 0.740496608131 0.756530968489 0.766328609449 0.76750090613 0.772811792584 0.769342103882 1.95861700026 2.01391123791 0.972639177927 0.777901989855 0.767939707415
0.279 0.768506917219 7.58485925245 0.663889866891 0.558 0.741082394569 0.757398059494 0.76720692993 0.768506914903 0.773818950195 0.770320343288 1.95433933026 2.01012128974 0.978233305275 0.778813928216 0.768945137013
0.2795 0.769511029343 7.59476944189 0.663880257528 0.559 0.741668181007 0.758265150499 0.768085250411 0.769511027462 0.774824078216 0.771296441923 1.95005392561 2.00632638178 0.983738698479 0.7797238057 0.769948648065
0.28 0.770513242776 7.604660892 0.663870648164 0.56 0.742253967444 0.759132241504 0.768963570893 0.770513241329 0.775827174208 0.772270395934 1.94576084002 2.00252652342 0.989155423262 0.780631622306 0.77095023817
0.2805 0.771513555043 7.61453357836 0.6638610388 0.561 0.742839753882 0.75999933251 0.769841891374 0.77151355403 0.776828235745 0.773242201492 1.94146012719 1.99872172402 0.994483548346 0.781537378034 0.771949904933
0.281 0.772511963678 7.62438747661 0.663851429437 0.562 0.743425540319 0.760866423515 0.770720211855 0.772511963099 0.77782726041 0.774211854799 1.93715184078 1.99491199297 0.999723145448 0.782441072884 0.772947645965
0.2815 0.773508466216 7.63422256244 0.663841820073 0.563 0.744011326757 0.76173351452 0.771598532337 0.77350846607 0.778824245799 0.77517935208 1.93283603444 1.99109733968 1.00487428926 0.783342706857 0.773943458882
0.282 0.774503060199 7.64403881159 0.663832210709 0.564 0.744597113195 0.762600605526 0.772476852818 0.774503060486 0.779819189521 0.776144689589 1.92851276179 1.98727777355 1.00993705745 0.784242279952 0.774937341306
0.2825 0.775495743172 7.65383619984 0.663822601346 0.565 0.745182899632 0.763467696531 0.773355173299 0.775495743892 0.780812089194 0.777107863606 1.92418207643 1.98345330401 1.01491153063 0.78513979217 0.775929290865
0.283 0.776486512687 7.663614703 0.663812991982 0.566 0.74576868607 0.764334787536 0.77423349378 0.776486513839 0.781802942449 0.778068870439 1.91984403191 1.97962394049 1.01979779236 0.78603524351 0.77691930519
0.2835 0.777475366299 7.67337429696 0.663803382619 0.567 0.746354472508 0.765201878542 0.775111814262 0.777475367881 0.782791746927 0.77902770642 1.91549868178 1.97578969246 1.02459592913 0.786928633972 0.777907381919
0.284 0.778462301567 7.68311495763 0.663793773255 0.568 0.746940258945 0.766068969547 0.775990134743 0.77846230358 0.783778500283 0.779984367912 1.91114607952 1.97195056935 1.02930603035 0.787819963557 0.778893518697
0.2845 0.779447316057 7.69283666097 0.663784163891 0.569 0.747526045383 0.766936060552 0.776868455224 0.7794473185 0.784763200181 0.7809388513 1.9067862786 1.96810658066 1.03392818832 0.788709232264 0.779877713172
0.285 0.780430407338 7.70253938301 0.663774554528 0.57 0.74811183182 0.767803151557 0.777746775706 0.780430410211 0.785745844297 0.781891152999 1.90241933247 1.96425773586 1.03846249826 0.789596440093 0.780859962997
0.2855 0.781411572985 7.7122230998 0.663764945164 0.571 0.748697618258 0.768670242563 0.778625096187 0.781411576286 0.78672643032 0.78284126945 1.89804529452 1.96040404444 1.04290905823 0.790481587045 0.781840265834
0.286 0.782390810577 7.72188778744 0.6637553358 0.572 0.749283404696 0.769537333568 0.779503416668 0.782390814305 0.787704955949 0.783789197121 1.89366421809 1.95654551593 1.0472679692 0.791364673119 0.782818619346
0.2865 0.783368117696 7.73153342209 0.663745726437 0.573 0.749869191133 0.770404424573 0.780381737149 0.783368121851 0.788681418895 0.784734932504 1.88927615652 1.95268215983 1.05153933494 0.792245698315 0.783795021206
0.287 0.784343491933 7.74115997995 0.663736117073 0.574 0.750454977571 0.771271515579 0.781260057631 0.784343496514 0.78965581688 0.785678472122 1.88488116309 1.94881398568 1.05572326211 0.793124662634 0.784769469088
0.2875 0.785316930881 7.75076743727 0.66372650771 0.575 0.751040764009 0.772138606584 0.782138378112 0.785316935886 0.790628147637 0.786619812521 1.88047929102 1.94494100303 1.05981986016 0.794001566075 0.785741960674
0.288 0.786288432137 7.76035577034 0.663716898346 0.576 0.751626550446 0.773005697589 0.783016698593 0.786288437565 0.791598408912 0.787558950275 1.87607059351 1.94106322143 1.06382924138 0.794876408638 0.786712493651
0.2885 0.787257993304 7.76992495551 0.663707288982 0.577 0.752212336884 0.773872788595 0.783895019075 0.787257999155 0.792566598461 0.788495881986 1.87165512372 1.93718065045 1.06775152083 0.795749190324 0.787681065712
0.289 0.78822561199 7.77947496915 0.663697679619 0.578 0.752798123321 0.7747398796 0.784773339556 0.788225618262 0.793532714051 0.789430604279 1.86723293473 1.93329329967 1.07158681638 0.796619911132 0.788647674554
0.2895 0.789191285809 7.78900578772 0.663688070255 0.579 0.753383909759 0.775606970605 0.785651660037 0.789191292501 0.794496753463 0.79036311381 1.86280407961 1.92940117868 1.07533524865 0.797488571063 0.78961231788
0.29 0.790155012376 7.79851738769 0.663678460891 0.58 0.753969696197 0.77647406161 0.786529980518 0.790155019486 0.795458714485 0.791293407257 1.85836861135 1.92550429709 1.07899694103 0.798355170115 0.7905749934
0.2905 0.791116789314 7.80800974559 0.663668851528 0.581 0.754555482634 0.777341152616 0.787408301 0.791116796842 0.796418594921 0.792221481328 1.85392658292 1.9216026645 1.08257201966 0.799219708291 0.791535698827
0.291 0.79207661425 7.817482838 0.663659242164 0.582 0.755141269072 0.778208243621 0.788286621481 0.792076622194 0.797376392582 0.793147332755 1.84947804721 1.91769629055 1.08606061339 0.800082185588 0.79249443188
0.2915 0.793034484816 7.82693664155 0.663649632801 0.583 0.75572705551 0.779075334626 0.789164941962 0.793034493174 0.798332105294 0.794070958299 1.84502305708 1.91378518488 1.08946285381 0.800942602008 0.793451190285
0.292 0.793990398648 7.83637113292 0.663640023437 0.584 0.756312841947 0.779942425632 0.790043262444 0.793990407419 0.799285730892 0.794992354745 1.84056166531 1.90986935713 1.09277887519 0.80180095755 0.794405971772
0.2925 0.794944353388 7.84578628881 0.663630414073 0.585 0.756898628385 0.780809516637 0.790921582925 0.79494436257 0.800237267223 0.795911518906 1.83609392464 1.90594881697 1.0960088145 0.802657252215 0.795358774077
0.293 0.795896346681 7.85518208601 0.66362080471 0.586 0.757484414822 0.781676607642 0.791799903406 0.795896356273 0.801186712145 0.796828447621 1.83161988775 1.90202357407 1.09915281138 0.803511486002 0.796309594941
0.2935 0.796846376179 7.86455850133 0.663611195346 0.587 0.75807020126 0.782543698648 0.792678223888 0.79684638618 0.802134063527 0.797743137753 1.82713960727 1.89809363811 1.10221100813 0.804363658911 0.797258432111
0.294 0.797794439539 7.87391551163 0.663601585982 0.588 0.758655987698 0.783410789653 0.793556544369 0.797794449945 0.803079319251 0.798655586196 1.82265313576 1.8941590188 1.10518354968 0.805213770942 0.79820528334
0.2945 0.798740534419 7.88325309383 0.663591976619 0.589 0.759241774135 0.784277880658 0.79443486485 0.798740545231 0.804022477207 0.799565789866 1.8181605257 1.89021972584 1.10807058362 0.806061822096 0.799150146383
0.295 0.799684658487 7.89257122489 0.663582367255 0.59 0.759827560573 0.785144971663 0.795313185331 0.799684669701 0.8049635353 0.800473745707 1.81366182955 1.88627576895 1.11087226012 0.806907812373 0.800093019006
0.2955 0.800626809413 7.90186988181 0.663572757892 0.591 0.760413347011 0.786012062669 0.796191505813 0.800626821028 0.805902491442 0.80137945069 1.80915709966 1.88232715786 1.11358873198 0.807751741771 0.801033898975
0.296 0.801566984871 7.91114904165 0.663563148528 0.592 0.760999133448 0.786879153674 0.797069826294 0.801566996885 0.80683934356 0.80228290181 1.80464638836 1.87837390232 1.11622015458 0.808593610292 0.801972784065
0.2965 0.802505182542 7.92040868152 0.663553539164 0.593 0.761584919886 0.787746244679 0.797948146775 0.802505194954 0.80777408959 0.80318409609 1.80012974787 1.87441601207 1.11876668585 0.809433417935 0.802909672056
0.297 0.803441400112 7.92964877856 0.663543929801 0.594 0.762170706323 0.788613335685 0.798826467257 0.803441412919 0.808706727479 0.804083030578 1.79560723037 1.87045349689 1.12122848629 0.810271164701 0.803844560732
0.2975 0.80437563527 7.93886930999 0.663534320437 0.595 0.762756492761 0.78948042669 0.799704787738 0.80437564847 0.809637255186 0.80497970235 1.79107888796 1.86648636656 1.12360571896 0.811106850589 0.804777447882
0.298 0.805307885711 7.94807025305 0.663524711073 0.596 0.763342279199 0.790347517695 0.800583108219 0.805307899303 0.810565670681 0.805874108504 1.78654477267 1.86251463085 1.12589854941 0.811940475599 0.805708331304
0.2985 0.806238149135 7.95725158503 0.66351510171 0.597 0.763928065636 0.791214608701 0.8014614287 0.806238163115 0.811491971945 0.806766246169 1.78200493646 1.85853829957 1.12810714573 0.812772039732 0.806637208798
0.299 0.807166423246 7.96641328328 0.663505492346 0.598 0.764513852074 0.792081699706 0.802339749182 0.807166437614 0.812416156969 0.807656112496 1.77745943122 1.85455738254 1.1302316785 0.813601542987 0.80756407817
0.2995 0.808092705755 7.97555532521 0.663495882983 0.599 0.765099638512 0.792948790711 0.803218069663 0.808092720507 0.813338223758 0.808543704664 1.77290830876 1.85057188956 1.13227232077 0.814428985365 0.808488937233
0.3 0.809016994375 7.98467768824 0.663486273619 0.6 0.765685424949 0.793815881716 0.804096390144 0.809017009509 0.814258170323 0.809429019877 1.76835162081 1.84658183049 1.13422924806 0.815254366864 0.809411783803
0.3005 0.809939286826 7.99378034987 0.663476664255 0.601 0.766271211387 0.794682972722 0.804974710626 0.809939302341 0.815175994691 0.810312055366 1.76378941903 1.84258721516 1.13610263835 0.816077687486 0.810332615704
0.301 0.810859580832 8.00286328765 0.663467054892 0.602 0.766856997824 0.795550063727 0.805853031107 0.810859596725 0.816091694898 0.811192808386 1.759221755 1.83858805343 1.13789267205 0.816898947231 0.811251430764
0.3015 0.811777874123 8.01192647915 0.663457445528 0.603 0.767442784262 0.796417154732 0.806731351588 0.811777890391 0.817005268989 0.812071276219 1.75464868022 1.83458435516 1.13959953198 0.817718146098 0.812168226816
0.302 0.812694164433 8.02096990203 0.663447836164 0.604 0.7680285707 0.797284245738 0.80760967207 0.812694181074 0.817916715024 0.812947456173 1.75007024612 1.83057613024 1.14122340337 0.818535284087 0.8130830017
0.3025 0.813608449501 8.02999353396 0.663438226801 0.605 0.768614357137 0.798151336743 0.808487992551 0.813608466512 0.818826031071 0.81382134558 1.74548650402 1.82656338856 1.14276447386 0.819350361198 0.81399575326
0.303 0.814520727071 8.03899735267 0.663428617437 0.606 0.769200143575 0.799018427748 0.809366313032 0.81452074445 0.819733215209 0.814692941801 1.74089750518 1.82254614001 1.14422293342 0.820163377432 0.814906479346
0.3035 0.815430994891 8.04798133596 0.663419008074 0.607 0.769785930013 0.799885518754 0.810244633513 0.815431012636 0.820638265529 0.815562242218 1.73630330077 1.81852439451 1.14559897442 0.820974332788 0.815815177814
0.304 0.816339250717 8.05694546166 0.66340939871 0.608 0.77037171645 0.800752609759 0.811122953995 0.816339268825 0.821541180132 0.816429244242 1.73170394188 1.81449816199 1.14689279154 0.821783227267 0.816721846524
0.3045 0.817245492307 8.06588970764 0.663399789346 0.609 0.770957502888 0.801619700764 0.812001274476 0.817245510775 0.822441957131 0.817293945309 1.7270994795 1.81046745236 1.14810458181 0.822590060868 0.817626483343
0.305 0.818149717425 8.07481405185 0.663390179983 0.61 0.771543289326 0.802486791769 0.812879594957 0.81814973625 0.823340594649 0.81815634288 1.72248996455 1.80643227559 1.14923454456 0.823394833591 0.818529086143
0.3055 0.81905192384 8.08371847225 0.663380570619 0.611 0.772129075763 0.803353882775 0.813757915439 0.81905194302 0.824237090819 0.81901643444 1.71787544783 1.80239264163 1.15028288141 0.824197545437 0.8194296528
0.306 0.819952109325 8.09260294688 0.663370961255 0.612 0.772714862201 0.80422097378 0.81463623592 0.819952128858 0.825131443786 0.819874217502 1.71325598009 1.79834856045 1.15124979626 0.824998196404 0.820328181198
0.3065 0.820850271661 8.10146745382 0.663361351892 0.613 0.773300648638 0.805088064785 0.815514556401 0.820850291542 0.826023651706 0.820729689604 1.70863161195 1.79430004201 1.15213549528 0.825796786495 0.821224669224
0.307 0.82174640863 8.11031197119 0.663351742528 0.614 0.773886435076 0.805955155791 0.816392876882 0.821746428857 0.826913712744 0.821582848306 1.70400239397 1.79024709632 1.15294018689 0.826593315707 0.822119114772
0.3075 0.822640518021 8.11913647717 0.663342133165 0.615 0.774472221514 0.806822246796 0.817271197364 0.822640538592 0.827801625078 0.822433691198 1.6993683766 1.78618973338 1.15366408173 0.827387784042 0.823011515741
0.308 0.823532597628 8.12794094999 0.663332523801 0.616 0.775058007951 0.807689337801 0.818149517845 0.823532618541 0.828687386895 0.823282215891 1.69472961018 1.78212796319 1.15430739265 0.8281801915 0.823901870034
0.3085 0.824422645251 8.13672536793 0.663322914437 0.617 0.775643794389 0.808556428807 0.819027838326 0.824422666501 0.829570996393 0.824128420025 1.69008614499 1.77806179577 1.15487033472 0.828970538079 0.824790175563
0.309 0.825310658693 8.1454897093 0.663313305074 0.618 0.776229580827 0.809423519812 0.819906158808 0.825310680278 0.830452451781 0.824972301261 1.68543803119 1.77399124116 1.15535312518 0.829758823781 0.825676430242
0.3095 0.826196635763 8.15423395249 0.66330369571 0.619 0.776815367264 0.810290610817 0.820784479289 0.826196657679 0.831331751279 0.825813857289 1.68078531883 1.76991630941 1.15575598344 0.830545048606 0.826560631992
0.31 0.827080574275 8.16295807592 0.663294086346 0.62 0.777401153702 0.811157701822 0.82166279977 0.827080596519 0.832208893117 0.826653085822 1.67612805789 1.76583701057 1.15607913104 0.831329212552 0.827442778738
0.3105 0.827962472047 8.17166205805 0.663284476983 0.621 0.777986940139 0.812024792828 0.822541120252 0.827962494618 0.833083875535 0.827489984598 1.67146629823 1.76175335469 1.1563227917 0.832111315621 0.828322868413
0.311 0.828842326905 8.18034587743 0.663274867619 0.622 0.778572726577 0.812891883833 0.823419440733 0.828842349798 0.833956696785 0.828324551379 1.66680008961 1.75766535187 1.15648719121 0.832891357813 0.829200898954
0.3115 0.829720136676 8.18900951261 0.663265258256 0.623 0.779158513015 0.813758974838 0.824297761214 0.829720159888 0.834827355128 0.829156783954 1.66212948169 1.75357301218 1.1565725575 0.833669339127 0.830076868302
0.312 0.830595899196 8.19765294223 0.663255648892 0.624 0.779744299452 0.814626065844 0.825176081695 0.830595922724 0.835695848838 0.829986680136 1.65745452404 1.74947634572 1.15657912055 0.834445259563 0.830950774406
0.3125 0.831469612303 8.20627614495 0.663246039528 0.625 0.78033008589 0.815493156849 0.826054402177 0.831469636144 0.836562176196 0.830814237761 1.6527752661 1.74537536261 1.15650711244 0.835219119121 0.831822615219
0.313 0.832341273841 8.21487909951 0.663236430165 0.626 0.780915872328 0.816360247854 0.826932722658 0.832341297991 0.837426335495 0.831639454693 1.64809175721 1.74127007295 1.1563567673 0.835990917802 0.832692388699
0.3135 0.833210881659 8.22346178466 0.663226820801 0.627 0.781501658765 0.81722733886 0.827811043139 0.833210906117 0.838288325041 0.832462328818 1.64340404663 1.73716048689 1.15612832127 0.836760655605 0.833560092811
0.314 0.834078433613 8.23202417924 0.663217211437 0.628 0.782087445203 0.818094429865 0.828689363621 0.834078458373 0.839148143147 0.833282858048 1.63871218347 1.73304661455 1.15582201253 0.83752833253 0.834425725525
0.3145 0.834943927561 8.24056626212 0.663207602074 0.629 0.78267323164 0.81896152087 0.829567684102 0.834943952621 0.840005788137 0.834101040318 1.63401621676 1.72892846609 1.15543808127 0.838293948578 0.835289284815
0.315 0.835807361368 8.24908801222 0.66319799271 0.63 0.783259018078 0.819828611875 0.830446004583 0.835807386724 0.840861258347 0.834916873589 1.62931619541 1.72480605168 1.15497676966 0.839057503748 0.836150768663
0.3155 0.836668732904 8.25758940852 0.663188383347 0.631 0.783844804516 0.820695702881 0.831324325064 0.836668758552 0.841714552121 0.835730355845 1.62461216822 1.72067938147 1.15443832184 0.839818998041 0.837010175053
0.316 0.837528040042 8.26607043004 0.663178773983 0.632 0.784430590953 0.821562793886 0.832202645546 0.83752806598 0.842565667816 0.836541485097 1.61990418389 1.71654846566 1.1538229839 0.840578431456 0.837867501977
0.3165 0.838385280663 8.27453105584 0.663169164619 0.633 0.785016377391 0.822429884891 0.833080966027 0.838385306887 0.843414603797 0.837350259378 1.61519229098 1.71241331444 1.15313100387 0.841335803993 0.838722747432
0.317 0.839240452652 8.28297126507 0.663159555256 0.634 0.785602163829 0.823296975897 0.833959286508 0.839240479159 0.84426135844 0.838156676745 1.61047653796 1.70827393801 1.15236263172 0.842091115653 0.83957590942
0.3175 0.840093553899 8.29139103689 0.663149945892 0.635 0.786187950266 0.824164066902 0.83483760699 0.840093580684 0.845105930133 0.838960735281 1.60575697318 1.70413034658 1.1515181193 0.842844366435 0.840426985948
0.318 0.840944582298 8.29979035052 0.663140336528 0.636 0.786773736704 0.825031157907 0.835715927471 0.840944609359 0.845948317272 0.839762433091 1.60103364487 1.69998255038 1.15059772036 0.843595556339 0.841275975031
0.3185 0.84179353575 8.30816918525 0.663130727165 0.637 0.787359523141 0.825898248913 0.836594247952 0.841793563082 0.846788518263 0.840561768306 1.59630660113 1.69583055965 1.14960169052 0.844344685365 0.842122874686
0.319 0.84264041216 8.31652752039 0.663121117801 0.638 0.787945309579 0.826765339918 0.837472568434 0.842640439761 0.847626531524 0.841358739081 1.59157588997 1.69167438461 1.14853028726 0.845091753514 0.842967682938
0.3195 0.843485209439 8.32486533533 0.663111508438 0.639 0.788531096017 0.827632430923 0.838350888915 0.843485237304 0.848462355482 0.842153343593 1.58684155926 1.68751403555 1.1473837699 0.845836760786 0.843810397815
0.32 0.844327925502 8.3331826095 0.663101899074 0.64 0.789116882454 0.828499521928 0.839229209396 0.844327953627 0.849295988574 0.842945580045 1.58210365676 1.6833495227 1.14616239956 0.846579707179 0.844651017352
0.3205 0.84516855827 8.34147932236 0.66309228971 0.641 0.789702668892 0.829366612934 0.840107529877 0.845168586652 0.850127429249 0.843735446662 1.57736223011 1.67918085636 1.1448664392 0.847320592695 0.84548953959
0.321 0.846007105668 8.34975545345 0.663082680347 0.642 0.79028845533 0.830233703939 0.840985850359 0.846007134304 0.850956675963 0.844522941695 1.57261732682 1.67500804681 1.14349615355 0.848059417334 0.846325962575
0.3215 0.846843565628 8.35801098235 0.663073070983 0.643 0.790874241767 0.831100794944 0.84186417084 0.846843594513 0.851783727184 0.845308063418 1.56786899428 1.67083110434 1.14205180911 0.848796181094 0.847160284358
0.322 0.847677936085 8.36624588869 0.663063461619 0.644 0.791460028205 0.83196788595 0.842742491321 0.847677965216 0.85260858139 0.846090810126 1.56311727976 1.66665003927 1.14053367414 0.849530883978 0.847992502994
0.3225 0.848510214982 8.37446015215 0.663053852256 0.645 0.792045814642 0.832834976955 0.843620811803 0.848510244355 0.853431237068 0.846871180142 1.55836223041 1.66246486189 1.13894201865 0.850263525983 0.848822616547
0.323 0.849340400263 8.38265375246 0.663044242892 0.646 0.79263160108 0.83370206796 0.844499132284 0.849340429875 0.854251692716 0.847649171809 1.55360389324 1.65827558256 1.13727711435 0.850994107111 0.849650623083
0.3235 0.850168489882 8.39082666941 0.663034633529 0.647 0.793217387518 0.834569158965 0.845377452765 0.850168519728 0.855069946842 0.848424783495 1.54884231515 1.65408221159 1.13553923469 0.851722627361 0.850476520676
0.324 0.850994481795 8.39897888282 0.663025024165 0.648 0.793803173955 0.835436249971 0.846255773246 0.850994511871 0.855885997964 0.849198013591 1.54407754291 1.64988475934 1.13372865477 0.852449086733 0.851300307404
0.3245 0.851818373963 8.40711037259 0.663015414801 0.649 0.794388960393 0.836303340976 0.847134093728 0.851818404266 0.856699844607 0.849968860513 1.53930962314 1.64568323616 1.13184565139 0.853173485228 0.85212198135
0.325 0.852640164354 8.41522111865 0.663005805438 0.65 0.794974746831 0.837170431981 0.848012414209 0.852640194879 0.857511485311 0.850737322698 1.53453860236 1.64147765242 1.12989050299 0.853895822845 0.852941540604
0.3255 0.85345985094 8.42331110099 0.662996196074 0.651 0.795560533268 0.838037522987 0.84889073469 0.853459881684 0.858320918621 0.851503398606 1.52976452696 1.6372680185 1.12786348967 0.854616099585 0.853758983261
0.326 0.854277431699 8.43138029965 0.66298658671 0.652 0.796146319706 0.838904613992 0.849769055172 0.854277462658 0.859128143096 0.852267086723 1.52498744317 1.63305434479 1.12576489314 0.855334315446 0.85457430742
0.3265 0.855092904614 8.43942869471 0.662976977347 0.653 0.796732106143 0.839771704997 0.850647375653 0.855092935783 0.8599331573 0.853028385556 1.52020739712 1.62883664167 1.12359499671 0.856050470431 0.855387511186
0.327 0.855906267671 8.44745626633 0.662967367983 0.654 0.797317892581 0.840638796003 0.851525696134 0.855906299048 0.860735959812 0.853787293634 1.51542443478 1.62461491956 1.1213540853 0.856764564537 0.856198592672
0.3275 0.856717518865 8.45546299468 0.66295775862 0.655 0.797903679019 0.841505887008 0.852404016615 0.856717550444 0.861536549217 0.854543809512 1.51063860203 1.62038918888 1.11904244538 0.857476597766 0.857007549993
0.328 0.857526656194 8.46344886002 0.662948149256 0.656 0.798489465456 0.842372978013 0.853282337097 0.857526687972 0.86233492411 0.855297931765 1.50584994456 1.61615946004 1.11666036499 0.858186570117 0.857814381271
0.3285 0.85833367766 8.47141384264 0.662938539892 0.657 0.799075251894 0.843240069018 0.854160657578 0.858333709633 0.863131083099 0.856049658993 1.50105850797 1.6119257435 1.1142081337 0.858894481591 0.858619084633
0.329 0.859138581274 8.47935792289 0.662928930529 0.658 0.799661038332 0.844107160024 0.855038978059 0.859138613438 0.863925024797 0.856798989818 1.49626433771 1.60768804969 1.11168604263 0.859600332187 0.859421658212
0.3295 0.859941365049 8.48728108117 0.662919321165 0.659 0.800246824769 0.844974251029 0.855917298541 0.859941397399 0.864716747829 0.857545922883 1.49146747909 1.60344638906 1.10909438438 0.860304121905 0.860222100146
0.33 0.860742027004 8.49518329792 0.662909711801 0.66 0.800832611207 0.845841342034 0.856795619022 0.860742059537 0.865506250831 0.858290456856 1.48666797728 1.59920077209 1.10643345304 0.861005850746 0.861020408578
0.3305 0.861540565163 8.50306455365 0.662900102438 0.661 0.801418397644 0.84670843304 0.857673939503 0.861540597875 0.866293532445 0.859032590427 1.48186587733 1.59495120926 1.10370354419 0.861705518709 0.861816581659
0.331 0.862336977557 8.51092482892 0.662890493074 0.662 0.802004184082 0.847575524045 0.858552259985 0.862337010443 0.867078591326 0.859772322308 1.47706122413 1.59069771104 1.10090495487 0.862403125794 0.862610617541
0.3315 0.86313126222 8.51876410433 0.662880883711 0.663 0.80258997052 0.84844261505 0.859430580466 0.863131295276 0.867861426136 0.860509651233 1.47225406244 1.58644028793 1.09803798353 0.863098672001 0.863402514385
0.332 0.863923417193 8.52658236053 0.662871274347 0.664 0.803175756957 0.849309706056 0.860308900947 0.863923450414 0.868642035548 0.86124457596 1.46744443689 1.58217895044 1.09510293009 0.863792157331 0.864192270356
0.3325 0.86471344052 8.53437957824 0.662861664983 0.665 0.803761543395 0.850176797061 0.861187221428 0.864713473903 0.869420418244 0.861977095267 1.46263239195 1.57791370907 1.09210009583 0.864483581784 0.864979883626
0.333 0.865501330253 8.54215573821 0.66285205562 0.666 0.804347329833 0.851043888066 0.86206554191 0.865501363794 0.870196572915 0.862707207956 1.45781797197 1.57364457437 1.08902978346 0.865172945359 0.865765352369
0.3335 0.866287084447 8.54991082127 0.662842446256 0.667 0.80493311627 0.851910979071 0.862943862391 0.866287118142 0.870970498262 0.863434912851 1.45300122114 1.56937155685 1.08589229704 0.865860248056 0.866548674768
0.334 0.867070701164 8.55764480827 0.662832836892 0.668 0.805518902708 0.852778070077 0.863822182872 0.867070735008 0.871742192995 0.864160208796 1.44818218351 1.56509466706 1.08268794201 0.866545489875 0.867329849009
0.3345 0.867852178471 8.56535768013 0.662823227529 0.669 0.806104689145 0.853645161082 0.864700503354 0.867852212459 0.872511655833 0.86488309466 1.443360903 1.56081391556 1.07941702513 0.867228670817 0.868108873286
0.335 0.868631514438 8.57304941782 0.662813618165 0.67 0.806690475583 0.854512252087 0.865578823835 0.868631548567 0.873278885504 0.865603569333 1.43853742337 1.5565293129 1.0760798545 0.867909790881 0.868885745796
0.3355 0.869408707144 8.58072000237 0.662804008802 0.671 0.807276262021 0.855379343093 0.866457144316 0.869408741409 0.874043880748 0.866321631724 1.43371178825 1.55224086967 1.07267673953 0.868588850067 0.869660464742
0.336 0.87018375467 8.58836941484 0.662794399438 0.672 0.807862048458 0.856246434098 0.867335464797 0.870183789067 0.874806640311 0.867037280769 1.4288840411 1.54794859643 1.06920799092 0.869265848376 0.870433028333
0.3365 0.870956655104 8.59599763637 0.662784790074 0.673 0.808447834896 0.857113525103 0.868213785279 0.870956689629 0.87556716295 0.867750515421 1.42405422526 1.54365250378 1.06567392064 0.869940785807 0.871203434784
0.337 0.871727406539 8.60360464812 0.662775180711 0.674 0.809033621334 0.857980616109 0.86909210576 0.871727441188 0.876325447429 0.868461334657 1.41922238391 1.53935260233 1.06207484192 0.870613662361 0.871971682314
0.3375 0.872496007073 8.61119043134 0.662765571347 0.675 0.809619407771 0.858847707114 0.869970426241 0.872496041842 0.877081492524 0.869169737474 1.41438856009 1.53504890267 1.05841106926 0.871284478036 0.872737769148
0.338 0.87326245481 8.6187549673 0.662755961983 0.676 0.810205194209 0.859714798119 0.870848746723 0.873262489694 0.877835297019 0.869875722893 1.40955279668 1.53074141544 1.05468291834 0.871953232835 0.873501693516
0.3385 0.874026747859 8.62629823734 0.66274635262 0.677 0.810790980647 0.860581889124 0.871727067204 0.874026782854 0.878586859707 0.870579289955 1.40471513643 1.52643015125 1.05089070611 0.872619926755 0.874263453656
0.339 0.874788884333 8.63382022284 0.662736743256 0.678 0.811376767084 0.86144898013 0.872605387685 0.874788919435 0.879336179389 0.871280437721 1.39987562191 1.52211512075 1.04703475067 0.873284559798 0.875023047807
0.3395 0.875548862354 8.64132090525 0.662727133893 0.679 0.811962553522 0.862316071135 0.873483708167 0.875548897558 0.880083254877 0.871979165275 1.39503429557 1.51779633458 1.04311537132 0.873947131963 0.875780474217
0.34 0.876306680044 8.64880026606 0.662717524529 0.68 0.812548339959 0.86318316214 0.874362028648 0.876306715346 0.88082808499 0.872675471721 1.3901911997 1.5134738034 1.03913288851 0.874607643251 0.876535731139
0.3405 0.877062335535 8.65625828682 0.662707915165 0.681 0.813134126397 0.864050253146 0.875240349129 0.87706237093 0.881570668558 0.873369356187 1.38534637644 1.50914753787 1.03508762386 0.875266093661 0.877288816829
0.341 0.877815826961 8.66369494912 0.662698305802 0.682 0.813719912835 0.864917344151 0.87611866961 0.877815862446 0.882311004418 0.874060817817 1.38049986776 1.50481754867 1.03097990009 0.875922483193 0.878039729551
0.3415 0.878567152464 8.67111023462 0.662688696438 0.683 0.814305699272 0.865784435156 0.876996990092 0.878567188034 0.883049091417 0.87474985578 1.37565171551 1.50048384648 1.02681004106 0.876576811848 0.878788467574
0.342 0.879316310191 8.67850412501 0.662679087074 0.684 0.81489148571 0.866651526162 0.877875310573 0.879316345841 0.883784928411 0.875436469265 1.37080196135 1.496146442 1.02257837172 0.877229079624 0.879535029171
0.3425 0.880063298291 8.68587660205 0.662669477711 0.685 0.815477272148 0.867518617167 0.878753631054 0.880063334018 0.884518514265 0.876120657482 1.36595064683 1.49180534593 1.01828521811 0.877879286524 0.880279412623
0.343 0.880808114923 8.69322764756 0.662659868347 0.686 0.816063058585 0.868385708172 0.879631951536 0.880808150722 0.885249847851 0.876802419659 1.3610978133 1.48746056897 1.01393090733 0.878527432545 0.881021616213
0.3435 0.881550758248 8.70055724339 0.662650258984 0.687 0.816648845023 0.869252799177 0.880510272017 0.881550794115 0.885978928052 0.877481755049 1.35624350199 1.48311212186 1.00951576752 0.879173517689 0.881761638233
0.344 0.882291226435 8.70786537146 0.66264064962 0.688 0.81723463146 0.870119890183 0.881388592498 0.882291262365 0.886705753759 0.878158662922 1.35138775395 1.47876001531 1.00504012787 0.879817541956 0.882499476977
0.3445 0.883029517656 8.71515201375 0.662631040256 0.689 0.817820417898 0.870986981188 0.882266912979 0.883029553644 0.88743032387 0.87883314257 1.3465306101 1.47440426006 1.0005043186 0.880459505344 0.883235130748
0.345 0.883765630089 8.72241715225 0.662621430893 0.69 0.818406204336 0.871854072193 0.883145233461 0.883765666132 0.888152637295 0.879505193306 1.34167211117 1.47004486688 0.995908670913 0.881099407856 0.883968597852
0.3455 0.884499561918 8.72966076907 0.662611821529 0.691 0.818991990773 0.872721163199 0.884023553942 0.884499598011 0.88887269295 0.880174814462 1.33681229778 1.4656818465 0.991253517006 0.881737249489 0.8846998766
0.346 0.885231311332 8.73688284631 0.662602212165 0.692 0.819577777211 0.873588254204 0.884901874423 0.885231347472 0.889590489761 0.880842005391 1.33195121034 1.4613152097 0.986539190052 0.882373030245 0.885428965311
0.3465 0.885960876527 8.74408336616 0.662592602802 0.693 0.820163563649 0.874455345209 0.885780194905 0.885960912708 0.890306026661 0.881506765467 1.32708888914 1.45694496725 0.981766024179 0.883006750123 0.886155862308
0.347 0.886688255701 8.75126231086 0.662582993438 0.694 0.820749350086 0.875322436215 0.886658515386 0.886688291919 0.891019302594 0.882169094082 1.3222253743 1.45257112993 0.976934354454 0.883638409123 0.886880565918
0.3475 0.887413447059 8.75841966268 0.662573384075 0.695 0.821335136524 0.87618952722 0.887536835867 0.88741348331 0.89173031651 0.882828990649 1.31736070577 1.44819370853 0.972044516873 0.884268007246 0.887603074475
0.348 0.888136448814 8.76555540398 0.662563774711 0.696 0.821920922961 0.877056618225 0.888415156349 0.888136485093 0.892439067369 0.883486454602 1.31249492336 1.44381271387 0.967096848338 0.884895544491 0.88832338632
0.3485 0.888857259179 8.77266951714 0.662554165347 0.697 0.822506709399 0.87792370923 0.88929347683 0.888857295483 0.89314555414 0.884141485393 1.3076280667 1.43942815673 0.962091686647 0.885521020859 0.889041499796
0.349 0.889575876378 8.77976198461 0.662544555984 0.698 0.823092495837 0.878790800236 0.890171797311 0.889575912702 0.893849775798 0.884794082496 1.30276017529 1.43504004796 0.957029370477 0.886144436348 0.889757413253
0.3495 0.890292298637 8.78683278889 0.66253494662 0.699 0.823678282274 0.879657891241 0.891050117792 0.890292334976 0.894551731328 0.885444245402 1.29789128843 1.43064839836 0.951910239368 0.886765790961 0.890471125048
0.35 0.891006524188 8.79388191253 0.662525337256 0.7 0.824264068712 0.880524982246 0.891928438274 0.891006560538 0.895251419725 0.886091973625 1.29302144528 1.42625321878 0.946734633709 0.887385084695 0.891182633541
0.3505 0.891718551269 8.80090933814 0.662515727893 0.701 0.82484985515 0.881392073252 0.892806758755 0.891718587626 0.895948839988 0.886737266695 1.28815068485 1.42185452006 0.941502894719 0.888002317552 0.891891937099
0.351 0.892428378124 8.80791504839 0.662506118529 0.702 0.825435641587 0.882259164257 0.893685079236 0.892428414483 0.896643991129 0.887380124163 1.28327904597 1.41745231306 0.936215364437 0.888617489531 0.892599034093
0.3515 0.893136003 8.81489902598 0.662496509166 0.703 0.826021428025 0.883126255262 0.894563399718 0.893136039357 0.897336872165 0.888020545601 1.2784065673 1.41304660864 0.930872385703 0.889230600633 0.8933039229
0.352 0.893841424151 8.82186125368 0.662486899802 0.704 0.826607214462 0.883993346268 0.895441720199 0.893841460503 0.898027482123 0.888658530597 1.27353328737 1.40863741766 0.925474302144 0.889841650857 0.894006601904
0.3525 0.894544639838 8.82880171432 0.662477290438 0.705 0.8271930009 0.884860437273 0.89632004068 0.894544676179 0.898715820037 0.889294078761 1.2686592445 1.40422475101 0.920021458158 0.890450640203 0.894707069493
0.353 0.895245648325 8.83572039076 0.662467681075 0.706 0.827778787338 0.885727528278 0.897198361161 0.895245684651 0.89940188495 0.889927189721 1.26378447689 1.39980861958 0.914514198901 0.891057568671 0.89540532406
0.3535 0.895944447882 8.84261726595 0.662458071711 0.707 0.828364573775 0.886594619283 0.898076681643 0.895944484189 0.900085675912 0.890557863124 1.25890902256 1.39538903425 0.90895287027 0.891662436262 0.896101364005
0.354 0.896641036785 8.84949232285 0.662448462347 0.708 0.828950360213 0.887461710289 0.898955002124 0.896641073069 0.900767191983 0.891186098635 1.25403291935 1.39096600595 0.903337818887 0.892265242976 0.896795187731
0.3545 0.897335413316 8.85634554452 0.662438852984 0.709 0.829536146651 0.888328801294 0.899833322605 0.897335449572 0.901446432229 0.891811895941 1.24915620495 1.38653954557 0.897669392089 0.892865988811 0.897486793649
0.355 0.898027575761 8.86317691403 0.66242924362 0.71 0.830121933088 0.889195892299 0.900711643087 0.898027611985 0.902123395726 0.892435254745 1.24427891689 1.38210966405 0.891947937907 0.893464673769 0.898176180175
0.3555 0.898717522412 8.86998641453 0.662419634257 0.711 0.830707719526 0.890062983305 0.901589963568 0.8987175586 0.902798081557 0.893056174769 1.23940109252 1.3776763723 0.886173805055 0.89406129785 0.898863345728
0.356 0.899405251566 8.87677402922 0.662410024893 0.712 0.831293505963 0.89093007431 0.902468284049 0.899405287714 0.903470488812 0.893674655754 1.23452276904 1.37323968128 0.880347342912 0.894655861052 0.899548288735
0.3565 0.900090761528 8.88353974136 0.662400415529 0.713 0.831879292401 0.891797165315 0.903346604531 0.900090797632 0.904140616591 0.894290697461 1.22964398347 1.36879960192 0.874468901512 0.895248363377 0.900231007628
0.357 0.900774050605 8.89028353424 0.662390806166 0.714 0.832465078839 0.892664256321 0.904224925012 0.90077408666 0.904808463999 0.894904299667 1.22476477266 1.36435614519 0.868538831526 0.895838804825 0.900911500844
0.3575 0.901455117112 8.89700539124 0.662381196802 0.715 0.833050865276 0.893531347326 0.905103245493 0.901455153114 0.905474030152 0.895515462168 1.2198851733 1.35990932204 0.862557484246 0.896427185395 0.901589766825
0.358 0.902133959368 8.90370529575 0.662371587438 0.716 0.833636651714 0.894398438331 0.905981565974 0.902133995312 0.906137314173 0.896124184781 1.21500522193 1.35545914346 0.856525211574 0.897013505087 0.902265804019
0.3585 0.902810575698 8.91038323126 0.662361978075 0.717 0.834222438152 0.895265529336 0.906859886456 0.902810611581 0.906798315191 0.896730467338 1.21012495489 1.35100562041 0.850442366006 0.897597763901 0.902939610881
0.359 0.903484964433 8.91703918129 0.662352368711 0.718 0.834808224589 0.896132620342 0.907738206937 0.90348500025 0.907457032344 0.897334309689 1.20524440836 1.34654876389 0.844309300616 0.898179961838 0.903611185868
0.3595 0.904157123908 8.9236731294 0.662342759348 0.719 0.835394011027 0.896999711347 0.908616527418 0.904157159656 0.908113464779 0.897935711706 1.20036361838 1.3420885849 0.838126369045 0.898760098897 0.904280527445
0.36 0.904827052466 8.93028505924 0.662333149984 0.72 0.835979797464 0.897866802352 0.9094948479 0.904827088139 0.908767611648 0.898534673273 1.19548262079 1.33762509443 0.831893925481 0.899338175078 0.904947634082
0.3605 0.905494748453 8.93687495449 0.66232354062 0.721 0.836565583902 0.898733893358 0.910373168381 0.905494784048 0.909419472113 0.899131194298 1.19060145126 1.33315830351 0.825612324652 0.899914190382 0.905612504253
0.361 0.906160210221 8.94344279889 0.662313931257 0.722 0.83715137034 0.899600984363 0.911251488862 0.906160245734 0.910069045342 0.899725274702 1.18572014532 1.32868822315 0.819281921805 0.900488144808 0.90627513644
0.3615 0.90682343613 8.94998857624 0.662304321893 0.723 0.837737156777 0.900468075368 0.912129809343 0.906823471556 0.910716330512 0.900316914426 1.18083873829 1.32421486439 0.812903072696 0.901060038357 0.906935529128
0.362 0.907484424541 8.95651227037 0.662294712529 0.724 0.838322943215 0.901335166374 0.913008129825 0.907484459877 0.911361326806 0.900906113429 1.17595726536 1.31973823826 0.806476133576 0.901629871028 0.90759368081
0.3625 0.908143173825 8.9630138652 0.662285103166 0.725 0.838908729653 0.902202257379 0.913886450306 0.908143209067 0.912004033416 0.901492871686 1.17107576153 1.3152583558 0.800001461171 0.902197642821 0.90824958998
0.363 0.908799682356 8.96949334469 0.662275493802 0.726 0.83949451609 0.903069348384 0.914764770787 0.908799717499 0.912644449541 0.902077189191 1.16619426162 1.31077522808 0.793479412678 0.902763353737 0.908903255144
0.3635 0.909453948514 8.97595069284 0.662265884439 0.727 0.840080302528 0.903936439389 0.915643091269 0.909453983555 0.913282574386 0.902659065954 1.1613128003 1.30628886615 0.786910345742 0.903327003774 0.909554674806
0.364 0.910105970685 8.98238589373 0.662256275075 0.728 0.840666088965 0.904803530395 0.91652141175 0.910106005619 0.913918407166 0.903238502004 1.15643141205 1.30179928108 0.780294618446 0.903888592935 0.910203847483
0.3645 0.91075574726 8.98879893147 0.662246665711 0.729 0.841251875403 0.9056706214 0.917399732231 0.910755782083 0.914551947102 0.903815497384 1.15155013119 1.29730648395 0.773632589297 0.904448121217 0.91085077169
0.365 0.911403276635 8.99518979025 0.662237056348 0.73 0.841837661841 0.906537712405 0.918278052713 0.911403311344 0.915183193422 0.904390052159 1.14666899188 1.29281048584 0.766924617212 0.905005588622 0.911495445954
0.3655 0.912048557214 9.00155845429 0.662227446984 0.731 0.842423448278 0.907404803411 0.919156373194 0.912048591804 0.915812145362 0.904962166406 1.14178802808 1.28831129785 0.760171061504 0.90556099515 0.912137868803
0.366 0.912691587404 9.00790490787 0.66221783762 0.732 0.843009234716 0.908271894416 0.920034693675 0.91269162187 0.916438802164 0.905531840222 1.1369072736 1.28380893109 0.753372281869 0.906114340799 0.912778038772
0.3665 0.913332365617 9.01422913535 0.662208228257 0.733 0.843595021154 0.909138985421 0.920913014156 0.913332399957 0.91706316308 0.90609907372 1.13202676208 1.27930339665 0.746528638372 0.906665625571 0.913415954402
0.367 0.913970890274 9.02053112112 0.662198618893 0.734 0.844180807591 0.910006076427 0.921791334638 0.913970924484 0.917685227367 0.90666386703 1.12714652696 1.27479470566 0.739640491432 0.907214849466 0.914051614238
0.3675 0.914607159799 9.02681084962 0.66218900953 0.735 0.844766594029 0.910873167432 0.922669655119 0.914607193874 0.918304994288 0.907226220298 1.12226660153 1.27028286924 0.732708201812 0.907762012482 0.914685016832
0.368 0.915241172621 9.03306830536 0.662179400166 0.736 0.845352380466 0.911740258437 0.9235479756 0.915241206558 0.918922463117 0.907786133688 1.11738701891 1.26576789852 0.725732130601 0.908307114621 0.915316160741
0.3685 0.915872927177 9.0393034729 0.662169790802 0.737 0.845938166904 0.912607349442 0.924426296082 0.915872960971 0.919537633132 0.90834360738 1.11250781205 1.26124980465 0.718712639204 0.908850155883 0.915945044526
0.369 0.916502421907 9.04551633686 0.662160181439 0.738 0.846523953342 0.913474440448 0.925304616563 0.916502455555 0.920150503619 0.908898641568 1.10762901369 1.25672859877 0.71165008933 0.909391136266 0.916571666755
0.3695 0.917129655259 9.05170688191 0.662150572075 0.739 0.847109739779 0.914341531453 0.926182937044 0.917129688757 0.92076107387 0.909451236467 1.10275065645 1.25220429203 0.704544842973 0.909930055772 0.917196026002
0.37 0.917754625684 9.05787509277 0.662140962711 0.74 0.847695526217 0.915208622458 0.927061257525 0.917754659029 0.921369343187 0.910001392304 1.09787277275 1.24767689561 0.697397262405 0.910466914401 0.917818120844
0.3705 0.918377331641 9.06402095423 0.662131353348 0.741 0.848281312655 0.916075713464 0.927939578007 0.918377364828 0.921975310876 0.910549109324 1.09299539482 1.24314642066 0.690207710159 0.911001712152 0.918437949866
0.371 0.918997771593 9.07014445111 0.662121743984 0.742 0.848867099092 0.916942804469 0.928817898488 0.918997804619 0.92257897625 0.911094387788 1.08811855475 1.23861287838 0.682976549018 0.911534449025 0.919055511656
0.3715 0.91961594401 9.07624556831 0.662112134621 0.743 0.84945288553 0.917809895474 0.929696218969 0.919615976871 0.923180338631 0.911637227974 1.08324228442 1.23407627994 0.675704142001 0.91206512502 0.91967080481
0.372 0.920231847366 9.08232429078 0.662102525257 0.744 0.850038671968 0.918676986479 0.930574539451 0.920231880058 0.923779397347 0.912177630173 1.07836661558 1.22953663654 0.66839085235 0.912593740138 0.920283827927
0.3725 0.920845480141 9.08838060352 0.662092915893 0.745 0.850624458405 0.919544077485 0.931452859932 0.920845512661 0.924376151731 0.912715594695 1.07349157977 1.22499395939 0.661037043519 0.913120294378 0.920894579614
0.373 0.921456840821 9.09441449159 0.66208330653 0.746 0.851210244843 0.92041116849 0.932331180413 0.921456873165 0.924970601126 0.913251121863 1.06861720836 1.22044825968 0.653643079157 0.913644787741 0.921503058482
0.3735 0.922065927899 9.10042594008 0.662073697166 0.747 0.85179603128 0.921278259495 0.933209500894 0.922065960063 0.925562744878 0.913784212019 1.06374353257 1.21589954863 0.6462093231 0.914167220226 0.922109263146
0.374 0.92267273987 9.10641493419 0.662064087802 0.748 0.852381817718 0.922145350501 0.934087821376 0.922672771851 0.926152582344 0.914314865517 1.05887058341 1.21134783748 0.638736139357 0.914687591833 0.922713192229
0.3745 0.923277275238 9.11238145912 0.662054478439 0.749 0.852967604156 0.923012441506 0.934966141857 0.923277307032 0.926740112884 0.914843082729 1.05399839175 1.20679313745 0.631223892096 0.915205902562 0.923314844358
0.375 0.923879532511 9.11832550015 0.662044869075 0.75 0.853553390593 0.923879532511 0.935844462338 0.923879564114 0.927325335867 0.91536886404 1.04912698826 1.20223545977 0.623672945632 0.915722152414 0.923914218167
0.3755 0.924479510204 9.12424704262 0.662035259712 0.751 0.854139177031 0.924184014381 0.936152887476 0.924479541612 0.927908250667 0.915892209853 1.04425640345 1.1976748157 0.616083664415 0.916236341389 0.924511312292
0.376 0.925077206834 9.13014607192 0.662025650348 0.752 0.854724963469 0.924488496251 0.936461312613 0.925077238046 0.928488856665 0.916413120585 1.03938666763 1.19311121648 0.608456413019 0.916748469485 0.925106125379
0.3765 0.925672620929 9.13602257349 0.662016040984 0.753 0.855310749906 0.924792978121 0.936769737751 0.925672651939 0.92906715325 0.916931596668 1.03451781098 1.18854467338 0.600791556125 0.917258536704 0.925698656075
0.377 0.926265751019 9.14187653284 0.662006431621 0.754 0.855896536344 0.925097459991 0.937078162889 0.926265781824 0.929643139816 0.917447638548 1.02964986347 1.18397519766 0.593089458516 0.917766543045 0.926288903036
0.3775 0.92685659564 9.14770793551 0.661996822257 0.755 0.856482322781 0.925401941861 0.937386588026 0.926856626237 0.930216815764 0.917961246688 1.0247828549 1.1794028006 0.585350485057 0.918272488509 0.926876864922
0.378 0.927445153335 9.15351676712 0.661987212893 0.756 0.857068109219 0.925706423731 0.937695013164 0.92744518372 0.930788180501 0.918472421564 1.0199168149 1.17482749349 0.57757500069 0.918776373095 0.927462540397
0.3785 0.92803142265 9.15930301334 0.66197760353 0.757 0.857653895657 0.926010905601 0.938003438301 0.928031452821 0.93135723344 0.918981163669 1.01505177292 1.1702492876 0.569763370417 0.919278196803 0.928045928134
0.379 0.928615402141 9.16506665989 0.661967994166 0.758 0.858239682094 0.926315387471 0.938311863439 0.928615432094 0.931923974003 0.919487473508 1.01018775824 1.16566819424 0.561915959289 0.919777959634 0.928627026807
0.3795 0.929197090365 9.17080769255 0.661958384803 0.759 0.858825468532 0.926619869341 0.938620288576 0.929197120096 0.932488401615 0.919991351603 1.00532479997 1.16108422471 0.554033132397 0.920275661587 0.9292058351
0.38 0.929776485888 9.17652609715 0.661948775439 0.76 0.85941125497 0.926924351211 0.938928713714 0.929776515394 0.933050515709 0.920492798489 1.00046292703 1.15649739032 0.546115254856 0.920771302662 0.929782351698
0.3805 0.93035358728 9.18222185959 0.661939166075 0.761 0.859997041407 0.927228833081 0.939237138851 0.930353616558 0.933610315724 0.920991814716 0.995602168172 1.15190770239 0.538162691796 0.92126488286 0.930356575295
0.381 0.930928393117 9.18789496581 0.661929556712 0.762 0.860582827845 0.927533314951 0.939545563989 0.930928422164 0.934167801105 0.921488400848 0.990742551974 1.14731517224 0.53017580835 0.92175640218 0.930928504589
0.3815 0.931500901981 9.19354540181 0.661919947348 0.763 0.861168614282 0.927837796821 0.939853989126 0.931500930792 0.934722971305 0.921982557463 0.985884106836 1.1427198112 0.522154969641 0.922245860623 0.931498138283
0.382 0.932071112458 9.19917315365 0.661910337984 0.764 0.86175440072 0.928142278691 0.940162414264 0.932071141032 0.935275825779 0.922474285154 0.981026860982 1.13812163062 0.514100540773 0.922733258187 0.932065475086
0.3825 0.932639023143 9.20477820744 0.661900728621 0.765 0.862340187158 0.928446760561 0.940470839401 0.932639051476 0.935826363993 0.922963584529 0.976170842462 1.13352064183 0.506012886816 0.923218594875 0.932630513712
0.383 0.933204632634 9.21036054936 0.661891119257 0.766 0.862925973595 0.928751242431 0.940779264539 0.933204660723 0.936374585416 0.923450456206 0.97131607915 1.12891685619 0.497892372799 0.923701870684 0.933193252882
0.3835 0.933767939535 9.21592016563 0.661881509894 0.767 0.863511760033 0.929055724301 0.941087689676 0.933767967377 0.936920489525 0.923934900821 0.966462598743 1.12431028507 0.489739363694 0.924183085616 0.93375369132
0.384 0.934328942457 9.22145704253 0.66187190053 0.768 0.864097546471 0.92936020617 0.941396114814 0.934328970048 0.9374640758 0.924416919023 0.961610428765 1.11970093982 0.481554224407 0.92466223967 0.934311827756
0.3845 0.934887640014 9.22697116641 0.661862291166 0.769 0.864683332908 0.92966468804 0.941704539952 0.934887667353 0.938005343729 0.924896511473 0.956759596563 1.11508883182 0.473337319768 0.925139332846 0.934867660928
0.385 0.93544403083 9.23246252365 0.661852681803 0.77 0.865269119346 0.92996916991 0.942012965089 0.935444057912 0.938544292808 0.925373678847 0.951910129307 1.11047397245 0.465089014518 0.925614365145 0.935421189577
0.3855 0.93599811353 9.23793110071 0.661843072439 0.771 0.865854905783 0.93027365178 0.942321390227 0.935998140353 0.939080922535 0.925848421835 0.947062053994 1.10585637309 0.4568096733 0.926087336567 0.935972412449
0.386 0.936549886748 9.24337688409 0.661833463075 0.772 0.866440692221 0.93057813365 0.942629815364 0.936549913309 0.939615232416 0.926320741138 0.942215397444 1.10123604514 0.448499660643 0.92655824711 0.936521328298
0.3865 0.937099349122 9.24879986036 0.661823853712 0.773 0.867026478659 0.93088261552 0.942938240502 0.937099375418 0.940147221964 0.926790637473 0.937370186301 1.09661300001 0.44015934096 0.927027096776 0.93706793588
0.387 0.937646499297 9.25420001613 0.661814244348 0.774 0.867612265096 0.93118709739 0.943246665639 0.937646525324 0.940676890694 0.927258111569 0.932526447036 1.09198724909 0.431789078527 0.927493885564 0.937612233959
0.3875 0.938191335922 9.25957733808 0.661804634985 0.775 0.868198051534 0.93149157926 0.943555090777 0.938191361679 0.94120423813 0.92772316417 0.927684205942 1.0873588038 0.423389237479 0.927958613475 0.938154221304
0.388 0.938733857654 9.26493181295 0.661795025621 0.776 0.868783837972 0.93179606113 0.943863515914 0.938733883136 0.941729263802 0.928185796029 0.922843489138 1.08272767556 0.414960181799 0.928421280508 0.93869389669
0.3885 0.939274063153 9.27026342752 0.661785416257 0.777 0.869369624409 0.932100543 0.944171941052 0.939274088359 0.942251967244 0.928646007917 0.918004322566 1.07809387579 0.406502275304 0.928881886663 0.939231258894
0.389 0.939811951086 9.27557216864 0.661775806894 0.778 0.869955410847 0.93240502487 0.944480366189 0.939811976013 0.942772347996 0.929103800615 0.913166731995 1.07345741594 0.398015881636 0.929340431941 0.939766306703
0.3895 0.940347520127 9.2808580232 0.66176619753 0.779 0.870541197284 0.93270950674 0.944788791327 0.940347544772 0.943290405604 0.929559174916 0.908330743017 1.06881830744 0.389501364253 0.929796916341 0.940299038908
0.39 0.940880768954 9.28612097817 0.661756588166 0.78 0.871126983722 0.93301398861 0.945097216464 0.940880793315 0.943806139619 0.930012131629 0.903496381051 1.06417656173 0.380959086418 0.930251339863 0.940829454303
0.3905 0.941411696251 9.29136102056 0.661746978803 0.781 0.87171277016 0.93331847048 0.945405641602 0.941411720324 0.944319549599 0.930462671572 0.898663671338 1.05953219028 0.372389411185 0.930703702508 0.94135755169
0.391 0.941940300709 9.29657813744 0.661737369439 0.782 0.872298556597 0.93362295235 0.945714066739 0.941940324492 0.944830635107 0.93091079558 0.893832638946 1.05488520454 0.363792701396 0.931154004275 0.941883329877
0.3915 0.942466581022 9.30177231594 0.661727760076 0.783 0.872884343035 0.93392743422 0.946022491877 0.942466604513 0.94533939571 0.931356504495 0.889003308767 1.05023561597 0.355169319663 0.931602245164 0.942406787674
0.392 0.942990535893 9.30694354323 0.661718150712 0.784 0.873470129473 0.93423191609 0.946330917015 0.942990559089 0.945845830983 0.931799799176 0.88417570552 1.04558343604 0.346519628364 0.932048425176 0.942927923901
0.3925 0.943512164028 9.31209180657 0.661708541348 0.785 0.87405591591 0.93453639796 0.946639342152 0.943512186926 0.946349940503 0.932240680493 0.879349853748 1.04092867625 0.337843989629 0.93249254431 0.943446737379
0.393 0.944031464141 9.31721709325 0.661698931985 0.786 0.874641702348 0.93484087983 0.94694776729 0.944031486739 0.946851723857 0.932679149326 0.874525777818 1.03627134807 0.329142765332 0.932934602566 0.943963226938
0.3935 0.94454843495 9.32231939063 0.661689322621 0.787 0.875227488785 0.9351453617 0.947256192427 0.944548457246 0.947351180633 0.93311520657 0.869703501925 1.03161146299 0.320416317081 0.933374599945 0.944477391411
0.394 0.94506307518 9.3273986861 0.661679713257 0.788 0.875813275223 0.93544984357 0.947564617565 0.945063097171 0.947848310427 0.933548853132 0.864883050088 1.02694903251 0.311665006208 0.933812536446 0.944989229638
0.3945 0.94557538356 9.33245496715 0.661670103894 0.789 0.876399061661 0.93575432544 0.947873042702 0.945575405244 0.948343112839 0.933980089928 0.860064446152 1.02228406814 0.302889193758 0.93424841207 0.945498740463
0.395 0.946085358828 9.33748822129 0.66166049453 0.79 0.876984848098 0.936058807309 0.94818146784 0.946085380202 0.948835587475 0.93440891789 0.855247713788 1.01761658138 0.294089240482 0.934682226815 0.946005922737
0.3955 0.946592999723 9.34249843611 0.661650885167 0.791 0.877570634536 0.936363289179 0.948489892977 0.946593020786 0.949325733947 0.934835337958 0.850432876493 1.01294658376 0.285265506823 0.935113980684 0.946510775316
0.396 0.947098304995 9.34748559924 0.661641275803 0.792 0.878156420974 0.936667771049 0.948798318115 0.947098325743 0.949813551869 0.935259351086 0.84561995759 1.00827408679 0.276418352912 0.935543673674 0.94701329706
0.3965 0.947601273395 9.35244969838 0.661631666439 0.793 0.878742207411 0.936972252919 0.949106743252 0.947601293828 0.950299040864 0.935680958239 0.840808980228 1.003599102 0.267548138556 0.935971305787 0.947513486836
0.397 0.948101903684 9.35739072128 0.661622057076 0.794 0.879327993849 0.937276734789 0.94941516839 0.948101923798 0.950782200558 0.936100160394 0.835999967383 0.998921640935 0.258655223225 0.936396877022 0.948011343517
0.3975 0.948600194626 9.36230865575 0.661612447712 0.795 0.879913780286 0.937581216659 0.949723593527 0.948600214419 0.951263030583 0.936516958538 0.831192941856 0.994241715128 0.24973996605 0.93682038738 0.948506865979
0.398 0.94909614499 9.36720348965 0.661602838348 0.796 0.880499566724 0.937885698529 0.950032018665 0.949096164461 0.951741530574 0.936931353671 0.826387926275 0.989559336129 0.240802725808 0.93724183686 0.949000053105
0.3985 0.949589753555 9.37207521091 0.661593228985 0.797 0.881085353162 0.938190180399 0.950340443802 0.949589772701 0.952217700175 0.937343346803 0.821584943096 0.984874515491 0.231843860914 0.937661225462 0.949490903784
0.399 0.950081019101 9.37692380751 0.661583619621 0.798 0.881671139599 0.938494662269 0.95064886894 0.95008103792 0.952691539031 0.937752938956 0.816784014602 0.980187264772 0.222863729415 0.938078553186 0.94997941691
0.3995 0.950569940416 9.38174926748 0.661574010258 0.799 0.882256926037 0.938799144139 0.950957294078 0.950569958907 0.953163046794 0.938160131164 0.8119851629 0.975497595539 0.213862688975 0.938493820033 0.950465591381
0.4 0.951056516295 9.38655157891 0.661564400894 0.8 0.882842712475 0.939103626009 0.951265719215 0.951056534455 0.953632223121 0.938564924469 0.807188409929 0.970805519363 0.204841096873 0.938907026003 0.950949426103
0.4005 0.951540745537 9.39133072996 0.66155479153 0.801 0.883428498912 0.939408107879 0.951574144353 0.951540763364 0.954099067673 0.938967319927 0.80239377745 0.96611104782 0.195799309989 0.939318171094 0.951430919985
0.401 0.952022626946 9.39608670884 0.661545182167 0.802 0.88401428535 0.939712589749 0.95188256949 0.952022644438 0.954563580116 0.939367318603 0.797601287057 0.961414192495 0.186737684797 0.939727255308 0.951910071943
0.4015 0.952502159334 9.40081950381 0.661535572803 0.803 0.884600071787 0.940017071619 0.952190994628 0.95250217649 0.955025760122 0.939764921575 0.792810960168 0.956714964975 0.177656577356 0.940134278645 0.952386880897
0.402 0.952979341517 9.40552910319 0.661525963439 0.804 0.885185858225 0.940321553489 0.952499419765 0.952979358335 0.955485607366 0.940160129928 0.78802281803 0.952013376857 0.168556343304 0.940539241103 0.952861345775
0.4025 0.953454172319 9.41021549536 0.661516354076 0.805 0.885771644663 0.940626035359 0.952807844903 0.953454188797 0.955943121529 0.94055294476 0.783236881718 0.94730943974 0.159437337843 0.940942142684 0.953333465507
0.403 0.953926650567 9.41487866876 0.661506744712 0.806 0.8863574311 0.940930517229 0.95311627004 0.953926666704 0.956398302296 0.940943367181 0.778453172136 0.942603165231 0.150299915736 0.941342983388 0.953803239032
0.4035 0.954396775097 9.41951861188 0.661497135349 0.807 0.886943217538 0.941234999099 0.953424695178 0.95439679089 0.956851149357 0.941331398307 0.773671710015 0.937894564943 0.141144431299 0.941741763213 0.954270665291
0.404 0.954864544747 9.42413531328 0.661487525985 0.808 0.887529003976 0.941539480969 0.953733120315 0.954864560195 0.957301662408 0.941717039269 0.768892515918 0.933183650493 0.131971238387 0.942138482162 0.954735743233
0.4045 0.955329958363 9.42872876156 0.661477916621 0.809 0.888114790413 0.941843962839 0.954041545453 0.955329973465 0.957749841147 0.942100291204 0.764115610232 0.928470433505 0.122780690393 0.942533140232 0.955198471812
0.405 0.955793014798 9.43329894538 0.661468307258 0.81 0.888700576851 0.942148444709 0.95434997059 0.955793029552 0.958195685278 0.942481155264 0.759341013177 0.923754925609 0.113573140232 0.942925737425 0.955658849986
0.4055 0.956253712909 9.43784585349 0.661458697894 0.811 0.889286363289 0.942452926579 0.954658395728 0.956253727313 0.95863919451 0.942859632606 0.7545687448 0.919037138439 0.104348940341 0.94331627374 0.956116876719
0.406 0.956712051559 9.44236947464 0.66144908853 0.812 0.889872149726 0.942757408448 0.954966820865 0.956712065612 0.959080368556 0.9432357244 0.74979882498 0.914317083637 0.0951084426638 0.943704749177 0.956572550983
0.4065 0.957168029617 9.44686979769 0.661439479167 0.813 0.890457936164 0.943061890318 0.955275246003 0.957168043317 0.959519207133 0.943609431825 0.745031273424 0.909594772848 0.0858519986469 0.944091163737 0.957025871751
0.407 0.957621645958 9.45134681152 0.661429869803 0.814 0.891043722601 0.943366372188 0.955583671141 0.957621659304 0.959955709964 0.943980756071 0.740266109668 0.904870217724 0.076579959231 0.944475517419 0.957476838005
0.4075 0.958072899462 9.4558005051 0.66142026044 0.815 0.891629509039 0.943670854058 0.955892096278 0.958072912453 0.960389876774 0.944349698336 0.735503353081 0.900143429923 0.0672926748424 0.944857810224 0.95792544873
0.408 0.958521789017 9.46023086743 0.661410651076 0.816 0.892215295477 0.943975335928 0.956200521416 0.958521801652 0.960821707294 0.944716259829 0.730743022859 0.895414421107 0.0579904953857 0.945238042151 0.958371702919
0.4085 0.958968313515 9.46463788757 0.661401041712 0.817 0.892801081914 0.944279817798 0.956508946553 0.958968325792 0.96125120126 0.945080441767 0.725985138032 0.890683202946 0.0486737702356 0.9456162132 0.958815599569
0.409 0.959412471854 9.46902155467 0.661391432349 0.818 0.893386868352 0.944584299668 0.956817371691 0.959412483771 0.961678358411 0.945442245377 0.72122971746 0.885949787112 0.03934284823 0.945992323371 0.959257137681
0.4095 0.959854262938 9.4733818579 0.661381822985 0.819 0.89397265479 0.944888781538 0.957125796828 0.959854274495 0.96210317849 0.945801671898 0.716476779832 0.881214185285 0.0299980776616 0.946366372665 0.959696316264
0.41 0.960293685677 9.4777187865 0.661372213621 0.82 0.894558441227 0.945193263408 0.957434221966 0.960293696872 0.962525661247 0.946158722574 0.71172634367 0.87647640915 0.0206398062709 0.946738361081 0.960133134331
0.4105 0.960730738987 9.48203232976 0.661362604258 0.821 0.895144227665 0.945497745278 0.957742647103 0.960730749819 0.962945806432 0.946513398661 0.706978427329 0.871736470396 0.0112683812384 0.94710828862 0.960567590901
0.411 0.961165421789 9.48632247706 0.661352994894 0.822 0.895730014102 0.945802227148 0.958051072241 0.961165432258 0.963363613802 0.946865701424 0.702233048993 0.866994380719 0.00188414917761 0.947476155281 0.960999684998
0.4115 0.961597733011 9.4905892178 0.661343385531 0.823 0.89631580054 0.946106709018 0.958359497378 0.961597743115 0.963779083118 0.947215632136 0.69749022668 0.86225015182 -0.00751254387259 0.947841961064 0.961429415652
0.412 0.962027671586 9.49483254146 0.661333776167 0.824 0.896901586978 0.946411190888 0.958667922516 0.962027681324 0.964192214145 0.94756319208 0.692749978241 0.857503795404 -0.0169213524551 0.94820570597 0.961856781898
0.4125 0.962455236454 9.49905243755 0.661324166803 0.825 0.897487373415 0.946715672758 0.958976347653 0.962455245825 0.964603006651 0.947908382547 0.688012321358 0.852755323183 -0.0263419317016 0.948567389998 0.962281782776
0.413 0.962880426559 9.50324889569 0.66131455744 0.826 0.898073159853 0.947020154628 0.959284772791 0.962880435562 0.965011460409 0.948251204836 0.683277273546 0.848004746873 -0.0357739373401 0.948927013148 0.962704417332
0.4135 0.963303240852 9.50742190549 0.661304948076 0.827 0.898658946291 0.947324636498 0.959593197928 0.963303249487 0.965417575197 0.948591660258 0.678544852155 0.843252078196 -0.0452170257014 0.949284575421 0.963124684618
0.414 0.96372367829 9.51157145669 0.661295338712 0.828 0.899244732728 0.947629118368 0.959901623066 0.963723686556 0.965821350794 0.948929750129 0.673815074366 0.838497328877 -0.0546708537264 0.949640076816 0.96354258369
0.4145 0.964141737836 9.51569753902 0.661285729349 0.829 0.899830519166 0.947933600238 0.960210048204 0.964141745731 0.966222786986 0.949265475776 0.669087957196 0.83374051065 -0.0641350789731 0.949993517333 0.963958113611
0.415 0.964557418458 9.51980014231 0.661276119985 0.83 0.900416305603 0.948238082108 0.960518473341 0.964557425982 0.966621883562 0.949598838533 0.664363517495 0.828981635252 -0.0736093596231 0.950344896973 0.964371273449
0.4155 0.96497071913 9.52387925645 0.661266510622 0.831 0.901002092041 0.948542563978 0.960826898479 0.964970726283 0.967018640315 0.949929839742 0.659641771947 0.824220714423 -0.0830933544885 0.950694215735 0.964782062276
0.416 0.965381638833 9.52793487136 0.661256901258 0.832 0.901587878479 0.948847045848 0.961135323616 0.965381645614 0.96741305704 0.950258480756 0.654922737072 0.819457759912 -0.0925867230186 0.951041473619 0.965190479171
0.4165 0.965790176553 9.53196697704 0.661247291894 0.833 0.902173664916 0.949151527718 0.961443748754 0.965790182961 0.967805133539 0.950584762934 0.650206429223 0.81469278347 -0.102089125307 0.951386670626 0.965596523219
0.417 0.966196331282 9.53597556353 0.661237682531 0.834 0.902759451354 0.949456009587 0.961752173891 0.966196337316 0.968194869615 0.950908687643 0.645492864589 0.809925796854 -0.111600222096 0.951729806755 0.966000193507
0.4175 0.966600102017 9.53996062096 0.661228073167 0.835 0.903345237792 0.949760491457 0.962060599029 0.966600107677 0.968582265077 0.951230256258 0.640782059195 0.805156811828 -0.121119674788 0.952070882007 0.966401489133
0.418 0.967001487762 9.54392213948 0.661218463803 0.836 0.903931024229 0.950064973327 0.962369024166 0.967001493048 0.968967319737 0.951549470164 0.636074028902 0.800385840157 -0.130647145445 0.952409896381 0.966800409195
0.4185 0.967400487528 9.54786010932 0.66120885444 0.837 0.904516810667 0.950369455197 0.962677449304 0.967400492438 0.969350033409 0.951866330752 0.631368789406 0.795612893613 -0.140182296801 0.952746849877 0.9671969528
0.419 0.967797100329 9.55177452077 0.661199245076 0.838 0.905102597104 0.950673937067 0.962985874441 0.967797104863 0.969730405914 0.952180839421 0.62666635624 0.790837983974 -0.149724792265 0.953081742495 0.967591119058
0.4195 0.968191325187 9.55566536416 0.661189635713 0.839 0.905688383542 0.950978418937 0.963294299579 0.968191329345 0.970108437073 0.952492997579 0.621966744774 0.78606112302 -0.159274295929 0.953414574236 0.967982907087
0.42 0.968583161129 9.5595326299 0.661180026349 0.84 0.90627416998 0.951282900807 0.963602724716 0.968583164911 0.970484126713 0.952802806639 0.617269970214 0.781282322539 -0.168830472571 0.953745345099 0.968372316008
0.4205 0.968972607188 9.56337630844 0.661170416985 0.841 0.906859956417 0.951587382677 0.963911149854 0.968972610594 0.970857474665 0.953110268024 0.612576047604 0.776501594322 -0.178392987667 0.954074055085 0.968759344949
0.421 0.969359662404 9.5671963903 0.661160807622 0.842 0.907445742855 0.951891864547 0.964219574992 0.969359665433 0.971228480762 0.953415383164 0.607884991826 0.771718950164 -0.187961507391 0.954400704193 0.969143993043
0.4215 0.969744325821 9.57099286605 0.661151198258 0.843 0.908031529293 0.952196346417 0.964528000129 0.969744328473 0.97159714484 0.953718153496 0.603196817601 0.766934401866 -0.197535698622 0.954725292423 0.969526259428
0.422 0.97012659649 9.57476572633 0.661141588894 0.844 0.90861731573 0.952500828287 0.964836425267 0.970126598765 0.971963466742 0.954018580465 0.598511539485 0.762147961233 -0.207115228955 0.955047819776 0.969906143248
0.4225 0.970506473469 9.57851496183 0.661131979531 0.845 0.909203102168 0.952805310157 0.965144850404 0.970506475366 0.972327446309 0.954316665521 0.593829171875 0.757359640077 -0.216699766699 0.95536828625 0.970283643652
0.423 0.970883955819 9.5822405633 0.661122370167 0.846 0.909788888605 0.953109792027 0.965453275542 0.970883957339 0.972689083392 0.954612410124 0.589149729008 0.752569450211 -0.22628898089 0.955686691848 0.970658759795
0.4235 0.971259042609 9.58594252153 0.661112760804 0.847 0.910374675043 0.953414273897 0.965761700679 0.971259043752 0.973048377839 0.95490581574 0.584473224958 0.747777403454 -0.235882541292 0.956003036567 0.971031490838
0.424 0.971631732915 9.58962082741 0.66110315144 0.848 0.910960461481 0.953718755767 0.966070125817 0.97163173368 0.973405329505 0.955196883841 0.579799673639 0.742983511631 -0.245480118404 0.956317320409 0.971401835944
0.4245 0.972002025815 9.59327547186 0.661093542076 0.849 0.911546247918 0.954023237637 0.966378550954 0.972002026203 0.973759938249 0.955485615908 0.575129088807 0.73818778657 -0.255081383465 0.956629543374 0.971769794287
0.425 0.972369920398 9.59690644584 0.661083932713 0.85 0.912132034356 0.954327719507 0.966686976092 0.972369920408 0.974112203931 0.955772013427 0.570461484056 0.733390240104 -0.264686008462 0.95693970546 0.972135365041
0.4255 0.972735415754 9.60051374042 0.661074323349 0.851 0.912717820794 0.954632201377 0.966995401229 0.972735415387 0.974462126415 0.956056077891 0.565796872822 0.728590884071 -0.274293666132 0.957247806669 0.972498547389
0.426 0.973098510982 9.60409734668 0.661064713985 0.852 0.913303607231 0.954936683247 0.967303826367 0.973098510238 0.974809705568 0.956337810801 0.561135268381 0.723789730312 -0.283904029969 0.957553847001 0.972859340518
0.4265 0.973459205187 9.60765725579 0.661055104622 0.853 0.913889393669 0.955241165117 0.967612251504 0.973459204065 0.975154941263 0.956617213663 0.556476683851 0.718986790674 -0.29351677423 0.957857826454 0.973217743621
0.427 0.973817497477 9.61119345896 0.661045495258 0.854 0.914475180106 0.955545646987 0.967920676642 0.973817495979 0.975497833371 0.95689428799 0.551821132193 0.714182077007 -0.303131573939 0.958159745031 0.973573755896
0.4275 0.97417338697 9.61470594746 0.661035885895 0.855 0.915060966544 0.955850128857 0.968229101779 0.974173385095 0.975838381771 0.957169035302 0.547168626207 0.709375601167 -0.312748104893 0.958459602729 0.973927376547
0.428 0.974526872787 9.61819471263 0.661026276531 0.856 0.915646752982 0.956154610727 0.968537526917 0.974526870536 0.976176586343 0.957441457126 0.542519178539 0.704567375014 -0.322366043665 0.95875739955 0.974278604782
0.4285 0.974877954055 9.62165974587 0.661016667167 0.857 0.916232539419 0.956459092596 0.968845952055 0.974877951429 0.97651244697 0.957711554993 0.537872801674 0.69975741041 -0.331985067614 0.959053135493 0.974627439816
0.429 0.975226629909 9.62510103861 0.661007057804 0.858 0.916818325857 0.956763574466 0.969154377192 0.975226626908 0.976845963539 0.957979330441 0.533229507944 0.694945719224 -0.341604854883 0.959346810558 0.97497388087
0.4295 0.975572899489 9.62851858238 0.66099744844 0.859 0.917404112295 0.957068056336 0.96946280233 0.975572896112 0.977177135939 0.958244785017 0.528589309523 0.690132313329 -0.35122508441 0.959638424746 0.975317927168
0.43 0.975916761939 9.63191236873 0.660987839076 0.86 0.917989898732 0.957372538206 0.969771227467 0.975916758188 0.977505964062 0.958507920269 0.523952218426 0.685317204602 -0.36084543593 0.959927978056 0.975659577941
0.4305 0.976258216411 9.63528238929 0.660978229713 0.861 0.91857568517 0.957677020076 0.970079652605 0.976258212286 0.977832447804 0.958768737755 0.519318246518 0.680500404922 -0.370465589981 0.960215470489 0.975998832425
0.431 0.976597262064 9.63862863576 0.660968620349 0.862 0.919161471607 0.957981501946 0.970388077742 0.976597257565 0.978156587063 0.959027239037 0.514687405503 0.675681926175 -0.380085227906 0.960500902044 0.976335689862
0.4315 0.97693389806 9.64195109986 0.660959010986 0.863 0.919747258045 0.958285983816 0.97069650288 0.976933893188 0.978478381741 0.959283425684 0.510059706935 0.67086178025 -0.389704031862 0.960784272721 0.9766701495
0.432 0.977268123568 9.64524977341 0.660949401622 0.864 0.920333044483 0.958590465686 0.971004928017 0.977268118325 0.978797831743 0.95953729927 0.505435162209 0.66603997904 -0.399321684821 0.96106558252 0.97700221059
0.4325 0.977599937765 9.64852464827 0.660939792258 0.865 0.92091883092 0.958894947556 0.971313353155 0.97759993215 0.979114936975 0.959788861374 0.500813782568 0.661216534443 -0.408937870576 0.961344831442 0.977331872391
0.433 0.977929339831 9.65177571635 0.660930182895 0.866 0.921504617358 0.959199429426 0.971621778292 0.977929333845 0.979429697347 0.960038113582 0.496195579102 0.656391458359 -0.418552273746 0.961622019486 0.977659134165
0.4335 0.978256328953 9.65500296963 0.660920573531 0.867 0.922090403796 0.959503911296 0.97193020343 0.978256322598 0.979742112772 0.960285057484 0.491580562745 0.651564762696 -0.428164579778 0.961897146653 0.977983995183
0.434 0.978580904325 9.65820640015 0.660910964167 0.868 0.922676190233 0.959808393166 0.972238628567 0.978580897601 0.980052183165 0.960529694677 0.48696874428 0.64673645936 -0.437774474957 0.962170212942 0.978306454718
0.4345 0.978903065147 9.66138600001 0.660901354804 0.869 0.923261976671 0.960112875036 0.972547053705 0.978903058054 0.980359908446 0.960772026763 0.482360134338 0.641906560267 -0.447381646401 0.962441218353 0.978626512049
0.435 0.979222810622 9.66454176136 0.66089174544 0.87 0.923847763109 0.960417356906 0.972855478842 0.979222803161 0.980665288536 0.961012055348 0.477754743394 0.637075077333 -0.456985782076 0.962710162887 0.978944166463
0.4355 0.979540139962 9.66767367641 0.660882136077 0.871 0.924433549546 0.960721838776 0.97316390398 0.979540132135 0.980968323357 0.961249782045 0.473152581775 0.63224202248 -0.466586570792 0.962977046543 0.979259417249
0.436 0.979855052384 9.67078173744 0.660872526713 0.872 0.925019335984 0.961026320646 0.973472329118 0.979855044192 0.981269012837 0.96148520847 0.468553659654 0.627407407633 -0.476183702209 0.963241869321 0.979572263703
0.4365 0.980167547112 9.67386593678 0.660862917349 0.873 0.925605122421 0.961330802516 0.973780754255 0.980167538554 0.981567356905 0.961718336246 0.463957987055 0.62257124472 -0.485776866846 0.963504631222 0.979882705128
0.437 0.980477623373 9.67692626681 0.660853307986 0.874 0.926190908859 0.961635284386 0.974089179393 0.980477614452 0.981863355492 0.961949167 0.45936557385 0.617733545674 -0.495365756077 0.963765332245 0.980190740829
0.4375 0.980785280403 9.67996271999 0.660843698622 0.875 0.926776695297 0.961939766256 0.97439760453 0.98078527112 0.982157008533 0.962177702365 0.45477642976 0.612894322432 -0.504950062142 0.96402397239 0.98049637012
0.438 0.981090517443 9.68297528883 0.660834089258 0.876 0.927362481734 0.962244248126 0.974706029668 0.981090507799 0.982448315966 0.962403943976 0.450190564358 0.608053586935 -0.514529478146 0.964280551658 0.980799592318
0.4385 0.98139333374 9.68596396588 0.660824479895 0.877 0.927948268172 0.962548729996 0.975014454805 0.981393323735 0.982737277728 0.962627893477 0.445607987066 0.603211351125 -0.524103698066 0.964535070048 0.981100406746
0.439 0.981693728546 9.68892874378 0.660814870531 0.878 0.92853405461 0.962853211866 0.975322879943 0.981693718182 0.983023893764 0.962849552513 0.441028707157 0.598367626952 -0.533672416753 0.96478752756 0.981398812732
0.4395 0.981991701121 9.69186961522 0.660805261168 0.879 0.929119841047 0.963157693735 0.97563130508 0.981991690399 0.983308164016 0.963068922735 0.436452733755 0.593522426366 -0.543235329937 0.965037924195 0.981694809612
0.44 0.982287250729 9.69478657293 0.660795651804 0.88 0.929705627485 0.963462175605 0.975939730218 0.98228723965 0.983590088432 0.963286005799 0.431880075839 0.588675761323 -0.552792134229 0.965286259952 0.981988396724
0.4405 0.98258037664 9.69767960971 0.66078604244 0.881 0.930291413922 0.963766657475 0.976248155355 0.982580365206 0.983869666962 0.963500803365 0.427310742235 0.58382764378 -0.562342527127 0.965532534832 0.982279573413
0.441 0.982871078132 9.70054871844 0.660776433077 0.882 0.93087720036 0.964071139345 0.976556580493 0.982871066345 0.984146899557 0.963713317097 0.422744741625 0.578978085701 -0.571886207016 0.965776748833 0.98256833903
0.4415 0.983159354488 9.70339389203 0.660766823713 0.883 0.931462986798 0.964375621215 0.97686500563 0.983159342348 0.984421786171 0.963923548664 0.418182082544 0.574127099051 -0.581422873176 0.966018901958 0.982854692931
0.442 0.983445204995 9.70621512345 0.660757214349 0.884 0.932048773235 0.964680103085 0.977173430768 0.983445192504 0.984694326761 0.964131499738 0.413622773378 0.569274695799 -0.590952225781 0.966258994204 0.983138634476
0.4425 0.98372862895 9.70901240576 0.660747604986 0.885 0.932634559673 0.964984584955 0.977481855905 0.983728616108 0.984964521287 0.964337171997 0.409066822369 0.564420887919 -0.600473965907 0.966497025573 0.983420163033
0.443 0.984009625651 9.71178573204 0.660737995622 0.886 0.933220346111 0.965289066825 0.977790281043 0.984009612462 0.985232369708 0.964540567121 0.404514237612 0.559565687386 -0.60998779553 0.966732996064 0.983699277973
0.4435 0.984288194407 9.71453509546 0.660728386259 0.887 0.933806132548 0.965593548695 0.978098706181 0.984288180871 0.985497871989 0.964741686797 0.399965027058 0.554709106181 -0.619493417534 0.966966905678 0.983975978674
0.444 0.984564334529 9.71726048923 0.660718776895 0.888 0.934391918986 0.965898030565 0.978407131318 0.984564320648 0.985761028095 0.964940532712 0.395419198512 0.549851156286 -0.628990535713 0.967198754414 0.98425026452
0.4445 0.984838045337 9.71996190662 0.660709167531 0.889 0.934977705423 0.966202512435 0.978715556456 0.984838031112 0.986021837995 0.96513710656 0.390876759634 0.544991849687 -0.63847885477 0.967428542272 0.984522134898
0.445 0.985109326155 9.72263934097 0.660699558168 0.89 0.935563491861 0.966506994305 0.979023981593 0.985109311588 0.986280301658 0.965331410038 0.386337717942 0.540131198376 -0.647958080328 0.967656269252 0.984791589203
0.4455 0.985378176313 9.72529278568 0.660689948804 0.891 0.936149278299 0.966811476175 0.979332406731 0.985378161407 0.986536419057 0.965523444846 0.381802080807 0.535269214345 -0.657427918925 0.967881935355 0.985058626833
0.446 0.985644595149 9.72792223419 0.66068033944 0.892 0.936735064736 0.967115958045 0.979640831868 0.985644579904 0.986790190167 0.965713212687 0.377269855461 0.53040590959 -0.666888078024 0.968105540581 0.985323247194
0.4465 0.985908582005 9.73052768003 0.660670730077 0.893 0.937320851174 0.967420439915 0.979949257006 0.985908566423 0.987041614963 0.965900715271 0.37274104899 0.525541296111 -0.676338266011 0.968327084928 0.985585449695
0.447 0.986170136229 9.73310911675 0.660661120713 0.894 0.937906637612 0.967724921785 0.980257682143 0.986170120312 0.987290693425 0.966085954307 0.368215668338 0.520675385911 -0.685778192198 0.968546568398 0.985845233753
0.4475 0.986429257176 9.73566653799 0.66065151135 0.895 0.938492424049 0.968029403655 0.980566107281 0.986429240927 0.987537425534 0.966268931511 0.363693720309 0.515808190997 -0.695207566831 0.96876399099 0.986102598788
0.448 0.986685944208 9.73819993745 0.660641901986 0.896 0.939078210487 0.968333885525 0.980874532418 0.986685927627 0.987781811272 0.966449648601 0.359175211564 0.510939723377 -0.704626101086 0.968979352705 0.986357544227
0.4485 0.98694019669 9.74070930886 0.660632292622 0.897 0.939663996924 0.968638367395 0.981182957556 0.986940179779 0.988023850624 0.966628107297 0.354660148623 0.506069995064 -0.714033507078 0.969192653542 0.986610069501
0.449 0.987192013995 9.74319464604 0.660622683259 0.898 0.940249783362 0.968942849265 0.981491382693 0.987191996757 0.988263543578 0.966804309325 0.350148537865 0.501199018074 -0.723429497858 0.969403893501 0.986860174049
0.4495 0.987441395502 9.74565594286 0.660613073895 0.899 0.9408355698 0.969247331135 0.981799807831 0.987441377938 0.988500890121 0.966978256412 0.345640385531 0.496326804425 -0.732813787419 0.969613072583 0.987107857312
0.45 0.987688340595 9.74809319324 0.660603464531 0.9 0.941421356237 0.969551813005 0.982108232968 0.987688322708 0.988735890246 0.967149950288 0.34113569772 0.491453366139 -0.7421860907 0.969820190787 0.98735311874
0.4505 0.987932848666 9.75050639117 0.660593855168 0.901 0.942007142675 0.969856294874 0.982416658106 0.987932830457 0.988968543944 0.967319392688 0.336634480392 0.48657871524 -0.751546123584 0.970025248114 0.987595957785
0.451 0.98817491911 9.7528955307 0.660584245804 0.902 0.942592929113 0.970160776744 0.982725083244 0.988174900582 0.989198851211 0.967486585348 0.33213673937 0.481702863757 -0.760893602904 0.970228244562 0.987836373907
0.4515 0.988414551331 9.75526060592 0.660574636441 0.903 0.94317871555 0.970465258614 0.983033508381 0.988414532486 0.989426812042 0.967651530007 0.327642480336 0.47682582372 -0.770228246445 0.970429180134 0.988074366571
0.452 0.988651744738 9.75760161101 0.660565027077 0.904 0.943764501988 0.970769740484 0.983341933519 0.988651725577 0.989652426437 0.967814228409 0.323151708836 0.471947607163 -0.779549772945 0.970628054827 0.988309935245
0.4525 0.988886498745 9.75991854019 0.660555417713 0.905 0.944350288425 0.971074222354 0.983650358656 0.98888647927 0.989875694396 0.967974682298 0.318664430278 0.467068226122 -0.788857902098 0.970824868643 0.988543079407
0.453 0.989118812772 9.76221138773 0.66054580835 0.906 0.944936074863 0.971378704224 0.983958783794 0.989118792987 0.99009661592 0.968132893423 0.314180649932 0.462187692636 -0.798152354558 0.971019621581 0.988773798536
0.4535 0.989348686247 9.764480148 0.660536198986 0.907 0.945521861301 0.971683186094 0.984267208931 0.989348666153 0.990315191014 0.968288863532 0.309700372933 0.457306018749 -0.807432851939 0.971212313641 0.98900209212
0.454 0.989576118603 9.76672481537 0.660526589622 0.908 0.946107647738 0.971987667964 0.984575634069 0.989576098202 0.990531419683 0.96844259438 0.305223604279 0.452423216504 -0.816699116818 0.971402944824 0.989227959648
0.4545 0.989801109278 9.76894538433 0.660516980259 0.909 0.946693434176 0.972292149834 0.984884059206 0.989801088573 0.990745301934 0.968594087722 0.300750348833 0.44753929795 -0.825950872736 0.971591515129 0.98945140062
0.455 0.990023657717 9.77114184938 0.660507370895 0.91 0.947279220614 0.972596631704 0.985192484344 0.99002363671 0.990956837777 0.968743345315 0.296280611321 0.442654275137 -0.835187844205 0.971778024557 0.989672414537
0.4555 0.990243763371 9.77331420511 0.660497761532 0.911 0.947865007051 0.972901113574 0.985500909481 0.990243742065 0.991166027223 0.96889036892 0.291814396336 0.437768160119 -0.844409756701 0.971962473107 0.989891000907
0.456 0.990461425697 9.77546244616 0.660488152168 0.912 0.948450793489 0.973205595444 0.985809334619 0.990461404094 0.991372870283 0.9690351603 0.287351708336 0.432880964951 -0.853616336676 0.972144860779 0.990107159244
0.4565 0.990676644158 9.77758656723 0.660478542804 0.913 0.949036579926 0.973510077314 0.986117759756 0.99067662226 0.991577366973 0.969177721217 0.282892551646 0.427992701692 -0.862807311553 0.972325187574 0.990320889067
0.457 0.990889418222 9.77968656308 0.660468933441 0.914 0.949622366364 0.973814559184 0.986426184894 0.990889396032 0.991779517308 0.96931805344 0.278436930455 0.423103382404 -0.871982409731 0.972503453491 0.9905321899
0.4575 0.991099747366 9.78176242852 0.660459324077 0.915 0.950208152802 0.974119041054 0.986734610031 0.991099724886 0.991979321304 0.969456158738 0.273984848823 0.418213019151 -0.881141360586 0.97267965853 0.990741061273
0.458 0.99130763107 9.78381415844 0.660449714713 0.916 0.950793939239 0.974423522924 0.987043035169 0.991307608303 0.992176778983 0.96959203888 0.269536310674 0.413321623999 -0.890283894474 0.972853802691 0.990947502721
0.4585 0.99151306882 9.78584174776 0.66044010535 0.917 0.951379725677 0.974728004794 0.987351460307 0.991513045768 0.992371890362 0.96972569564 0.265091319801 0.408429209016 -0.89940974273 0.973025885975 0.991151513785
0.459 0.991716060111 9.7878451915 0.660430495986 0.918 0.951965512115 0.975032486664 0.987659885444 0.991716036777 0.992564655466 0.969857130791 0.260649879867 0.403535786275 -0.908518637673 0.973195908382 0.99135309401
0.4595 0.99191660444 9.7898244847 0.660420886623 0.919 0.952551298552 0.975336968534 0.987968310582 0.991916580827 0.992755074317 0.969986346112 0.256211994403 0.39864136785 -0.917610312606 0.97336386991 0.991552242949
0.46 0.992114701314 9.79177962248 0.660411277259 0.92 0.95313708499 0.975641450404 0.988276735719 0.992114677424 0.992943146941 0.970113343379 0.251777666807 0.393745965816 -0.926684501817 0.973529770561 0.991748960158
0.4605 0.992310350244 9.79371060002 0.660401667895 0.921 0.953722871427 0.975945932274 0.988585160857 0.992310326079 0.993128873364 0.970238124372 0.24734690035 0.388849592254 -0.935740940583 0.973693610335 0.9919432452
0.461 0.992503550747 9.79561741255 0.660392058532 0.922 0.954308657865 0.976250414144 0.988893585994 0.99250352631 0.993312253615 0.970360690873 0.242919698173 0.383952259244 -0.94477936517 0.97385538923 0.992135097642
0.4615 0.992694302346 9.79750005537 0.660382449168 0.923 0.954894444303 0.976554896013 0.989202011132 0.99269427764 0.993493287722 0.970481044665 0.238496063285 0.37905397887 -0.953799512834 0.974015107249 0.992324517058
0.462 0.99288260457 9.79935852383 0.660372839804 0.924 0.95548023074 0.976859377883 0.989510436269 0.992882579598 0.993671975717 0.970599187532 0.234075998569 0.374154763217 -0.962801121823 0.974172764389 0.992511503026
0.4625 0.993068456955 9.80119281335 0.660363230441 0.925 0.956066017178 0.977163859753 0.989818861407 0.99306843172 0.993848317632 0.970715121259 0.22965950678 0.369254624376 -0.971783931379 0.974328360652 0.992696055131
0.463 0.993251859042 9.80300291939 0.660353621077 0.926 0.956651803616 0.977468341623 0.990127286544 0.993251833546 0.994022313501 0.970828847634 0.225246590541 0.364353574435 -0.98074768174 0.974481896037 0.992878172962
0.4635 0.99343281038 9.80478883751 0.660344011714 0.927 0.957237590053 0.977772823493 0.990435711682 0.993432784626 0.994193963358 0.970940368446 0.220837252354 0.359451625488 -0.989692114138 0.974633370544 0.993057856114
0.464 0.99361131052 9.80655056328 0.66033440235 0.928 0.957823376491 0.978077305363 0.990744136819 0.993611284511 0.994363267241 0.971049685483 0.216431494588 0.354548789629 -0.998616970806 0.974782784174 0.993235104187
0.4645 0.993787359023 9.80828809236 0.660324792986 0.929 0.958409162928 0.978381787233 0.991052561957 0.993787332762 0.994530225187 0.971156800538 0.212029319488 0.349645078957 -1.00752199497 0.974930136926 0.993409916788
0.465 0.993960955455 9.81000142047 0.660315183623 0.93 0.958994949366 0.978686269103 0.991360987094 0.993960928945 0.994694837236 0.9712617154 0.207630729176 0.34474050557 -1.01640693087 0.975075428801 0.993582293528
0.4655 0.994132099387 9.81169054338 0.660305574259 0.931 0.959580735804 0.978990750973 0.991669412232 0.994132072631 0.994857103426 0.971364431864 0.203235725643 0.339835081571 -1.02527152373 0.975218659797 0.993752234024
0.466 0.994300790397 9.81335545691 0.660295964895 0.932 0.960166522241 0.979295232843 0.99197783737 0.994300763397 0.995017023801 0.971464951724 0.198844310758 0.334928819062 -1.03411551979 0.975359829917 0.993919737897
0.4665 0.994467028068 9.81499615696 0.660286355532 0.933 0.960752308679 0.979599714713 0.992286262507 0.994467000828 0.995174598402 0.971563276774 0.194456486266 0.330021730149 -1.04293866628 0.975498939158 0.994084804775
0.467 0.994630811991 9.81661263949 0.660276746168 0.934 0.961338095117 0.979904196583 0.992594687645 0.994630784514 0.995329827275 0.971659408809 0.190072253787 0.325113826941 -1.05174071145 0.975635987522 0.994247434292
0.4675 0.994792141762 9.8182049005 0.660267136805 0.935 0.961923881554 0.980208678453 0.992903112782 0.99479211405 0.995482710463 0.971753349626 0.185691614816 0.320205121547 -1.06052140454 0.975770975008 0.994407626086
0.468 0.994951016981 9.81977293607 0.660257527441 0.936 0.962509667992 0.980513160323 0.99321153792 0.994950989038 0.995633248014 0.971845101023 0.181314570728 0.315295626078 -1.06928049583 0.975903901617 0.9945653798
0.4685 0.995107437258 9.82131674232 0.660247918077 0.937 0.96309545443 0.980817642193 0.993519963057 0.995107409086 0.995781439976 0.971934664796 0.176941122772 0.310385352649 -1.07801773655 0.976034767348 0.994720695085
0.469 0.995261402206 9.82283631545 0.660238308714 0.938 0.963681240867 0.981122124063 0.993828388195 0.995261373809 0.995927286396 0.972022042745 0.172571272078 0.305474313375 -1.086732879 0.976163572201 0.994873571595
0.4695 0.995412911446 9.82433165171 0.66022869935 0.939 0.964267027305 0.981426605933 0.994136813332 0.995412882827 0.996070787326 0.972107236668 0.168205019651 0.300562520373 -1.09542567645 0.976290316177 0.99502400899
0.47 0.995561964603 9.8258027474 0.660219089986 0.94 0.964852813742 0.981731087803 0.99444523847 0.995561935765 0.996211942815 0.972190248365 0.163842366378 0.295649985763 -1.1040958832 0.976414999275 0.995172006935
0.4705 0.99570856131 9.82724959891 0.660209480623 0.941 0.96543860018 0.982035569673 0.994753663607 0.995708532256 0.996350752917 0.972271079635 0.159483313022 0.290736721666 -1.11274325455 0.976537621495 0.995317565103
0.471 0.995852701205 9.82867220265 0.660199871259 0.942 0.966024386618 0.982340051543 0.995062088745 0.995852671939 0.996487217683 0.972349732278 0.155127860228 0.285822740206 -1.12136754682 0.976658182838 0.995460683169
0.4715 0.995994383933 9.83007055512 0.660190261896 0.943 0.966610173055 0.982644533413 0.995370513882 0.995994354457 0.99662133717 0.972426208095 0.150776008521 0.280908053506 -1.12996851733 0.976776683303 0.995601360816
0.472 0.996133609143 9.83144465287 0.660180652532 0.944 0.967195959493 0.982949015283 0.99567893902 0.996133579461 0.996753111431 0.972500508887 0.146427758306 0.275992673693 -1.13854592443 0.97689312289 0.995739597731
0.4725 0.996270376493 9.83279449251 0.660171043168 0.945 0.967781745931 0.983253497152 0.995987364158 0.996270346608 0.996882540523 0.972572636454 0.142083109868 0.271076612896 -1.14709952748 0.9770075016 0.995875393607
0.473 0.996404685645 9.8341200707 0.660161433805 0.946 0.968367532368 0.983557979022 0.996295789295 0.99640465556 0.997009624504 0.972642592597 0.137742063377 0.266159883244 -1.15562908684 0.977119819432 0.996008748142
0.4735 0.996536536267 9.83542138418 0.660151824441 0.947 0.968953318806 0.983862460892 0.996604214433 0.996536505986 0.997134363432 0.972710379117 0.133404618881 0.261242496869 -1.16413436392 0.977230076386 0.996139661039
0.474 0.996665928034 9.83669842974 0.660142215077 0.948 0.969539105243 0.984166942762 0.99691263957 0.99666589756 0.997256757366 0.972775997816 0.129070776315 0.256324465904 -1.1726151211 0.977338272463 0.996268132009
0.4745 0.996792860627 9.83795120422 0.660132605714 0.949 0.970124891681 0.984471424632 0.997221064708 0.996792829964 0.997376806367 0.972839450494 0.124740535492 0.251405802485 -1.18107112182 0.977444407662 0.996394160765
0.475 0.996917333733 9.83917970453 0.66012299635 0.95 0.970710678119 0.984775906502 0.997529489845 0.996917302883 0.997494510495 0.972900738952 0.120413896113 0.246486518746 -1.18950213051 0.977548481983 0.996517747028
0.4755 0.997039347045 9.84038392765 0.660113386987 0.951 0.971296464556 0.985080388372 0.997837914983 0.997039316012 0.997609869813 0.97295986499 0.11609085776 0.241566626826 -1.19790791263 0.977650495427 0.996638890523
0.476 0.997158900261 9.8415638706 0.660103777623 0.952 0.971882250994 0.985384870242 0.99814634012 0.997158869048 0.997722884385 0.97301683041 0.111771419901 0.236646138865 -1.20628823464 0.977750447993 0.996757590981
0.4765 0.997275993086 9.84271953046 0.660094168259 0.953 0.972468037432 0.985689352112 0.998454765258 0.997275961698 0.997833554273 0.97307163701 0.107455581889 0.231725067003 -1.21464286404 0.977848339682 0.996873848138
0.477 0.997390625232 9.8438509044 0.660084558896 0.954 0.973053823869 0.985993833982 0.998763190395 0.997390593671 0.997941879542 0.973124286591 0.103143342961 0.226803423382 -1.22297156935 0.977944170493 0.996987661736
0.4775 0.997502796416 9.84495798961 0.660074949532 0.955 0.973639610307 0.986298315852 0.999071615533 0.997502764686 0.99804786026 0.973174780953 0.0988347022427 0.221881220147 -1.23127412009 0.978037940426 0.997099031523
0.478 0.997612506361 9.84604078336 0.660065340168 0.956 0.974225396744 0.986602797722 0.99938004067 0.997612474465 0.998151496491 0.973223121893 0.0945296587431 0.216958469441 -1.23955028682 0.978129649481 0.997207957251
0.4785 0.997719754796 9.84709928299 0.660055730805 0.957 0.974811183182 0.986907279592 0.999688465808 0.997719722738 0.998252788304 0.973269311211 0.0902282113598 0.212035183412 -1.2477998411 0.978219297659 0.997314438678
0.479 0.997824541457 9.84813348588 0.660046121441 0.958 0.97539696962 0.987211761462 0.999996890945 0.99782450924 0.998351735766 0.973313350704 0.0859303588773 0.207111374208 -1.25602255551 0.978306884959 0.997418475568
0.4795 0.997926866086 9.84914338948 0.660036512078 0.959 0.975982756057 0.987516243332 1.00030531608 0.997926833713 0.998448338947 0.973355242169 0.0816360999682 0.202187053976 -1.26421820368 0.978392411382 0.997520067689
0.48 0.998026728428 9.8501289913 0.660026902714 0.96 0.976568542495 0.987820725202 1.00061374122 0.998026695904 0.998542597917 0.973394987402 0.0773454331932 0.197262234868 -1.27238656024 0.978475876927 0.997619214816
0.4805 0.998124128239 9.8510902889 0.66001729335 0.961 0.977154328933 0.988125207072 1.00092216636 0.998124095566 0.998634512745 0.9734325882 0.0730583570019 0.192336929036 -1.28052740082 0.978557281594 0.997715916729
0.481 0.998219065278 9.85202727992 0.660007683987 0.962 0.97774011537 0.988429688942 1.0012305915 0.998219032461 0.998724083504 0.973468046357 0.068774869733 0.187411148631 -1.28864050211 0.978636625384 0.997810173213
0.4815 0.998311539311 9.85293996204 0.659998074623 0.963 0.978325901808 0.988734170812 1.00153901663 0.998311506352 0.998811310266 0.973501363668 0.0644949696153 0.182484905807 -1.2967256418 0.978713908296 0.997901984059
0.482 0.998401550109 9.85382833301 0.659988465259 0.964 0.978911688245 0.989038652682 1.00184744177 0.998401517013 0.998896193103 0.973532541925 0.0602186547675 0.17755821272 -1.30478259859 0.97878913033 0.997991349063
0.4825 0.998489097451 9.85469239064 0.659978855896 0.965 0.979497474683 0.989343134552 1.00215586691 0.99848906422 0.998978732088 0.97356158292 0.0559459231992 0.172631081526 -1.31281115224 0.978862291487 0.998078268027
0.483 0.99857418112 9.85553213279 0.659969246532 0.966 0.980083261121 0.989647616422 1.00246429205 0.998574147759 0.999058927298 0.973588488445 0.0516767728113 0.167703524382 -1.32081108348 0.978933391766 0.998162740757
0.4835 0.998656800906 9.8563475574 0.659959637169 0.967 0.980669047558 0.989952098291 1.00277271718 0.998656767419 0.999136778805 0.973613260289 0.0474112013961 0.162775553447 -1.32878217409 0.979002431167 0.998244767066
0.484 0.998736956606 9.85713866245 0.659950027805 0.968 0.981254833996 0.990256580161 1.00308114232 0.998736922996 0.999212286686 0.973635900242 0.0431492066382 0.157847180878 -1.33672420688 0.979069409691 0.998324346772
0.4845 0.998814648022 9.85790544599 0.659940418441 0.969 0.981840620434 0.990561062031 1.00338956746 0.998814614292 0.999285451017 0.973656410091 0.0388907861151 0.152918418838 -1.34463696566 0.979134327337 0.998401479698
0.485 0.998889874962 9.85864790613 0.659930809078 0.97 0.982426406871 0.990865543901 1.0036979926 0.998889841116 0.999356271875 0.973674791624 0.0346359372969 0.147989279486 -1.35252023526 0.979197184105 0.998476165673
0.4855 0.998962637241 9.85936604103 0.659921199714 0.971 0.983012193309 0.991170025771 1.00400641773 0.998962603283 0.999424749338 0.973691046624 0.0303846575478 0.143059774986 -1.36037380155 0.979257979996 0.998548404531
0.486 0.999032934678 9.86005984893 0.65991159035 0.972 0.983597979746 0.991474507641 1.00431484287 0.999032900612 0.999490883484 0.973705176876 0.0261369441259 0.1381299175 -1.36819745141 0.979316715009 0.998618196112
0.4865 0.999100767101 9.86072932811 0.659901980987 0.973 0.984183766184 0.991778989511 1.00462326801 0.999100732931 0.999554674392 0.973717184162 0.0218927941837 0.133199719192 -1.37599097274 0.979373389145 0.998685540261
0.487 0.999166134343 9.86137447693 0.659892371623 0.974 0.984769552622 0.992083471381 1.00493169315 0.999166100071 0.999616122141 0.973727070263 0.017652204769 0.128269192227 -1.38375415444 0.979428002402 0.998750436829
0.4875 0.999229036241 9.86199529378 0.65988276226 0.975 0.985355339059 0.992387953251 1.00524011828 0.999229001872 0.999675226811 0.973734836959 0.0134151728249 0.12333834877 -1.39148678648 0.979480554782 0.99881288567
0.488 0.999289472641 9.86259177714 0.659873152896 0.976 0.985941125497 0.992692435121 1.00554854342 0.999289438178 0.999731988484 0.973740486028 0.00918169519078 0.118407200988 -1.39918865979 0.979531046285 0.998872886648
0.4885 0.999347443393 9.86316392553 0.659863543532 0.977 0.986526911935 0.992996916991 1.00585696856 0.999347408841 0.999786407239 0.973744019246 0.00495176860227 0.113475761049 -1.40685956636 0.97957947691 0.998930439628
0.489 0.999402948355 9.86371173755 0.659853934169 0.978 0.987112698372 0.993301398861 1.0061653937 0.999402913717 0.99983848316 0.973745438388 0.000725389692046 0.108544041119 -1.41449929919 0.979625846657 0.998985544482
0.4895 0.99945598739 9.86423521183 0.659844324805 0.979 0.98769848481 0.993605880731 1.00647381883 0.999455952669 0.999888216327 0.973744745227 -0.00349744500976 0.103612053367 -1.42210765229 0.979670155526 0.999038201089
0.49 0.999506560366 9.8647343471 0.659834715441 0.98 0.988284271247 0.993910362601 1.00678224397 0.999506525567 0.999935606825 0.973741941533 -0.00771673907512 0.0986798099635 -1.4296844207 0.979712403518 0.999088409332
0.4905 0.999554667159 9.86520914212 0.659825106078 0.981 0.988870057685 0.994214844471 1.00709066911 0.999554632285 0.999980654737 0.973737029077 -0.0119324961776 0.093747323077 -1.43722940046 0.979752590633 0.999136169099
0.491 0.99960030765 9.86565959572 0.659815496714 0.982 0.989455844123 0.994519326341 1.00739909425 0.999600272706 1.00002336015 0.973730009626 -0.0161447200918 0.0888146048783 -1.44474238864 0.979790716869 0.999181480284
0.4915 0.999643481727 9.86608570678 0.659805887351 0.983 0.99004163056 0.994823808211 1.00770751938 0.999643446716 1.00006372314 0.973720884945 -0.0203534146931 0.0838816675384 -1.45222318333 0.979826782228 0.999224342786
0.492 0.999684189283 9.86648747425 0.659796277987 0.984 0.990627416998 0.995128290081 1.00801594452 0.999684154208 1.00010174379 0.973709656799 -0.0245585839571 0.0789485232288 -1.45967158364 0.979860786709 0.999264756511
0.4925 0.999722430218 9.86686489715 0.659786668623 0.985 0.991213203436 0.995432771951 1.00832436966 0.999722395083 1.0001374222 0.973696326948 -0.0287602319587 0.0740151841216 -1.46708738967 0.979892730313 0.999302721369
0.493 0.999758204437 9.86721797454 0.65977705926 0.986 0.991798989873 0.995737253821 1.0086327948 0.999758169247 1.00017075845 0.973680897153 -0.0329583628725 0.0690816623892 -1.47447040256 0.979922613039 0.999338237275
0.4935 0.999791511852 9.86754670555 0.659767449896 0.987 0.992384776311 0.996041735691 1.00894121993 0.99979147661 1.00020175262 0.973663369171 -0.0371529809715 0.0641479702048 -1.48182042447 0.979950434887 0.999371304151
0.494 0.999822352381 9.86785108937 0.659757840532 0.988 0.992970562748 0.996346217561 1.00924964507 0.999822317091 1.00023040481 0.973643744757 -0.041344090627 0.0592141197416 -1.48913725854 0.979976195858 0.999401921923
0.4945 0.999850725947 9.86813112524 0.659748231169 0.989 0.993556349186 0.99665069943 1.00955807021 0.999850690613 1.00025671509 0.973622025664 -0.0455316963082 0.0542801231734 -1.49642070897 0.979999895951 0.999430090523
0.495 0.999876632482 9.86838681249 0.659738621805 0.99 0.994142135624 0.9969551813 1.00986649535 0.999876597107 1.00028068356 0.973598213644 -0.0497158025816 0.0493459926744 -1.50367058094 0.980021535166 0.999455809889
0.4955 0.99990007192 9.86861815047 0.659729012442 0.991 0.994727922061 0.99725966317 1.01017492048 0.999900036508 1.0003023103 0.973572310444 -0.0538964141103 0.0444117404191 -1.51088668064 0.980041113504 0.999479079964
0.496 0.999921044204 9.86882513862 0.659719403078 0.992 0.995313708499 0.99756414504 1.01048334562 0.99992100876 1.0003215954 0.973544317811 -0.058073535654 0.0394773785823 -1.51806881531 0.980058630964 0.999499900696
0.4965 0.999939549282 9.86900777642 0.659709793714 0.993 0.995899494937 0.99786862691 1.01079177076 0.999939513809 1.00033853896 0.973514237489 -0.062247172068 0.0345429193389 -1.52521679315 0.980074087546 0.999518272039
0.497 0.999955587109 9.86916606342 0.659700184351 0.994 0.996485281374 0.99817310878 1.0111001959 0.999955551611 1.00035314106 0.973482071219 -0.0664173283034 0.0296083748643 -1.53233042341 0.980087483251 0.999534193951
0.4975 0.999969157645 9.86929999924 0.659690574987 0.995 0.997071067812 0.99847759065 1.01140862103 0.999969122126 1.00036540179 0.97344782074 -0.0705840094057 0.024673757334 -1.53940951634 0.980098818078 0.999547666399
0.498 0.999980260856 9.86940958355 0.659680965623 0.996 0.997656854249 0.99878207252 1.01171704617 0.99998022532 1.00037532123 0.973411487788 -0.0747472205154 0.0197390789236 -1.54645388318 0.980108092028 0.999558689351
0.4985 0.999988896716 9.86949481606 0.65967135626 0.997 0.998242640687 0.99908655439 1.01202547131 0.999988861165 1.00038289949 0.973373074097 -0.0789069668664 0.0148043518091 -1.55346333622 0.980115305099 0.999567262784
0.499 0.999995065202 9.86955569658 0.659661746896 0.998 0.998828427125 0.99939103626 1.01233389645 0.999995029642 1.00038813666 0.973332581398 -0.0830632537866 0.00986958816625 -1.5604376887 0.980120457293 0.999573386678
0.4995 0.9999987663 9.86959222496 0.659652137533 0.999 0.999414213562 0.99969551813 1.01264232158 0.999998730734 1.00039103281 0.973290011419 -0.0872160866967 0.00493480017119 -1.56737675493 0.98012354861 0.99957706102
0.5 1 9.86960440109 0.659642528169 1 1 1 1.01295074672 0.999999964433 1.00039158805 0.973245365886 -0.0913654711098 1.92367069372e-16 -1.57428035017 0.980124579049 0.999578285802
0.5005 0.9999987663 9.86959222496 0.659632918805 0.999 0.999414213562 0.99969551813 1.01264232158 0.999998730734 1.00038980247 0.973198646522 -0.0955114126313 -0.00493480017119 -1.58114829073 0.98012354861 0.99957706102
0.501 0.999995065202 9.86955569658 0.659623309442 0.998 0.998828427125 0.99939103626 1.01233389645 0.999995029642 1.00038567616 0.973149855046 -0.0996539169582 -0.00986958816625 -1.58798039389 0.980120457293 0.999573386678
0.5015 0.999988896716 9.86949481606 0.659613700078 0.997 0.998242640687 0.99908655439 1.01202547131 0.999988861165 1.00037920921 0.973098993177 -0.103792989879 -0.0148043518091 -1.59477647796 0.980115305099 0.999567262784
0.502 0.999980260856 9.86940958355 0.659604090714 0.996 0.997656854249 0.99878207252 1.01171704617 0.99998022532 1.00037040171 0.973046062627 -0.107928637271 -0.0197390789236 -1.60153636224 0.980108092028 0.999558689351
0.5025 0.999969157645 9.86929999924 0.659594481351 0.995 0.997071067812 0.99847759065 1.01140862103 0.999969122126 1.00035925377 0.972991065109 -0.112060865104 -0.024673757334 -1.60825986703 0.980098818078 0.999547666399
0.503 0.999955587109 9.86916606342 0.659584871987 0.994 0.996485281374 0.99817310878 1.0111001959 0.999955551611 1.00034576546 0.972934002331 -0.116189679438 -0.0296083748643 -1.61494681364 0.980087483251 0.999534193951
0.5035 0.999939549282 9.86900777642 0.659575262624 0.993 0.995899494937 0.99786862691 1.01079177076 0.999939513809 1.00032993689 0.972874875998 -0.120315086418 -0.0345429193389 -1.62159702437 0.980074087546 0.999518272039
0.504 0.999921044204 9.86882513862 0.65956565326 0.992 0.995313708499 0.99756414504 1.01048334562 0.99992100876 1.00031176815 0.972813687812 -0.124437092283 -0.0394773785823 -1.62821032253 0.980058630964 0.999499900696
0.5045 0.99990007192 9.86861815047 0.659556043896 0.991 0.994727922061 0.99725966317 1.01017492048 0.999900036508 1.00029125934 0.972750439471 -0.128555703357 -0.0444117404191 -1.63478653242 0.980041113504 0.999479079964
0.505 0.999876632482 9.86838681249 0.659546434533 0.99 0.994142135624 0.9969551813 1.00986649535 0.999876597107 1.00026841054 0.972685132673 -0.132670926054 -0.0493459926744 -1.64132547934 0.980021535166 0.999455809889
0.5055 0.999850725947 9.86813112524 0.659536825169 0.989 0.993556349186 0.99665069943 1.00955807021 0.999850690613 1.00024322186 0.972617769109 -0.136782766872 -0.0542801231734 -1.64782698959 0.979999895951 0.999430090523
0.506 0.999822352381 9.86785108937 0.659527215805 0.988 0.992970562748 0.996346217561 1.00924964507 0.999822317091 1.00021569339 0.972548350469 -0.140891232399 -0.0592141197416 -1.65429089046 0.979976195858 0.999401921923
0.5065 0.999791511852 9.86754670555 0.659517606442 0.987 0.992384776311 0.996041735691 1.00894121993 0.99979147661 1.00018582522 0.972476878438 -0.14499632931 -0.0641479702048 -1.66071701024 0.979950434887 0.999371304151
0.507 0.999758204437 9.86721797454 0.659507997078 0.986 0.991798989873 0.995737253821 1.0086327948 0.999758169247 1.00015361746 0.9724033547 -0.149098064362 -0.0690816623892 -1.6671051782 0.979922613039 0.999338237275
0.5075 0.999722430218 9.86686489715 0.659498387715 0.985 0.991213203436 0.995432771951 1.00832436966 0.999722395083 1.00011907019 0.972327780933 -0.153196444402 -0.0740151841216 -1.67345522463 0.979892730313 0.999302721369
0.508 0.999684189283 9.86648747425 0.659488778351 0.984 0.990627416998 0.995128290081 1.00801594452 0.999684154208 1.00008218352 0.972250158813 -0.157291476359 -0.0789485232288 -1.67976698078 0.979860786709 0.999264756511
0.5085 0.999643481727 9.86608570678 0.659479168987 0.983 0.99004163056 0.994823808211 1.00770751938 0.999643446716 1.00004295754 0.972170490013 -0.161383167248 -0.0838816675384 -1.6860402789 0.979826782228 0.999224342786
0.509 0.99960030765 9.86565959572 0.659469559624 0.982 0.989455844123 0.994519326341 1.00739909425 0.999600272706 1.00000139234 0.972088776202 -0.165471524167 -0.0888146048783 -1.69227495225 0.979790716869 0.999181480284
0.5095 0.999554667159 9.86520914212 0.65945995026 0.981 0.988870057685 0.994214844471 1.00709066911 0.999554632285 0.999957488035 0.972005019044 -0.169556554299 -0.093747323077 -1.69847083505 0.979752590633 0.999136169099
0.51 0.999506560366 9.8647343471 0.659450340896 0.98 0.988284271247 0.993910362601 1.00678224397 0.999506525567 0.99991124471 0.971919220201 -0.17363826491 -0.0986798099635 -1.70462776252 0.979712403518 0.999088409332
0.5105 0.99945598739 9.86423521183 0.659440731533 0.979 0.98769848481 0.993605880731 1.00647381883 0.999455952669 0.999862662465 0.971831381331 -0.177716663347 -0.103612053367 -1.71074557087 0.979670155526 0.999038201089
0.511 0.999402948355 9.86371173755 0.659431122169 0.978 0.987112698372 0.993301398861 1.0061653937 0.999402913717 0.999811741399 0.971741504088 -0.181791757041 -0.108544041119 -1.71682409728 0.979625846657 0.998985544482
0.5115 0.999347443393 9.86316392553 0.659421512806 0.977 0.986526911935 0.992996916991 1.00585696856 0.999347408841 0.99975848161 0.971649590123 -0.185863553505 -0.113475761049 -1.72286317992 0.97957947691 0.998930439628
0.512 0.999289472641 9.86259177714 0.659411903442 0.976 0.985941125497 0.992692435121 1.00554854342 0.999289438178 0.999702883196 0.971555641083 -0.189932060331 -0.118407200988 -1.72886265796 0.979531046285 0.998872886648
0.5125 0.999229036241 9.86199529378 0.659402294078 0.975 0.985355339059 0.992387953251 1.00524011828 0.999229001872 0.999644946257 0.97145965861 -0.193997285195 -0.12333834877 -1.73482237152 0.979480554782 0.99881288567
0.513 0.999166134343 9.86137447693 0.659392684715 0.974 0.984769552622 0.992083471381 1.00493169315 0.999166100071 0.99958467089 0.971361644343 -0.198059235852 -0.128269192227 -1.74074216173 0.979428002402 0.998750436829
0.5135 0.999100767101 9.86072932811 0.659383075351 0.973 0.984183766184 0.991778989511 1.00462326801 0.999100732931 0.999522057196 0.971261599918 -0.202117920136 -0.133199719192 -1.74662187068 0.979373389145 0.998685540261
0.514 0.999032934678 9.86005984893 0.659373465987 0.972 0.983597979746 0.991474507641 1.00431484287 0.999032900612 0.999457105275 0.971159526966 -0.206173345961 -0.1381299175 -1.75246134144 0.979316715009 0.998618196112
0.5145 0.998962637241 9.85936604103 0.659363856624 0.971 0.983012193309 0.991170025771 1.00400641773 0.998962603283 0.999389815224 0.971055427114 -0.210225521321 -0.143059774986 -1.75826041806 0.979257979996 0.998548404531
0.515 0.998889874962 9.85864790613 0.65935424726 0.97 0.982426406871 0.990865543901 1.0036979926 0.998889841116 0.999320187146 0.970949301985 -0.214274454287 -0.147989279486 -1.76401894557 0.979197184105 0.998476165673
0.5155 0.998814648022 9.85790544599 0.659344637897 0.969 0.981840620434 0.990561062031 1.00338956746 0.998814614292 0.999248221138 0.970841153199 -0.218320153011 -0.152918418838 -1.76973676997 0.979134327337 0.998401479698
0.516 0.998736956606 9.85713866245 0.659335028533 0.968 0.981254833996 0.990256580161 1.00308114232 0.998736922996 0.999173917304 0.97073098237 -0.222362625719 -0.157847180878 -1.77541373822 0.979069409691 0.998324346772
0.5165 0.998656800906 9.8563475574 0.659325419169 0.967 0.980669047558 0.989952098291 1.00277271718 0.998656767419 0.999097275741 0.970618791109 -0.226401880716 -0.162775553447 -1.78104969827 0.979002431167 0.998244767066
0.517 0.99857418112 9.85553213279 0.659315809806 0.966 0.980083261121 0.989647616422 1.00246429205 0.998574147759 0.999018296553 0.970504581024 -0.230437926385 -0.167703524382 -1.78664449904 0.978933391766 0.998162740757
0.5175 0.998489097451 9.85469239064 0.659306200442 0.965 0.979497474683 0.989343134552 1.00215586691 0.99848906422 0.998936979839 0.970388353717 -0.234470771182 -0.172631081526 -1.79219799041 0.978862291487 0.998078268027
0.518 0.998401550109 9.85382833301 0.659296591078 0.964 0.978911688245 0.989038652682 1.00184744177 0.998401517013 0.998853325701 0.970270110785 -0.238500423642 -0.17755821272 -1.79771002322 0.97878913033 0.997991349063
0.5185 0.998311539311 9.85293996204 0.659286981715 0.963 0.978325901808 0.988734170812 1.00153901663 0.998311506352 0.99876733424 0.970149853824 -0.242526892374 -0.182484905807 -1.8031804493 0.978713908296 0.997901984059
0.519 0.998219065278 9.85202727992 0.659277372351 0.962 0.97774011537 0.988429688942 1.0012305915 0.998219032461 0.998679005559 0.970027584422 -0.246550186062 -0.187411148631 -1.80860912143 0.978636625384 0.997810173213
0.5195 0.998124128239 9.8510902889 0.659267762988 0.961 0.977154328933 0.988125207072 1.00092216636 0.998124095566 0.998588339759 0.969903304165 -0.250570313464 -0.192336929036 -1.81399589334 0.978557281594 0.997715916729
0.52 0.998026728428 9.8501289913 0.659258153624 0.96 0.976568542495 0.987820725202 1.00061374122 0.998026695904 0.998495336942 0.969777014635 -0.254587283414 -0.197262234868 -1.81934061976 0.978475876927 0.997619214816
0.5205 0.997926866086 9.84914338948 0.65924854426 0.959 0.975982756057 0.987516243332 1.00030531608 0.997926833713 0.998399997212 0.969648717407 -0.258601104817 -0.202187053976 -1.82464315636 0.978392411382 0.997520067689
0.521 0.997824541457 9.84813348588 0.659238934897 0.958 0.97539696962 0.987211761462 0.999996890945 0.99782450924 0.998302320669 0.969518414053 -0.262611786652 -0.207111374208 -1.82990335975 0.978306884959 0.997418475568
0.5215 0.997719754796 9.84709928299 0.659229325533 0.957 0.974811183182 0.986907279592 0.999688465808 0.997719722738 0.998202307419 0.969386106142 -0.266619337972 -0.212035183412 -1.83512108753 0.978219297659 0.997314438678
0.522 0.997612506361 9.84604078336 0.659219716169 0.956 0.974225396744 0.986602797722 0.99938004067 0.997612474465 0.998099957563 0.969251795235 -0.270623767901 -0.216958469441 -1.84029619825 0.978129649481 0.997207957251
0.5225 0.997502796416 9.84495798961 0.659210106806 0.955 0.973639610307 0.986298315852 0.999071615533 0.997502764686 0.997995271204 0.969115482892 -0.274625085635 -0.221881220147 -1.8454285514 0.978037940426 0.997099031523
0.523 0.997390625232 9.8438509044 0.659200497442 0.954 0.973053823869 0.985993833982 0.998763190395 0.997390593671 0.997888248448 0.968977170667 -0.27862330044 -0.226803423382 -1.85051800745 0.977944170493 0.996987661736
0.5235 0.997275993086 9.84271953046 0.659190888079 0.953 0.972468037432 0.985689352112 0.998454765258 0.997275961698 0.997778889397 0.968836860108 -0.282618421656 -0.231725067003 -1.85556442779 0.977848339682 0.996873848138
0.524 0.997158900261 9.8415638706 0.659181278715 0.952 0.971882250994 0.985384870242 0.99814634012 0.997158869048 0.997667194155 0.968694552759 -0.286610458691 -0.236646138865 -1.8605676748 0.977750447993 0.996757590981
0.5245 0.997039347045 9.84038392765 0.659171669351 0.951 0.971296464556 0.985080388372 0.997837914983 0.997039316012 0.997553162827 0.968550250161 -0.290599421023 -0.241566626826 -1.86552761179 0.977650495427 0.996638890523
0.525 0.996917333733 9.83917970453 0.659162059988 0.95 0.970710678119 0.984775906502 0.997529489845 0.996917302883 0.997436795518 0.968403953849 -0.294585318201 -0.246486518746 -1.870444103 0.977548481983 0.996517747028
0.5255 0.996792860627 9.83795120422 0.659152450624 0.949 0.970124891681 0.984471424632 0.997221064708 0.996792829964 0.997318092331 0.968255665352 -0.298568159842 -0.251405802485 -1.87531701366 0.977444407662 0.996394160765
0.526 0.996665928034 9.83669842974 0.65914284126 0.948 0.969539105243 0.984166942762 0.99691263957 0.99666589756 0.997197053374 0.968105386197 -0.302547955632 -0.256324465904 -1.88014620992 0.977338272463 0.996268132009
0.5265 0.996536536267 9.83542138418 0.659133231897 0.947 0.968953318806 0.983862460892 0.996604214433 0.996536505986 0.997073678749 0.967953117903 -0.306524715324 -0.261242496869 -1.88493155887 0.977230076386 0.996139661039
0.527 0.996404685645 9.8341200707 0.659123622533 0.946 0.968367532368 0.983557979022 0.996295789295 0.99640465556 0.996947968564 0.967798861986 -0.310498448742 -0.266159883244 -1.88967292856 0.977119819432 0.996008748142
0.5275 0.996270376493 9.83279449251 0.65911401317 0.945 0.967781745931 0.983253497152 0.995987364158 0.996270346608 0.996819922924 0.967642619957 -0.314469165774 -0.271076612896 -1.89437018797 0.9770075016 0.995875393607
0.528 0.996133609143 9.83144465287 0.659104403806 0.944 0.967195959493 0.982949015283 0.99567893902 0.996133579461 0.996689541935 0.967484393321 -0.318436876376 -0.275992673693 -1.89902320703 0.97689312289 0.995739597731
0.5285 0.995994383933 9.83007055512 0.659094794442 0.943 0.966610173055 0.982644533413 0.995370513882 0.995994354457 0.996556825704 0.96732418358 -0.322401590572 -0.280908053506 -1.9036318566 0.976776683303 0.995601360816
0.529 0.995852701205 9.82867220265 0.659085185079 0.942 0.966024386618 0.982340051543 0.995062088745 0.995852671939 0.996421774337 0.967161992228 -0.326363318449 -0.285822740206 -1.90819600849 0.976658182838 0.995460683169
0.5295 0.99570856131 9.82724959891 0.659075575715 0.941 0.96543860018 0.982035569673 0.994753663607 0.995708532256 0.996284387941 0.966997820757 -0.330322070162 -0.290736721666 -1.91271553543 0.976537621495 0.995317565103
0.53 0.995561964603 9.8258027474 0.659065966351 0.94 0.964852813742 0.981731087803 0.99444523847 0.995561935765 0.996144666624 0.966831670652 -0.33427785593 -0.295649985763 -1.91719031109 0.976414999275 0.995172006935
0.5305 0.995412911446 9.82433165171 0.659056356988 0.939 0.964267027305 0.981426605933 0.994136813332 0.995412882827 0.996002610492 0.966663543394 -0.338230686037 -0.300562520373 -1.92162021009 0.976290316177 0.99502400899
0.531 0.995261402206 9.82283631545 0.659046747624 0.938 0.963681240867 0.981122124063 0.993828388195 0.995261373809 0.995858219654 0.966493440457 -0.342180570831 -0.305474313375 -1.92600510795 0.976163572201 0.994873571595
0.5315 0.995107437258 9.82131674232 0.659037138261 0.937 0.96309545443 0.980817642193 0.993519963057 0.995107409086 0.995711494218 0.966321363312 -0.346127520725 -0.310385352649 -1.93034488116 0.976034767348 0.994720695085
0.532 0.994951016981 9.81977293607 0.659027528897 0.936 0.962509667992 0.980513160323 0.99321153792 0.994950989038 0.995562434292 0.966147313424 -0.350071546195 -0.315295626078 -1.93463940711 0.975903901617 0.9945653798
0.5325 0.994792141762 9.8182049005 0.659017919533 0.935 0.961923881554 0.980208678453 0.992903112782 0.99479211405 0.995411039985 0.965971292252 -0.354012657778 -0.320205121547 -1.93888856413 0.975770975008 0.994407626086
0.533 0.994630811991 9.81661263949 0.65900831017 0.934 0.961338095117 0.979904196583 0.992594687645 0.994630784514 0.995257311406 0.96579330125 -0.357950866075 -0.325113826941 -1.94309223146 0.975635987522 0.994247434292
0.5335 0.994467028068 9.81499615696 0.658998700806 0.933 0.960752308679 0.979599714713 0.992286262507 0.994467000828 0.995101248664 0.965613341868 -0.36188618175 -0.330021730149 -1.94725028929 0.975498939158 0.994084804775
0.534 0.994300790397 9.81335545691 0.658989091442 0.932 0.960166522241 0.979295232843 0.99197783737 0.994300763397 0.994942851869 0.965431415549 -0.365818615528 -0.334928819062 -1.95136261872 0.975359829917 0.993919737897
0.5345 0.994132099387 9.81169054338 0.658979482079 0.931 0.959580735804 0.978990750973 0.991669412232 0.994132072631 0.99478212113 0.965247523731 -0.369748178194 -0.339835081571 -1.95542910176 0.975218659797 0.993752234024
0.535 0.993960955455 9.81000142047 0.658969872715 0.93 0.958994949366 0.978686269103 0.991360987094 0.993960928945 0.99461905656 0.965061667847 -0.373674880595 -0.34474050557 -1.95944962137 0.975075428801 0.993582293528
0.5355 0.993787359023 9.80828809236 0.658960263352 0.929 0.958409162928 0.978381787233 0.991052561957 0.993787332762 0.994453658267 0.964873849325 -0.377598733639 -0.349645078957 -1.9634240614 0.974930136926 0.993409916788
0.536 0.99361131052 9.80655056328 0.658950653988 0.928 0.957823376491 0.978077305363 0.990744136819 0.993611284511 0.994285926363 0.964684069587 -0.381519748292 -0.354548789629 -1.96735230664 0.974782784174 0.993235104187
0.5365 0.99343281038 9.80478883751 0.658941044624 0.927 0.957237590053 0.977772823493 0.990435711682 0.993432784626 0.99411586096 0.964492330048 -0.385437935581 -0.359451625488 -1.97123424277 0.974633370544 0.993057856114
0.537 0.993251859042 9.80300291939 0.658931435261 0.926 0.956651803616 0.977468341623 0.990127286544 0.993251833546 0.993943462168 0.96429863212 -0.389353306592 -0.364353574435 -1.97506975642 0.974481896037 0.992878172962
0.5375 0.993068456955 9.80119281335 0.658921825897 0.925 0.956066017178 0.977163859753 0.989818861407 0.99306843172 0.993768730102 0.964102977209 -0.393265872468 -0.369254624376 -1.9788587351 0.974328360652 0.992696055131
0.538 0.99288260457 9.79935852383 0.658912216533 0.924 0.95548023074 0.976859377883 0.989510436269 0.992882579598 0.993591664872 0.963905366714 -0.397175644414 -0.374154763217 -1.98260106724 0.974172764389 0.992511503026
0.5385 0.992694302346 9.79750005537 0.65890260717 0.923 0.954894444303 0.976554896013 0.989202011132 0.99269427764 0.993412266592 0.963705802028 -0.401082633688 -0.37905397887 -1.98629664219 0.974015107249 0.992324517058
0.539 0.992503550747 9.79561741255 0.658892997806 0.922 0.954308657865 0.976250414144 0.988893585994 0.99250352631 0.993230535375 0.963504284542 -0.404986851609 -0.383952259244 -1.98994535022 0.97385538923 0.992135097642
0.5395 0.992310350244 9.79371060002 0.658883388443 0.921 0.953722871427 0.975945932274 0.988585160857 0.992310326079 0.993046471335 0.963300815637 -0.408888309551 -0.388849592254 -1.99354708246 0.973693610335 0.9919432452
0.54 0.992114701314 9.79177962248 0.658873779079 0.92 0.95313708499 0.975641450404 0.988276735719 0.992114677424 0.992860074586 0.96309539669 -0.412787018946 -0.393745965816 -1.997101731 0.973529770561 0.991748960158
0.5405 0.99191660444 9.7898244847 0.658864169715 0.919 0.952551298552 0.975336968534 0.987968310582 0.991916580827 0.992671345243 0.962888029074 -0.416682991281 -0.39864136785 -2.00060918881 0.97336386991 0.991552242949
0.541 0.991716060111 9.7878451915 0.658854560352 0.918 0.951965512115 0.975032486664 0.987659885444 0.991716036777 0.992480283421 0.962678714153 -0.420576238099 -0.403535786275 -2.00406934975 0.973195908382 0.99135309401
0.5415 0.99151306882 9.78584174776 0.658844950988 0.917 0.951379725677 0.974728004794 0.987351460307 0.991513045768 0.992286889234 0.962467453288 -0.424466770998 -0.408429209016 -2.00748210861 0.973025885975 0.991151513785
0.542 0.99130763107 9.78381415844 0.658835341624 0.916 0.950793939239 0.974423522924 0.987043035169 0.991307608303 0.9920911628 0.962254247833 -0.428354601632 -0.413321623999 -2.01084736105 0.972853802691 0.990947502721
0.5425 0.991099747366 9.78176242852 0.658825732261 0.915 0.950208152802 0.974119041054 0.986734610031 0.991099724886 0.991893104234 0.962039099135 -0.432239741707 -0.418213019151 -2.01416500365 0.97267965853 0.990741061273
0.543 0.990889418222 9.77968656308 0.658816122897 0.914 0.949622366364 0.973814559184 0.986426184894 0.990889396032 0.991692713654 0.961822008537 -0.436122202986 -0.423103382404 -2.01743493389 0.972503453491 0.9905321899
0.5435 0.990676644158 9.77758656723 0.658806513534 0.913 0.949036579926 0.973510077314 0.986117759756 0.99067662226 0.991489991176 0.961602977377 -0.440001997284 -0.427992701692 -2.02065705012 0.972325187574 0.990320889067
0.544 0.990461425697 9.77546244616 0.65879690417 0.912 0.948450793489 0.973205595444 0.985809334619 0.990461404094 0.991284936919 0.961382006983 -0.443879136468 -0.432880964951 -2.02383125161 0.972144860779 0.990107159244
0.5445 0.990243763371 9.77331420511 0.658787294806 0.911 0.947865007051 0.972901113574 0.985500909481 0.990243742065 0.991077551001 0.961159098681 -0.447753632461 -0.437768160119 -2.0269574385 0.971962473107 0.989891000907
0.545 0.990023657717 9.77114184938 0.658777685443 0.91 0.947279220614 0.972596631704 0.985192484344 0.99002363671 0.990867833541 0.960934253789 -0.451625497235 -0.442654275137 -2.03003551185 0.971778024557 0.989672414537
0.5455 0.989801109278 9.76894538433 0.658768076079 0.909 0.946693434176 0.972292149834 0.984884059206 0.989801088573 0.990655784658 0.96070747362 -0.455494742815 -0.44753929795 -2.03306537359 0.971591515129 0.98945140062
0.546 0.989576118603 9.76672481537 0.658758466715 0.908 0.946107647738 0.971987667964 0.984575634069 0.989576098202 0.990441404472 0.96047875948 -0.45936138128 -0.452423216504 -2.03604692653 0.971402944824 0.989227959648
0.5465 0.989348686247 9.764480148 0.658748857352 0.907 0.945521861301 0.971683186094 0.984267208931 0.989348666153 0.990224693103 0.960248112671 -0.463225424755 -0.457306018749 -2.03898007439 0.971212313641 0.98900209212
0.547 0.989118812772 9.76221138773 0.658739247988 0.906 0.944936074863 0.971378704224 0.983958783794 0.989118792987 0.990005650673 0.960015534486 -0.467086885421 -0.462187692636 -2.04186472175 0.971019621581 0.988773798536
0.5475 0.988886498745 9.75991854019 0.658729638625 0.905 0.944350288425 0.971074222354 0.983650358656 0.98888647927 0.989784277304 0.959781026214 -0.470945775506 -0.467068226122 -2.0447007741 0.970824868643 0.988543079407
0.548 0.988651744738 9.75760161101 0.658720029261 0.904 0.943764501988 0.970769740484 0.983341933519 0.988651725577 0.989560573116 0.959544589137 -0.474802107288 -0.471947607163 -2.04748813779 0.970628054827 0.988309935245
0.5485 0.988414551331 9.75526060592 0.658710419897 0.903 0.94317871555 0.970465258614 0.983033508381 0.988414532486 0.989334538234 0.959306224531 -0.478655893097 -0.47682582372 -2.05022672007 0.970429180134 0.988074366571
0.549 0.98817491911 9.7528955307 0.658700810534 0.902 0.942592929113 0.970160776744 0.982725083244 0.988174900582 0.989106172781 0.959065933666 -0.482507145308 -0.481702863757 -2.05291642905 0.970228244562 0.987836373907
0.5495 0.987932848666 9.75050639117 0.65869120117 0.901 0.942007142675 0.969856294874 0.982416658106 0.987932830457 0.988875476881 0.958823717806 -0.486355876348 -0.48657871524 -2.05555717373 0.970025248114 0.987595957785
0.55 0.987688340595 9.74809319324 0.658681591806 0.9 0.941421356237 0.969551813005 0.982108232968 0.987688322708 0.988642450657 0.958579578208 -0.490202098692 -0.491453366139 -2.05814886399 0.969820190787 0.98735311874
0.5505 0.987441395502 9.74565594286 0.658671982443 0.899 0.9408355698 0.969247331135 0.981799807831 0.987441377938 0.988407094237 0.958333516123 -0.494045824859 -0.496326804425 -2.06069141057 0.969613072583 0.987107857312
0.551 0.987192013995 9.74319464604 0.658662373079 0.898 0.940249783362 0.968942849265 0.981491382693 0.987191996757 0.988169407745 0.958085532797 -0.497887067421 -0.501199018074 -2.06318472511 0.969403893501 0.986860174049
0.5515 0.98694019669 9.74070930886 0.658652763716 0.897 0.939663996924 0.968638367395 0.981182957556 0.986940179779 0.987929391308 0.957835629468 -0.501725838994 -0.506069995064 -2.06562872008 0.969192653542 0.986610069501
0.552 0.986685944208 9.73819993745 0.658643154352 0.896 0.939078210487 0.968333885525 0.980874532418 0.986685927627 0.987687045055 0.957583807368 -0.505562152239 -0.510939723377 -2.06802330887 0.968979352705 0.986357544227
0.5525 0.986429257176 9.73566653799 0.658633544988 0.895 0.938492424049 0.968029403655 0.980566107281 0.986429240927 0.987442369111 0.957330067723 -0.509396019866 -0.515808190997 -2.07036840571 0.96876399099 0.986102598788
0.553 0.986170136229 9.73310911675 0.658623935625 0.894 0.937906637612 0.967724921785 0.980257682143 0.986170120312 0.987195363607 0.957074411753 -0.51322745463 -0.520675385911 -2.0726639257 0.968546568398 0.985845233753
0.5535 0.985908582005 9.73052768003 0.658614326261 0.893 0.937320851174 0.967420439915 0.979949257006 0.985908566423 0.986946028672 0.956816840672 -0.517056469331 -0.525541296111 -2.07490978481 0.968327084928 0.985585449695
0.554 0.985644595149 9.72792223419 0.658604716897 0.892 0.936735064736 0.967115958045 0.979640831868 0.985644579904 0.986694364437 0.956557355685 -0.520883076815 -0.53040590959 -2.07710589988 0.968105540581 0.985323247194
0.5545 0.985378176313 9.72529278568 0.658595107534 0.891 0.936149278299 0.966811476175 0.979332406731 0.985378161407 0.986440371031 0.956295957994 -0.52470728997 -0.535269214345 -2.07925218861 0.967881935355 0.985058626833
0.555 0.985109326155 9.72263934097 0.65858549817 0.89 0.935563491861 0.966506994305 0.979023981593 0.985109311588 0.986184048587 0.956032648792 -0.52852912173 -0.540131198376 -2.08134856955 0.967656269252 0.984791589203
0.5555 0.984838045337 9.71996190662 0.658575888807 0.889 0.934977705423 0.966202512435 0.978715556456 0.984838031112 0.985925397238 0.955767429267 -0.532348585074 -0.544991849687 -2.08339496214 0.967428542272 0.984522134898
0.556 0.984564334529 9.71726048923 0.658566279443 0.888 0.934391918986 0.965898030565 0.978407131318 0.984564320648 0.985664417116 0.9555003006 -0.536165693022 -0.549851156286 -2.08539128666 0.967198754414 0.98425026452
0.5565 0.984288194407 9.71453509546 0.658556670079 0.887 0.933806132548 0.965593548695 0.978098706181 0.984288180871 0.985401108356 0.955231263964 -0.539980458639 -0.554709106181 -2.08733746424 0.966966905678 0.983975978674
0.557 0.984009625651 9.71178573204 0.658547060716 0.886 0.933220346111 0.965289066825 0.977790281043 0.984009612462 0.985135471093 0.954960320529 -0.543792895029 -0.559565687386 -2.08923341689 0.966732996064 0.983699277973
0.5575 0.98372862895 9.70901240576 0.658537451352 0.885 0.932634559673 0.964984584955 0.977481855905 0.983728616108 0.984867505463 0.954687471455 -0.547603015344 -0.564420887919 -2.09107906746 0.966497025573 0.983420163033
0.558 0.983445204995 9.70621512345 0.658527841988 0.884 0.932048773235 0.964680103085 0.977173430768 0.983445192504 0.984597211603 0.954412717898 -0.551410832771 -0.569274695799 -2.09287433965 0.966258994204 0.983138634476
0.5585 0.983159354488 9.70339389203 0.658518232625 0.883 0.931462986798 0.964375621215 0.97686500563 0.983159342348 0.98432458965 0.954136061004 -0.555216360545 -0.574127099051 -2.09461915804 0.966018901958 0.982854692931
0.559 0.982871078132 9.70054871844 0.658508623261 0.882 0.93087720036 0.964071139345 0.976556580493 0.982871066345 0.984049639742 0.953857501917 -0.559019611937 -0.578978085701 -2.09631344802 0.965776748833 0.98256833903
0.5595 0.98258037664 9.69767960971 0.658499013898 0.881 0.930291413922 0.963766657475 0.976248155355 0.982580365206 0.983772362019 0.95357704177 -0.56282060026 -0.58382764378 -2.09795713586 0.965532534832 0.982279573413
0.56 0.982287250729 9.69478657293 0.658489404534 0.88 0.929705627485 0.963462175605 0.975939730218 0.98228723965 0.983492756622 0.953294681691 -0.566619338868 -0.588675761323 -2.09955014868 0.965286259952 0.981988396724
0.5605 0.981991701121 9.69186961522 0.65847979517 0.879 0.929119841047 0.963157693735 0.97563130508 0.981991690399 0.983210823691 0.953010422803 -0.570415841155 -0.593522426366 -2.10109241443 0.965037924195 0.981694809612
0.561 0.981693728546 9.68892874378 0.658470185807 0.878 0.92853405461 0.962853211866 0.975322879943 0.981693718182 0.982926563369 0.952724266221 -0.574210120553 -0.598367626952 -2.10258386191 0.96478752756 0.981398812732
0.5615 0.98139333374 9.68596396588 0.658460576443 0.877 0.927948268172 0.962548729996 0.975014454805 0.981393323735 0.982639975799 0.952436213051 -0.578002190534 -0.603211351125 -2.10402442078 0.964535070048 0.981100406746
0.562 0.981090517443 9.68297528883 0.658450967079 0.876 0.927362481734 0.962244248126 0.974706029668 0.981090507799 0.982351061126 0.952146264396 -0.581792064608 -0.608053586935 -2.10541402153 0.964280551658 0.980799592318
0.5625 0.980785280403 9.67996271999 0.658441357716 0.875 0.926776695297 0.961939766256 0.97439760453 0.98078527112 0.982059819494 0.95185442135 -0.585579756324 -0.612894322432 -2.10675259549 0.96402397239 0.98049637012
0.563 0.980477623373 9.67692626681 0.658431748352 0.874 0.926190908859 0.961635284386 0.974089179393 0.980477614452 0.981766251051 0.951560685001 -0.589365279268 -0.617733545674 -2.10804007483 0.963765332245 0.980190740829
0.5635 0.980167547112 9.67386593678 0.658422138989 0.873 0.925605122421 0.961330802516 0.973780754255 0.980167538554 0.981470355942 0.95126505643 -0.593148647063 -0.62257124472 -2.10927639258 0.963504631222 0.979882705128
0.564 0.979855052384 9.67078173744 0.658412529625 0.872 0.925019335984 0.961026320646 0.973472329118 0.979855044192 0.981172134318 0.950967536711 -0.596929873372 -0.627407407633 -2.11046148259 0.963241869321 0.979572263703
0.5645 0.979540139962 9.66767367641 0.658402920261 0.871 0.924433549546 0.960721838776 0.97316390398 0.979540132135 0.980871586326 0.950668126911 -0.60070897189 -0.63224202248 -2.11159527954 0.962977046543 0.979259417249
0.565 0.979222810622 9.66454176136 0.658393310898 0.87 0.923847763109 0.960417356906 0.972855478842 0.979222803161 0.980568712119 0.950366828092 -0.604485956352 -0.637075077333 -2.11267771896 0.962710162887 0.978944166463
0.5655 0.978903065147 9.66138600001 0.658383701534 0.869 0.923261976671 0.960112875036 0.972547053705 0.978903058054 0.980263511847 0.950063641305 -0.608260840528 -0.641906560267 -2.11370873722 0.962441218353 0.978626512049
0.566 0.978580904325 9.65820640015 0.65837409217 0.868 0.922676190233 0.959808393166 0.972238628567 0.978580897601 0.979955985664 0.949758567599 -0.612033638223 -0.64673645936 -2.1146882715 0.962170212942 0.978306454718
0.5665 0.978256328953 9.65500296963 0.658364482807 0.867 0.922090403796 0.959503911296 0.97193020343 0.978256322598 0.979646133723 0.949451608012 -0.615804363276 -0.651564762696 -2.11561625984 0.961897146653 0.977983995183
0.567 0.977929339831 9.65177571635 0.658354873443 0.866 0.921504617358 0.959199429426 0.971621778292 0.977929333845 0.97933395618 0.949142763579 -0.619573029563 -0.656391458359 -2.11649264108 0.961622019486 0.977659134165
0.5675 0.977599937765 9.64852464827 0.65834526408 0.865 0.92091883092 0.958894947556 0.971313353155 0.97759993215 0.979019453192 0.948832035324 -0.623339650993 -0.661216534443 -2.11731735491 0.961344831442 0.977331872391
0.568 0.977268123568 9.64524977341 0.658335654716 0.864 0.920333044483 0.958590465686 0.971004928017 0.977268118325 0.978702624915 0.948519424266 -0.62710424151 -0.66603997904 -2.11809034185 0.96106558252 0.97700221059
0.5685 0.97693389806 9.64195109986 0.658326045352 0.863 0.919747258045 0.958285983816 0.97069650288 0.976933893188 0.97838347151 0.948204931418 -0.630866815089 -0.67086178025 -2.11881154324 0.960784272721 0.9766701495
0.569 0.976597262064 9.63862863576 0.658316435989 0.862 0.919161471607 0.957981501946 0.970388077742 0.976597257565 0.978061993135 0.947888557785 -0.634627385742 -0.675681926175 -2.11948090124 0.960500902044 0.976335689862
0.5695 0.976258216411 9.63528238929 0.658306826625 0.861 0.91857568517 0.957677020076 0.970079652605 0.976258212286 0.977738189954 0.947570304364 -0.63838596751 -0.680500404922 -2.12009835884 0.960215470489 0.975998832425
0.57 0.975916761939 9.63191236873 0.658297217261 0.86 0.917989898732 0.957372538206 0.969771227467 0.975916758188 0.977412062128 0.947250172146 -0.64214257447 -0.685317204602 -2.12066385986 0.959927978056 0.975659577941
0.5705 0.975572899489 9.62851858238 0.658287607898 0.859 0.917404112295 0.957068056336 0.96946280233 0.975572896112 0.977083609821 0.946928162116 -0.645897220727 -0.690132313329 -2.12117734893 0.959638424746 0.975317927168
0.571 0.975226629909 9.62510103861 0.658277998534 0.858 0.916818325857 0.956763574466 0.969154377192 0.975226626908 0.976752833199 0.94660427525 -0.649649920421 -0.694945719224 -2.12163877152 0.959346810558 0.97497388087
0.5715 0.974877954055 9.62165974587 0.658268389171 0.857 0.916232539419 0.956459092596 0.968845952055 0.974877951429 0.97641973243 0.946278512518 -0.653400687723 -0.69975741041 -2.12204807389 0.959053135493 0.974627439816
0.572 0.974526872787 9.61819471263 0.658258779807 0.856 0.915646752982 0.956154610727 0.968537526917 0.974526870536 0.97608430768 0.945950874882 -0.657149536832 -0.704567375014 -2.12240520314 0.95875739955 0.974278604782
0.5725 0.97417338697 9.61470594746 0.658249170443 0.855 0.915060966544 0.955850128857 0.968229101779 0.974173385095 0.97574655912 0.945621363298 -0.660896481981 -0.709375601167 -2.12271010719 0.958459602729 0.973927376547
0.573 0.973817497477 9.61119345896 0.65823956108 0.854 0.914475180106 0.955545646987 0.967920676642 0.973817495979 0.975406486922 0.945289978715 -0.664641537431 -0.714182077007 -2.12296273476 0.958159745031 0.973573755896
0.5735 0.973459205187 9.60765725579 0.658229951716 0.853 0.913889393669 0.955241165117 0.967612251504 0.973459204065 0.975064091256 0.944956722074 -0.668384717474 -0.718986790674 -2.12316303539 0.957857826454 0.973217743621
0.574 0.973098510982 9.60409734668 0.658220342352 0.852 0.913303607231 0.954936683247 0.967303826367 0.973098510238 0.974719372298 0.944621594308 -0.67212603643 -0.723789730312 -2.12331095945 0.957553847001 0.972859340518
0.5745 0.972735415754 9.60051374042 0.658210732989 0.851 0.912717820794 0.954632201377 0.966995401229 0.972735415387 0.974372330223 0.944284596345 -0.675865508649 -0.728590884071 -2.12340645811 0.957247806669 0.972498547389
0.575 0.972369920398 9.59690644584 0.658201123625 0.85 0.912132034356 0.954327719507 0.966686976092 0.972369920408 0.974022965209 0.943945729105 -0.67960314851 -0.733390240104 -2.12344948335 0.95693970546 0.972135365041
0.5755 0.972002025815 9.59327547186 0.658191514262 0.849 0.911546247918 0.954023237637 0.966378550954 0.972002026203 0.973671277433 0.943604993499 -0.683338970418 -0.73818778657 -2.12343998796 0.956629543374 0.971769794287
0.576 0.971631732915 9.58962082741 0.658181904898 0.848 0.910960461481 0.953718755767 0.966070125817 0.97163173368 0.973317267075 0.943262390435 -0.68707298881 -0.742983511631 -2.12337792554 0.956317320409 0.971401835944
0.5765 0.971259042609 9.58594252153 0.658172295534 0.847 0.910374675043 0.953414273897 0.965761700679 0.971259043752 0.972960934319 0.942917920809 -0.690805218146 -0.747777403454 -2.12326325051 0.956003036567 0.971031490838
0.577 0.970883955819 9.5822405633 0.658162686171 0.846 0.909788888605 0.953109792027 0.965453275542 0.970883957339 0.972602279346 0.942571585512 -0.694535672915 -0.752569450211 -2.12309591808 0.955686691848 0.970658759795
0.5775 0.970506473469 9.57851496183 0.658153076807 0.845 0.909203102168 0.952805310157 0.965144850404 0.970506475366 0.972241302343 0.942223385429 -0.698264367634 -0.757359640077 -2.12287588428 0.95536828625 0.970283643652
0.578 0.97012659649 9.57476572633 0.658143467443 0.844 0.90861731573 0.952500828287 0.964836425267 0.970126598765 0.971878003495 0.941873321436 -0.701991316844 -0.762147961233 -2.12260310594 0.955047819776 0.969906143248
0.5785 0.969744325821 9.57099286605 0.65813385808 0.843 0.908031529293 0.952196346417 0.964528000129 0.969744328473 0.971512382991 0.941521394401 -0.705716535115 -0.766934401866 -2.1222775407 0.954725292423 0.969526259428
0.579 0.969359662404 9.5671963903 0.658124248716 0.842 0.907445742855 0.951891864547 0.964219574992 0.969359665433 0.971144441022 0.941167605187 -0.709440037038 -0.771718950164 -2.12189914698 0.954400704193 0.969143993043
0.5795 0.968972607188 9.56337630844 0.658114639353 0.841 0.906859956417 0.951587382677 0.963911149854 0.968972610594 0.970774177779 0.940811954647 -0.713161837235 -0.776501594322 -2.12146788403 0.954074055085 0.968759344949
0.58 0.968583161129 9.5595326299 0.658105029989 0.84 0.90627416998 0.951282900807 0.963602724716 0.968583164911 0.970401593455 0.94045444363 -0.716881950348 -0.781282322539 -2.1209837119 0.953745345099 0.968372316008
0.5805 0.968191325187 9.55566536416 0.658095420625 0.839 0.905688383542 0.950978418937 0.963294299579 0.968191329345 0.970026688246 0.940095072976 -0.720600391047 -0.78606112302 -2.12044659141 0.953414574236 0.967982907087
0.581 0.967797100329 9.55177452077 0.658085811262 0.838 0.905102597104 0.950673937067 0.962985874441 0.967797104863 0.96964946235 0.939733843516 -0.724317174023 -0.790837983974 -2.11985648422 0.953081742495 0.967591119058
0.5815 0.967400487528 9.54786010932 0.658076201898 0.837 0.904516810667 0.950369455197 0.962677449304 0.967400492438 0.969269915965 0.939370756076 -0.728032313992 -0.795612893613 -2.11921335275 0.952746849877 0.9671969528
0.582 0.967001487762 9.54392213948 0.658066592534 0.836 0.903931024229 0.950064973327 0.962369024166 0.967001493048 0.968888049292 0.939005811473 -0.731745825696 -0.800385840157 -2.11851716025 0.952409896381 0.966800409195
0.5825 0.966600102017 9.53996062096 0.658056983171 0.835 0.903345237792 0.949760491457 0.962060599029 0.966600107677 0.968503862534 0.938639010519 -0.735457723896 -0.805156811828 -2.11776787074 0.952070882007 0.966401489133
0.583 0.966196331282 9.53597556353 0.658047373807 0.834 0.902759451354 0.949456009587 0.961752173891 0.966196337316 0.968117355895 0.938270354016 -0.739168023379 -0.809925796854 -2.11696544906 0.951729806755 0.966000193507
0.5835 0.965790176553 9.53196697704 0.658037764444 0.833 0.902173664916 0.949151527718 0.961443748754 0.965790182961 0.967728529583 0.937899842759 -0.74287673895 -0.81469278347 -2.11610986081 0.951386670626 0.965596523219
0.584 0.965381638833 9.52793487136 0.65802815508 0.832 0.901587878479 0.948847045848 0.961135323616 0.965381645614 0.967337383806 0.937527477538 -0.746583885442 -0.819457759912 -2.11520107242 0.951041473619 0.965190479171
0.5845 0.96497071913 9.52387925645 0.658018545716 0.831 0.901002092041 0.948542563978 0.960826898479 0.964970726283 0.966943918774 0.937153259133 -0.750289477703 -0.824220714423 -2.11423905109 0.950694215735 0.964782062276
0.585 0.964557418458 9.51980014231 0.658008936353 0.83 0.900416305603 0.948238082108 0.960518473341 0.964557425982 0.9665481347 0.936777188317 -0.753993530608 -0.828981635252 -2.11322376482 0.950344896973 0.964371273449
0.5855 0.964141737836 9.51569753902 0.657999326989 0.829 0.899830519166 0.947933600238 0.960210048204 0.964141745731 0.966150031799 0.936399265856 -0.757696059049 -0.83374051065 -2.1121551824 0.949993517333 0.963958113611
0.586 0.96372367829 9.51157145669 0.657989717625 0.828 0.899244732728 0.947629118368 0.959901623066 0.963723686556 0.965749610287 0.93601949251 -0.761397077939 -0.838497328877 -2.1110332734 0.949640076816 0.96354258369
0.5865 0.963303240852 9.50742190549 0.657980108262 0.827 0.898658946291 0.947324636498 0.959593197928 0.963303249487 0.965346870384 0.935637869028 -0.765096602213 -0.843252078196 -2.10985800819 0.949284575421 0.963124684618
0.587 0.962880426559 9.50324889569 0.657970498898 0.826 0.898073159853 0.947020154628 0.959284772791 0.962880435562 0.964941812309 0.935254396154 -0.768794646824 -0.848004746873 -2.10862935793 0.948927013148 0.962704417332
0.5875 0.962455236454 9.49905243755 0.657960889535 0.825 0.897487373415 0.946715672758 0.958976347653 0.962455245825 0.964534436287 0.934869074625 -0.772491226745 -0.852755323183 -2.10734729455 0.948567389998 0.962281782776
0.588 0.962027671586 9.49483254146 0.657951280171 0.824 0.896901586978 0.946411190888 0.958667922516 0.962027681324 0.964124742542 0.934481905169 -0.776186356968 -0.857503795404 -2.10601179078 0.94820570597 0.961856781898
0.5885 0.961597733011 9.4905892178 0.657941670807 0.823 0.89631580054 0.946106709018 0.958359497378 0.961597743115 0.963712731302 0.934092888507 -0.779880052502 -0.86225015182 -2.10462282015 0.947841961064 0.961429415652
0.589 0.961165421789 9.48632247706 0.657932061444 0.822 0.895730014102 0.945802227148 0.958051072241 0.961165432258 0.963298402797 0.933702025353 -0.783572328378 -0.866994380719 -2.10318035693 0.947476155281 0.960999684998
0.5895 0.960730738987 9.48203232976 0.65792245208 0.821 0.895144227665 0.945497745278 0.957742647103 0.960730749819 0.962881757258 0.933309316413 -0.787263199641 -0.871736470396 -2.10168437623 0.94710828862 0.960567590901
0.59 0.960293685677 9.4777187865 0.657912842716 0.82 0.894558441227 0.945193263408 0.957434221966 0.960293696872 0.96246279492 0.932914762385 -0.790952681356 -0.87647640915 -2.10013485389 0.946738361081 0.960133134331
0.5905 0.959854262938 9.4733818579 0.657903233353 0.819 0.89397265479 0.944888781538 0.957125796828 0.959854274495 0.96204151602 0.932518363961 -0.794640788604 -0.881214185285 -2.09853176656 0.946366372665 0.959696316264
0.591 0.959412471854 9.46902155467 0.657893623989 0.818 0.893386868352 0.944584299668 0.956817371691 0.959412483771 0.961617920795 0.932120121823 -0.798327536483 -0.885949787112 -2.09687509167 0.945992323371 0.959257137681
0.5915 0.958968313515 9.46463788757 0.657884014626 0.817 0.892801081914 0.944279817798 0.956508946553 0.958968325792 0.961192009489 0.931720036648 -0.802012940107 -0.890683202946 -2.09516480744 0.9456162132 0.958815599569
0.592 0.958521789017 9.46023086743 0.657874405262 0.816 0.892215295477 0.943975335928 0.956200521416 0.958521801652 0.960763782344 0.931318109104 -0.805697014609 -0.895414421107 -2.09340089284 0.945238042151 0.958371702919
0.5925 0.958072899462 9.4558005051 0.657864795898 0.815 0.891629509039 0.943670854058 0.955892096278 0.958072912453 0.960333239606 0.930914339852 -0.809379775133 -0.900143429923 -2.09158332764 0.944857810224 0.95792544873
0.593 0.957621645958 9.45134681152 0.657855186535 0.814 0.891043722601 0.943366372188 0.955583671141 0.957621659304 0.959900381524 0.930508729546 -0.813061236843 -0.904870217724 -2.08971209239 0.944475517419 0.957476838005
0.5935 0.957168029617 9.44686979769 0.657845577171 0.813 0.890457936164 0.943061890318 0.955275246003 0.957168043317 0.959465208349 0.93010127883 -0.816741414914 -0.909594772848 -2.08778716841 0.944091163737 0.957025871751
0.594 0.956712051559 9.44236947464 0.657835967807 0.812 0.889872149726 0.942757408448 0.954966820865 0.956712065612 0.959027720335 0.929691988342 -0.820420324538 -0.914317083637 -2.08580853779 0.943704749177 0.956572550983
0.5945 0.956253712909 9.43784585349 0.657826358444 0.811 0.889286363289 0.942452926579 0.954658395728 0.956253727313 0.958587917738 0.929280858714 -0.824097980922 -0.919037138439 -2.08377618341 0.94331627374 0.956116876719
0.595 0.955793014798 9.43329894538 0.65781674908 0.81 0.888700576851 0.942148444709 0.95434997059 0.955793029552 0.958145800816 0.928867890568 -0.827774399284 -0.923754925609 -2.08169008893 0.942925737425 0.955658849986
0.5955 0.955329958363 9.42872876156 0.657807139717 0.809 0.888114790413 0.941843962839 0.954041545453 0.955329973465 0.957701369832 0.928453084518 -0.831449594858 -0.928470433505 -2.07955023876 0.942533140232 0.955198471812
0.596 0.954864544747 9.42413531328 0.657797530353 0.808 0.887529003976 0.941539480969 0.953733120315 0.954864560195 0.957254625048 0.928036441174 -0.835123582891 -0.933183650493 -2.07735661811 0.942138482162 0.954735743233
0.5965 0.954396775097 9.41951861188 0.657787920989 0.807 0.886943217538 0.941234999099 0.953424695178 0.95439679089 0.956805566731 0.927617961134 -0.838796378642 -0.937894564943 -2.07510921295 0.941741763213 0.954270665291
0.597 0.953926650567 9.41487866876 0.657778311626 0.806 0.8863574311 0.940930517229 0.95311627004 0.953926666704 0.956354195152 0.927197644991 -0.842467997383 -0.942603165231 -2.07280801001 0.941342983388 0.953803239032
0.5975 0.953454172319 9.41021549536 0.657768702262 0.805 0.885771644663 0.940626035359 0.952807844903 0.953454188797 0.955900510581 0.92677549333 -0.846138454397 -0.94730943974 -2.07045299683 0.940942142684 0.953333465507
0.598 0.952979341517 9.40552910319 0.657759092898 0.804 0.885185858225 0.940321553489 0.952499419765 0.952979358335 0.955444513295 0.926351506728 -0.849807764982 -0.952013376857 -2.06804416168 0.940539241103 0.952861345775
0.5985 0.952502159334 9.40081950381 0.657749483535 0.803 0.884600071787 0.940017071619 0.952190994628 0.95250217649 0.954986203569 0.925925685754 -0.853475944443 -0.956714964975 -2.06558149363 0.940134278645 0.952386880897
0.599 0.952022626946 9.39608670884 0.657739874171 0.802 0.88401428535 0.939712589749 0.95188256949 0.952022644438 0.954525581686 0.92549803097 -0.8571430081 -0.961414192495 -2.0630649825 0.939727255308 0.951910071943
0.5995 0.951540745537 9.39133072996 0.657730264808 0.801 0.883428498912 0.939408107879 0.951574144353 0.951540763364 0.954062647928 0.925068542929 -0.860808971281 -0.96611104782 -2.0604946189 0.939318171094 0.951430919985
0.6 0.951056516295 9.38655157891 0.657720655444 0.8 0.882842712475 0.939103626009 0.951265719215 0.951056534455 0.953597402581 0.924637222179 -0.864473849326 -0.970805519363 -2.05787039419 0.938907026003 0.950949426103
0.6005 0.950569940416 9.38174926748 0.65771104608 0.799 0.882256926037 0.938799144139 0.950957294078 0.950569958907 0.953129845935 0.924204069258 -0.868137657584 -0.975497595539 -2.05519230051 0.938493820033 0.950465591381
0.601 0.950081019101 9.37692380751 0.657701436717 0.798 0.881671139599 0.938494662269 0.95064886894 0.95008103792 0.952659978282 0.923769084697 -0.871800411414 -0.980187264772 -2.05246033076 0.938078553186 0.94997941691
0.6015 0.949589753555 9.37207521091 0.657691827353 0.797 0.881085353162 0.938190180399 0.950340443802 0.949589772701 0.952187799916 0.92333226902 -0.875462126185 -0.984874515491 -2.04967447861 0.937661225462 0.949490903784
0.602 0.94909614499 9.36720348965 0.657682217989 0.796 0.880499566724 0.937885698529 0.950032018665 0.949096164461 0.951713311137 0.922893622742 -0.879122817274 -0.989559336129 -2.04683473851 0.93724183686 0.949000053105
0.6025 0.948600194626 9.36230865575 0.657672608626 0.795 0.879913780286 0.937581216659 0.949723593527 0.948600214419 0.951236512244 0.922453146371 -0.882782500066 -0.994241715128 -2.04394110565 0.93682038738 0.948506865979
0.603 0.948101903684 9.35739072128 0.657662999262 0.794 0.879327993849 0.937276734789 0.94941516839 0.948101923798 0.950757403542 0.922010840407 -0.886441189956 -0.998921640935 -2.04099357601 0.936396877022 0.948011343517
0.6035 0.947601273395 9.35244969838 0.657653389899 0.793 0.878742207411 0.936972252919 0.949106743252 0.947601293828 0.950275985339 0.921566705344 -0.890098902347 -1.003599102 -2.03799214633 0.935971305787 0.947513486836
0.604 0.947098304995 9.34748559924 0.657643780535 0.792 0.878156420974 0.936667771049 0.948798318115 0.947098325743 0.949792257944 0.921120741665 -0.893755652646 -1.00827408679 -2.0349368141 0.935543673674 0.94701329706
0.6045 0.946592999723 9.34249843611 0.657634171171 0.791 0.877570634536 0.936363289179 0.948489892977 0.946593020786 0.949306221673 0.920672949849 -0.897411456272 -1.01294658376 -2.03182757759 0.935113980684 0.946510775316
0.605 0.946085358828 9.33748822129 0.657624561808 0.79 0.876984848098 0.936058807309 0.94818146784 0.946085380202 0.94881787684 0.920223330364 -0.901066328647 -1.01761658138 -2.02866443583 0.934682226815 0.946005922737
0.6055 0.94557538356 9.33245496715 0.657614952444 0.789 0.876399061661 0.93575432544 0.947873042702 0.945575405244 0.948327223767 0.919771883673 -0.904720285202 -1.02228406814 -2.02544738861 0.93424841207 0.945498740463
0.606 0.94506307518 9.3273986861 0.65760534308 0.788 0.875813275223 0.93544984357 0.947564617565 0.945063097171 0.947834262778 0.919318610229 -0.908373341372 -1.02694903251 -2.02217643648 0.933812536446 0.944989229638
0.6065 0.94454843495 9.32231939063 0.657595733717 0.787 0.875227488785 0.9351453617 0.947256192427 0.944548457246 0.947338994197 0.918863510479 -0.912025512599 -1.03161146299 -2.01885158078 0.933374599945 0.944477391411
0.607 0.944031464141 9.31721709325 0.657586124353 0.786 0.874641702348 0.93484087983 0.94694776729 0.944031486739 0.946841418357 0.918406584861 -0.915676814332 -1.03627134807 -2.01547282356 0.932934602566 0.943963226938
0.6075 0.943512164028 9.31209180657 0.65757651499 0.785 0.87405591591 0.93453639796 0.946639342152 0.943512186926 0.946341535589 0.917947833807 -0.919327262021 -1.04092867625 -2.01204016769 0.93249254431 0.943446737379
0.608 0.942990535893 9.30694354323 0.657566905626 0.784 0.873470129473 0.93423191609 0.946330917015 0.942990559089 0.945839346232 0.917487257739 -0.922976871123 -1.04558343604 -2.00855361676 0.932048425176 0.942927923901
0.6085 0.942466581022 9.30177231594 0.657557296262 0.783 0.872884343035 0.93392743422 0.946022491877 0.942466604513 0.945334850624 0.917024857073 -0.926625657102 -1.05023561597 -2.00501317513 0.931602245164 0.942406787674
0.609 0.941940300709 9.29657813744 0.657547686899 0.782 0.872298556597 0.93362295235 0.945714066739 0.941940324492 0.944828049111 0.916560632217 -0.93027363542 -1.05488520454 -2.00141884793 0.931154004275 0.941883329877
0.6095 0.941411696251 9.29136102056 0.657538077535 0.781 0.87171277016 0.93331847048 0.945405641602 0.941411720324 0.944318942038 0.91609458357 -0.933920821548 -1.05953219028 -1.99777064105 0.930703702508 0.94135755169
0.61 0.940880768954 9.28612097817 0.657528468171 0.78 0.871126983722 0.93301398861 0.945097216464 0.940880793315 0.943807529758 0.915626711525 -0.937567230957 -1.06417656173 -1.99406856113 0.930251339863 0.940829454303
0.6105 0.940347520127 9.2808580232 0.657518858808 0.779 0.870541197284 0.93270950674 0.944788791327 0.940347544772 0.943293812625 0.915157016466 -0.941212879124 -1.06881830744 -1.99031261558 0.929796916341 0.940299038908
0.611 0.939811951086 9.27557216864 0.657509249444 0.778 0.869955410847 0.93240502487 0.944480366189 0.939811976013 0.942777790996 0.91468549877 -0.944857781525 -1.07345741594 -1.98650281257 0.929340431941 0.939766306703
0.6115 0.939274063153 9.27026342752 0.657499640081 0.777 0.869369624409 0.932100543 0.944171941052 0.939274088359 0.942259465233 0.914212158806 -0.94850195364 -1.07809387579 -1.982639161 0.928881886663 0.939231258894
0.612 0.938733857654 9.26493181295 0.657490030717 0.776 0.868783837972 0.93179606113 0.943863515914 0.938733883136 0.941738835702 0.913736996935 -0.952145410952 -1.08272767556 -1.97872167058 0.928421280508 0.93869389669
0.6125 0.938191335922 9.25957733808 0.657480421353 0.775 0.868198051534 0.93149157926 0.943555090777 0.938191361679 0.941215902771 0.913260013511 -0.955788168944 -1.0873588038 -1.97475035174 0.927958613475 0.938154221304
0.613 0.937646499297 9.25420001613 0.65747081199 0.774 0.867612265096 0.93118709739 0.943246665639 0.937646525324 0.940690666814 0.91278120888 -0.9594302431 -1.09198724909 -1.97072521567 0.927493885564 0.937612233959
0.6135 0.937099349122 9.24879986036 0.657461202626 0.773 0.867026478659 0.93088261552 0.942938240502 0.937099375418 0.940163128208 0.91230058338 -0.963071648906 -1.09661300001 -1.96664627435 0.927027096776 0.93706793588
0.614 0.936549886748 9.24337688409 0.657451593262 0.772 0.866440692221 0.93057813365 0.942629815364 0.936549913309 0.939633287332 0.91181813734 -0.966712401848 -1.10123604514 -1.96251354047 0.92655824711 0.936521328298
0.6145 0.93599811353 9.23793110071 0.657441983899 0.771 0.865854905783 0.93027365178 0.942321390227 0.935998140353 0.939101144572 0.911333871084 -0.970352517412 -1.10585637309 -1.95832702751 0.926087336567 0.935972412449
0.615 0.93544403083 9.23246252365 0.657432374535 0.77 0.865269119346 0.92996916991 0.942012965089 0.935444057912 0.938566700315 0.910847784926 -0.973992011083 -1.11047397245 -1.95408674971 0.925614365145 0.935421189577
0.6155 0.934887640014 9.22697116641 0.657422765172 0.769 0.864683332908 0.92966468804 0.941704539952 0.934887667353 0.938029954954 0.910359879174 -0.977630898347 -1.11508883182 -1.94979272206 0.925139332846 0.934867660928
0.616 0.934328942457 9.22145704253 0.657413155808 0.768 0.864097546471 0.92936020617 0.941396114814 0.934328970048 0.937490908885 0.909870154127 -0.981269194689 -1.11970093982 -1.94544496028 0.92466223967 0.934311827756
0.6165 0.933767939535 9.21592016563 0.657403546444 0.767 0.863511760033 0.929055724301 0.941087689676 0.933767967377 0.936949562508 0.909378610075 -0.984906915591 -1.12431028507 -1.94104348089 0.924183085616 0.93375369132
0.617 0.933204632634 9.21036054936 0.657393937081 0.766 0.862925973595 0.928751242431 0.940779264539 0.933204660723 0.936405916228 0.908885247304 -0.988544076534 -1.12891685619 -1.93658830114 0.923701870684 0.933193252882
0.6175 0.932639023143 9.20477820744 0.657384327717 0.765 0.862340187158 0.928446760561 0.940470839401 0.932639051476 0.935859970452 0.90839006609 -0.992180692998 -1.13352064183 -1.93207943905 0.923218594875 0.932630513712
0.618 0.932071112458 9.19917315365 0.657374718353 0.764 0.86175440072 0.928142278691 0.940162414264 0.932071141032 0.935311725594 0.907893066699 -0.995816780461 -1.13812163062 -1.92751691339 0.922733258187 0.932065475086
0.6185 0.931500901981 9.19354540181 0.65736510899 0.763 0.861168614282 0.927837796821 0.939853989126 0.931500930792 0.93476118207 0.907394249395 -0.999452354396 -1.1427198112 -1.92290074368 0.922245860623 0.931498138283
0.619 0.930928393117 9.18789496581 0.657355499626 0.762 0.860582827845 0.927533314951 0.939545563989 0.930928422164 0.934208340301 0.906893614428 -1.00308743028 -1.14731517224 -1.9182309502 0.92175640218 0.930928504589
0.6195 0.93035358728 9.18222185959 0.657345890263 0.761 0.859997041407 0.927228833081 0.939237138851 0.930353616558 0.933653200712 0.906391162045 -1.00672202357 -1.15190770239 -1.91350755399 0.92126488286 0.930356575295
0.62 0.929776485888 9.17652609715 0.657336280899 0.76 0.85941125497 0.926924351211 0.938928713714 0.929776515394 0.933095763732 0.905886892482 -1.01035614974 -1.15649739032 -1.90873057686 0.920771302662 0.929782351698
0.6205 0.929197090365 9.17080769255 0.657326671535 0.759 0.858825468532 0.926619869341 0.938620288576 0.929197120096 0.932536029795 0.90538080597 -1.01398982424 -1.16108422471 -1.90390004134 0.920275661587 0.9292058351
0.621 0.928615402141 9.16506665989 0.657317062172 0.758 0.858239682094 0.926315387471 0.938311863439 0.928615432094 0.93197399934 0.904872902731 -1.01762306254 -1.16566819424 -1.89901597074 0.919777959634 0.928627026807
0.6215 0.92803142265 9.15930301334 0.657307452808 0.757 0.857653895657 0.926010905601 0.938003438301 0.928031452821 0.931409672808 0.904363182978 -1.02125588008 -1.1702492876 -1.89407838912 0.919278196803 0.928045928134
0.622 0.927445153335 9.15351676712 0.657297843444 0.756 0.857068109219 0.925706423731 0.937695013164 0.92744518372 0.930843050646 0.903851646918 -1.02488829231 -1.17482749349 -1.88908732131 0.918776373095 0.927462540397
0.6225 0.92685659564 9.14770793551 0.657288234081 0.755 0.856482322781 0.925401941861 0.937386588026 0.926856626237 0.930274133306 0.903338294751 -1.02852031467 -1.1794028006 -1.88404279287 0.918272488509 0.926876864922
0.623 0.926265751019 9.14187653284 0.657278624717 0.754 0.855896536344 0.925097459991 0.937078162889 0.926265781824 0.929702921244 0.902823126666 -1.0321519626 -1.18397519766 -1.87894483013 0.917766543045 0.926288903036
0.6235 0.925672620929 9.13602257349 0.657269015354 0.753 0.855310749906 0.924792978121 0.936769737751 0.925672651939 0.92912941492 0.902306142848 -1.03578325151 -1.18854467338 -1.87379346018 0.917258536704 0.925698656075
0.624 0.925077206834 9.13014607192 0.65725940599 0.752 0.854724963469 0.924488496251 0.936461312613 0.925077238046 0.928553614799 0.901787343472 -1.03941419685 -1.19311121648 -1.86858871085 0.916748469485 0.925106125379
0.6245 0.924479510204 9.12424704262 0.657249796626 0.751 0.854139177031 0.924184014381 0.936152887476 0.924479541612 0.92797552135 0.901266728706 -1.04304481401 -1.1976748157 -1.86333061075 0.916236341389 0.924511312292
0.625 0.923879532511 9.11832550015 0.657240187263 0.75 0.853553390593 0.923879532511 0.935844462338 0.923879564114 0.927395135048 0.90074429871 -1.04667511842 -1.20223545977 -1.85801918921 0.915722152414 0.923914218167
0.6255 0.923277275238 9.11238145912 0.657230577899 0.749 0.852967604156 0.923012441506 0.934966141857 0.923277307032 0.926812456371 0.900220053637 -1.05030512546 -1.20679313745 -1.85265447635 0.915205902562 0.923314844358
0.626 0.92267273987 9.10641493419 0.657220968535 0.748 0.852381817718 0.922145350501 0.934087821376 0.922672771851 0.926227485804 0.899693993631 -1.05393485053 -1.21134783748 -1.84723650302 0.914687591833 0.922713192229
0.6265 0.922065927899 9.10042594008 0.657211359172 0.747 0.85179603128 0.921278259495 0.933209500894 0.922065960063 0.925640223835 0.899166118831 -1.05756430901 -1.21589954863 -1.84176530086 0.914167220226 0.922109263146
0.627 0.921456840821 9.09441449159 0.657201749808 0.746 0.851210244843 0.92041116849 0.932331180413 0.921456873165 0.925050670956 0.898636429364 -1.06119351629 -1.22044825968 -1.83624090223 0.913644787741 0.921503058482
0.6275 0.920845480141 9.08838060352 0.657192140445 0.745 0.850624458405 0.919544077485 0.931452859932 0.920845512661 0.924458827667 0.898104925354 -1.06482248772 -1.22499395939 -1.83066334025 0.913120294378 0.920894579614
0.628 0.920231847366 9.08232429078 0.657182531081 0.744 0.850038671968 0.918676986479 0.930574539451 0.920231880058 0.92386469447 0.897571606913 -1.06845123867 -1.22953663654 -1.82503264882 0.912593740138 0.920283827927
0.6285 0.91961594401 9.07624556831 0.657172921717 0.743 0.84945288553 0.917809895474 0.929696218969 0.919615976871 0.923268271872 0.897036474149 -1.07207978448 -1.23407627994 -1.81934886258 0.91206512502 0.91967080481
0.629 0.918997771593 9.07014445111 0.657163312354 0.742 0.848867099092 0.916942804469 0.928817898488 0.918997804619 0.922669560388 0.89649952716 -1.07570814049 -1.23861287838 -1.81361201693 0.911534449025 0.919055511656
0.6295 0.918377331641 9.06402095423 0.65715370299 0.741 0.848281312655 0.916075713464 0.927939578007 0.918377364828 0.922068560535 0.895960766038 -1.07933632202 -1.24314642066 -1.80782214802 0.911001712152 0.918437949866
0.63 0.917754625684 9.05787509277 0.657144093626 0.74 0.847695526217 0.915208622458 0.927061257525 0.917754659029 0.921465272835 0.895420190865 -1.0829643444 -1.24767689561 -1.80197929277 0.910466914401 0.917818120844
0.6305 0.917129655259 9.05170688191 0.657134484263 0.739 0.847109739779 0.914341531453 0.926182937044 0.917129688757 0.920859697817 0.894877801717 -1.08659222292 -1.25220429203 -1.79608348883 0.909930055772 0.917196026002
0.631 0.916502421907 9.04551633686 0.657124874899 0.738 0.846523953342 0.913474440448 0.925304616563 0.916502455555 0.920251836014 0.894333598663 -1.09021997289 -1.25672859877 -1.79013477464 0.909391136266 0.916571666755
0.6315 0.915872927177 9.0393034729 0.657115265536 0.737 0.845938166904 0.912607349442 0.924426296082 0.915872960971 0.919641687965 0.893787581763 -1.09384760958 -1.26124980465 -1.78413318939 0.908850155883 0.915945044526
0.632 0.915241172621 9.03306830536 0.657105656172 0.736 0.845352380466 0.911740258437 0.9235479756 0.915241206558 0.919029254213 0.89323975107 -1.09747514826 -1.26576789852 -1.778078773 0.908307114621 0.915316160741
0.6325 0.914607159799 9.02681084962 0.657096046808 0.735 0.844766594029 0.910873167432 0.922669655119 0.914607193874 0.918414535306 0.892690106629 -1.10110260419 -1.27028286924 -1.77197156618 0.907762012482 0.914685016832
0.633 0.913970890274 9.02053112112 0.657086437445 0.734 0.844180807591 0.910006076427 0.921791334638 0.913970924484 0.9177975318 0.892138648477 -1.10472999262 -1.27479470566 -1.76581161038 0.907214849466 0.914051614238
0.6335 0.913332365617 9.01422913535 0.657076828081 0.733 0.843595021154 0.909138985421 0.920913014156 0.913332399957 0.917178244253 0.891585376645 -1.10835732878 -1.27930339665 -1.75959894782 0.906665625571 0.913415954402
0.634 0.912691587404 9.00790490787 0.657067218717 0.732 0.843009234716 0.908271894416 0.920034693675 0.91269162187 0.91655667323 0.891030291155 -1.11198462788 -1.28380893109 -1.75333362147 0.906114340799 0.912778038772
0.6345 0.912048557214 9.00155845429 0.657057609354 0.731 0.842423448278 0.907404803411 0.919156373194 0.912048591804 0.915932819302 0.890473392021 -1.11561190513 -1.28831129785 -1.74701567505 0.90556099515 0.912137868803
0.635 0.911403276635 8.99518979025 0.65704799999 0.73 0.841837661841 0.906537712405 0.918278052713 0.911403311344 0.915306683044 0.889914679251 -1.11923917572 -1.29281048584 -1.74064515307 0.905005588622 0.911495445954
0.6355 0.91075574726 8.98879893147 0.657038390627 0.729 0.841251875403 0.9056706214 0.917399732231 0.910755782083 0.914678265037 0.889354152844 -1.12286645482 -1.29730648395 -1.73422210075 0.904448121217 0.91085077169
0.636 0.910105970685 8.98238589373 0.657028781263 0.728 0.840666088965 0.904803530395 0.91652141175 0.910106005619 0.914047565869 0.888791812792 -1.1264937576 -1.30179928108 -1.72774656412 0.903888592935 0.910203847483
0.6365 0.909453948514 8.97595069284 0.657019171899 0.727 0.840080302528 0.903936439389 0.915643091269 0.909453983555 0.913414586131 0.88822765908 -1.1301210992 -1.30628886615 -1.72121858994 0.903327003774 0.909554674806
0.637 0.908799682356 8.96949334469 0.657009562536 0.726 0.83949451609 0.903069348384 0.914764770787 0.908799717499 0.912779326422 0.887661691684 -1.13374849474 -1.31077522808 -1.71463822574 0.902763353737 0.908903255144
0.6375 0.908143173825 8.9630138652 0.656999953172 0.725 0.838908729653 0.902202257379 0.913886450306 0.908143209067 0.912141787345 0.887093910573 -1.13737595935 -1.3152583558 -1.7080055198 0.902197642821 0.90824958998
0.638 0.907484424541 8.95651227037 0.656990343808 0.724 0.838322943215 0.901335166374 0.913008129825 0.907484459877 0.911501969509 0.88652431571 -1.14100350812 -1.31973823826 -1.70132052117 0.901629871028 0.90759368081
0.6385 0.90682343613 8.94998857624 0.656980734445 0.723 0.837737156777 0.900468075368 0.912129809343 0.906823471556 0.910859873529 0.885952907049 -1.14463115613 -1.32421486439 -1.69458327966 0.901060038357 0.906935529128
0.639 0.906160210221 8.94344279889 0.656971125081 0.722 0.83715137034 0.899600984363 0.911251488862 0.906160245734 0.910215500028 0.885379684535 -1.14825891843 -1.32868822315 -1.68779384584 0.900488144808 0.90627513644
0.6395 0.905494748453 8.93687495449 0.656961515718 0.721 0.836565583902 0.898733893358 0.910373168381 0.905494784048 0.90956884963 0.884804648109 -1.15188681009 -1.33315830351 -1.68095227105 0.899914190382 0.905612504253
0.64 0.904827052466 8.93028505924 0.656951906354 0.72 0.835979797464 0.897866802352 0.9094948479 0.904827088139 0.908919922969 0.884227797701 -1.15551484612 -1.33762509443 -1.67405860738 0.899338175078 0.904947634082
0.6405 0.904157123908 8.9236731294 0.65694229699 0.719 0.835394011027 0.896999711347 0.908616527418 0.904157159656 0.908268720682 0.883649133236 -1.15914304154 -1.3420885849 -1.66711290768 0.898760098897 0.904280527445
0.641 0.903484964433 8.91703918129 0.656932687627 0.718 0.834808224589 0.896132620342 0.907738206937 0.90348500025 0.907615243416 0.88306865463 -1.16277141134 -1.34654876389 -1.66011522557 0.898179961838 0.903611185868
0.6415 0.902810575698 8.91038323126 0.656923078263 0.717 0.834222438152 0.895265529336 0.906859886456 0.902810611581 0.90695949182 0.882486361793 -1.16639997049 -1.35100562041 -1.65306561544 0.897597763901 0.902939610881
0.642 0.902133959368 8.90370529575 0.656913468899 0.716 0.833636651714 0.894398438331 0.905981565974 0.902133995312 0.90630146655 0.881902254626 -1.17002873394 -1.35545914346 -1.64596413244 0.897013505087 0.902265804019
0.6425 0.901455117112 8.89700539124 0.656903859536 0.715 0.833050865276 0.893531347326 0.905103245493 0.901455153114 0.905641168269 0.881316333023 -1.17365771662 -1.35990932204 -1.63881083247 0.896427185395 0.901589766825
0.643 0.900774050605 8.89028353424 0.656894250172 0.714 0.832465078839 0.892664256321 0.904224925012 0.90077408666 0.904978597645 0.88072859687 -1.17728693346 -1.36435614519 -1.63160577221 0.895838804825 0.900911500844
0.6435 0.900090761528 8.88353974136 0.656884640808 0.713 0.831879292401 0.891797165315 0.903346604531 0.900090797632 0.904313755355 0.880139046048 -1.18091639935 -1.36879960192 -1.6243490091 0.895248363377 0.900231007628
0.644 0.899405251566 8.87677402922 0.656875031445 0.712 0.831293505963 0.89093007431 0.902468284049 0.899405287714 0.903646642078 0.879547680427 -1.18454612915 -1.37323968128 -1.61704060135 0.894655861052 0.899548288735
0.6445 0.898717522412 8.86998641453 0.656865422081 0.711 0.830707719526 0.890062983305 0.901589963568 0.8987175586 0.902977258502 0.878954499872 -1.18817613772 -1.3776763723 -1.60968060793 0.89406129785 0.898863345728
0.645 0.898027575761 8.86317691403 0.656855812718 0.71 0.830121933088 0.889195892299 0.900711643087 0.898027611985 0.902305605321 0.87835950424 -1.1918064399 -1.38210966405 -1.60226908857 0.893464673769 0.898176180175
0.6455 0.897335413316 8.85634554452 0.656846203354 0.709 0.829536146651 0.888328801294 0.899833322605 0.897335449572 0.901631683235 0.877762693381 -1.19543705048 -1.38653954557 -1.59480610379 0.892865988811 0.897486793649
0.646 0.896641036785 8.84949232285 0.65683659399 0.708 0.828950360213 0.887461710289 0.898955002124 0.896641073069 0.900955492949 0.877164067136 -1.19906798426 -1.39096600595 -1.58729171485 0.892265242976 0.896795187731
0.6465 0.895944447882 8.84261726595 0.656826984627 0.707 0.828364573775 0.886594619283 0.898076681643 0.895944484189 0.900277035177 0.87656362534 -1.20269925601 -1.39538903425 -1.5797259838 0.891662436262 0.896101364005
0.647 0.895245648325 8.83572039076 0.656817375263 0.706 0.827778787338 0.885727528278 0.897198361161 0.895245684651 0.899596310639 0.875961367821 -1.20633088045 -1.39980861958 -1.57210897345 0.891057568671 0.89540532406
0.6475 0.894544639838 8.82880171432 0.656807765899 0.705 0.8271930009 0.884860437273 0.89632004068 0.894544676179 0.898913320059 0.875357294398 -1.20996287233 -1.40422475101 -1.56444074738 0.890450640203 0.894707069493
0.648 0.893841424151 8.82186125368 0.656798156536 0.704 0.826607214462 0.883993346268 0.895441720199 0.893841460503 0.89822806417 0.874751404885 -1.21359524632 -1.40863741766 -1.55672136992 0.889841650857 0.894006601904
0.6485 0.893136003 8.81489902598 0.656788547172 0.703 0.826021428025 0.883126255262 0.894563399718 0.893136039357 0.897540543711 0.874143699086 -1.2172280171 -1.41304660864 -1.54895090621 0.889230600633 0.8933039229
0.649 0.892428378124 8.80791504839 0.656778937809 0.702 0.825435641587 0.882259164257 0.893685079236 0.892428414483 0.896850759428 0.873534176799 -1.22086119931 -1.41745231306 -1.54112942213 0.888617489531 0.892599034093
0.6495 0.891718551269 8.80090933814 0.656769328445 0.701 0.82484985515 0.881392073252 0.892806758755 0.891718587626 0.896158712073 0.872922837816 -1.22449480759 -1.42185452006 -1.53325698435 0.888002317552 0.891891937099
0.65 0.891006524188 8.79388191253 0.656759719081 0.7 0.824264068712 0.880524982246 0.891928438274 0.891006560538 0.895464402404 0.872309681918 -1.22812885653 -1.42625321878 -1.52533366029 0.887385084695 0.891182633541
0.6505 0.890292298637 8.78683278889 0.656750109718 0.699 0.823678282274 0.879657891241 0.891050117792 0.890292334976 0.894767831188 0.871694708883 -1.2317633607 -1.43064839836 -1.51735951815 0.886765790961 0.890471125048
0.651 0.889575876378 8.77976198461 0.656740500354 0.698 0.823092495837 0.878790800236 0.890171797311 0.889575912702 0.894068999198 0.871077918479 -1.23539833465 -1.43504004796 -1.50933462693 0.886144436348 0.889757413253
0.6515 0.888857259179 8.77266951714 0.65673089099 0.697 0.822506709399 0.87792370923 0.88929347683 0.888857295483 0.893367907212 0.870459310468 -1.23903379289 -1.43942815673 -1.50125905637 0.885521020859 0.889041499796
0.652 0.888136448814 8.76555540398 0.656721281627 0.696 0.821920922961 0.877056618225 0.888415156349 0.888136485093 0.892664556016 0.869838884603 -1.24266974993 -1.44381271387 -1.49313287699 0.884895544491 0.88832338632
0.6525 0.887413447059 8.75841966268 0.656711672263 0.695 0.821335136524 0.87618952722 0.887536835867 0.88741348331 0.891958946405 0.869216640632 -1.24630622024 -1.44819370853 -1.4849561601 0.884268007246 0.887603074475
0.653 0.886688255701 8.75126231086 0.6567020629 0.694 0.820749350086 0.875322436215 0.886658515386 0.886688291919 0.891251079179 0.868592578295 -1.24994321825 -1.45257112993 -1.47672897777 0.883638409123 0.886880565918
0.6535 0.885960876527 8.74408336616 0.656692453536 0.693 0.820163563649 0.874455345209 0.885780194905 0.885960912708 0.890540955144 0.867966697324 -1.25358075837 -1.45694496725 -1.46845140286 0.883006750123 0.886155862308
0.654 0.885231311332 8.73688284631 0.656682844172 0.692 0.819577777211 0.873588254204 0.884901874423 0.885231347472 0.889828575115 0.867338997444 -1.257218855 -1.4613152097 -1.460123509 0.882373030245 0.885428965311
0.6545 0.884499561918 8.72966076907 0.656673234809 0.691 0.818991990773 0.872721163199 0.884023553942 0.884499598011 0.889113939914 0.866709478374 -1.26085752249 -1.4656818465 -1.45174537059 0.881737249489 0.8846998766
0.655 0.883765630089 8.72241715225 0.656663625445 0.69 0.818406204336 0.871854072193 0.883145233461 0.883765666132 0.88839705037 0.866078139824 -1.26449677517 -1.47004486688 -1.44331706282 0.881099407856 0.883968597852
0.6555 0.883029517656 8.71515201375 0.656654016081 0.689 0.817820417898 0.870986981188 0.882266912979 0.883029553644 0.887677907318 0.865444981499 -1.26813662734 -1.47440426006 -1.43483866166 0.880459505344 0.883235130748
0.656 0.882291226435 8.70786537146 0.656644406718 0.688 0.81723463146 0.870119890183 0.881388592498 0.882291262365 0.886956511601 0.864810003094 -1.27177709327 -1.47876001531 -1.42631024385 0.879817541956 0.882499476977
0.6565 0.881550758248 8.70055724339 0.656634797354 0.687 0.816648845023 0.869252799177 0.880510272017 0.881550794115 0.88623286407 0.864173204301 -1.27541818721 -1.48311212186 -1.41773188692 0.879173517689 0.881761638233
0.657 0.880808114923 8.69322764756 0.656625187991 0.686 0.816063058585 0.868385708172 0.879631951536 0.880808150722 0.885506965582 0.8635345848 -1.27905992336 -1.48746056897 -1.40910366916 0.878527432545 0.881021616213
0.6575 0.880063298291 8.68587660205 0.656615578627 0.685 0.815477272148 0.867518617167 0.878753631054 0.880063334018 0.884778817004 0.862894144268 -1.28270231591 -1.49180534593 -1.40042566968 0.877879286524 0.880279412623
0.658 0.879316310191 8.67850412501 0.656605969263 0.684 0.81489148571 0.866651526162 0.877875310573 0.879316345841 0.884048419207 0.862251882372 -1.28634537901 -1.496146442 -1.39169796834 0.877229079624 0.879535029171
0.6585 0.878567152464 8.67111023462 0.6565963599 0.683 0.814305699272 0.865784435156 0.876996990092 0.878567188034 0.883315773072 0.861607798775 -1.28998912677 -1.50048384648 -1.38292064579 0.876576811848 0.878788467574
0.659 0.877815826961 8.66369494912 0.656586750536 0.682 0.813719912835 0.864917344151 0.87611866961 0.877815862446 0.882580879485 0.860961893129 -1.29363357329 -1.50481754867 -1.37409378347 0.875922483193 0.878039729551
0.6595 0.877062335535 8.65625828682 0.656577141172 0.681 0.813134126397 0.864050253146 0.875240349129 0.87706237093 0.881843739343 0.860314165083 -1.29727873261 -1.50914753787 -1.3652174636 0.875266093661 0.877288816829
0.66 0.876306680044 8.64880026606 0.656567531809 0.68 0.812548339959 0.86318316214 0.874362028648 0.876306715346 0.881104353549 0.859664614275 -1.30092461878 -1.5134738034 -1.3562917692 0.874607643251 0.876535731139
0.6605 0.875548862354 8.64132090525 0.656557922445 0.679 0.811962553522 0.862316071135 0.873483708167 0.875548897558 0.880362723012 0.85901324034 -1.30457124577 -1.51779633458 -1.34731678405 0.873947131963 0.875780474217
0.661 0.874788884333 8.63382022284 0.656548313082 0.678 0.811376767084 0.86144898013 0.872605387685 0.874788919435 0.87961884865 0.858360042904 -1.30821862755 -1.52211512075 -1.33829259274 0.873284559798 0.875023047807
0.6615 0.874026747859 8.62629823734 0.656538703718 0.677 0.810790980647 0.860581889124 0.871727067204 0.874026782854 0.878872731391 0.857705021585 -1.31186677804 -1.52643015125 -1.32921928064 0.872619926755 0.874263453656
0.662 0.87326245481 8.6187549673 0.656529094354 0.676 0.810205194209 0.859714798119 0.870848746723 0.873262489694 0.878124372166 0.857048175995 -1.31551571113 -1.53074141544 -1.3200969339 0.871953232835 0.873501693516
0.6625 0.872496007073 8.61119043134 0.656519484991 0.675 0.809619407771 0.858847707114 0.869970426241 0.872496041842 0.877373771919 0.856389505741 -1.31916544068 -1.53504890267 -1.31092563948 0.871284478036 0.872737769148
0.663 0.871727406539 8.60360464812 0.656509875627 0.674 0.809033621334 0.857980616109 0.86909210576 0.871727441188 0.876620931598 0.85572901042 -1.32281598052 -1.53935260233 -1.3017054851 0.870613662361 0.871971682314
0.6635 0.870956655104 8.59599763637 0.656500266263 0.673 0.808447834896 0.857113525103 0.868213785279 0.870956689629 0.87586585216 0.855066689623 -1.32646734444 -1.54365250378 -1.29243655931 0.869940785807 0.871203434784
0.664 0.87018375467 8.58836941484 0.6564906569 0.672 0.807862048458 0.856246434098 0.867335464797 0.870183789067 0.875108534571 0.854402542936 -1.33011954618 -1.54794859643 -1.28311895141 0.869265848376 0.870433028333
0.6645 0.869408707144 8.58072000237 0.656481047536 0.671 0.807276262021 0.855379343093 0.866457144316 0.869408741409 0.874348979805 0.853736569935 -1.33377259947 -1.55224086967 -1.27375275153 0.868588850067 0.869660464742
0.665 0.868631514438 8.57304941782 0.656471438173 0.67 0.806690475583 0.854512252087 0.865578823835 0.868631548567 0.873587188841 0.853068770192 -1.33742651798 -1.5565293129 -1.26433805056 0.867909790881 0.868885745796
0.6655 0.867852178471 8.56535768013 0.656461828809 0.669 0.806104689145 0.853645161082 0.864700503354 0.867852212459 0.872823162671 0.85239914327 -1.34108131538 -1.56081391556 -1.25487494022 0.867228670817 0.868108873286
0.666 0.867070701164 8.55764480827 0.656452219445 0.668 0.805518902708 0.852778070077 0.863822182872 0.867070735008 0.872056902292 0.851727688728 -1.34473700525 -1.56509466706 -1.245363513 0.866545489875 0.867329849009
0.6665 0.866287084447 8.54991082127 0.656442610082 0.667 0.80493311627 0.851910979071 0.862943862391 0.866287118142 0.871288408709 0.851054406114 -1.34839360119 -1.56937155685 -1.23580386219 0.865860248056 0.866548674768
0.667 0.865501330253 8.54215573821 0.656433000718 0.666 0.804347329833 0.851043888066 0.86206554191 0.865501363794 0.870517682936 0.850379294973 -1.35205111672 -1.57364457437 -1.22619608188 0.865172945359 0.865765352369
0.6675 0.86471344052 8.53437957824 0.656423391354 0.665 0.803761543395 0.850176797061 0.861187221428 0.864713473903 0.869744725996 0.849702354842 -1.35570956534 -1.57791370907 -1.21654026695 0.864483581784 0.864979883626
0.668 0.863923417193 8.52658236053 0.656413781991 0.664 0.803175756957 0.849309706056 0.860308900947 0.863923450414 0.868969538919 0.84902358525 -1.35936896051 -1.58217895044 -1.20683651311 0.863792157331 0.864192270356
0.6685 0.86313126222 8.51876410433 0.656404172627 0.663 0.80258997052 0.84844261505 0.859430580466 0.863131295276 0.868192122745 0.848342985721 -1.36302931565 -1.58644028793 -1.19708491682 0.863098672001 0.863402514385
0.669 0.862336977557 8.51092482892 0.656394563264 0.662 0.802004184082 0.847575524045 0.858552259985 0.862337010443 0.86741247852 0.847660555772 -1.36669064415 -1.59069771104 -1.18728557538 0.862403125794 0.862610617541
0.6695 0.861540565163 8.50306455365 0.6563849539 0.661 0.801418397644 0.84670843304 0.857673939503 0.861540597875 0.866630607301 0.846976294913 -1.37035295935 -1.59495120926 -1.17743858688 0.861705518709 0.861816581659
0.67 0.860742027004 8.49518329792 0.656375344536 0.66 0.800832611207 0.845841342034 0.856795619022 0.860742059537 0.865846510152 0.846290202646 -1.37401627455 -1.59920077209 -1.1675440502 0.861005850746 0.861020408578
0.6705 0.859941365049 8.48728108117 0.656365735173 0.659 0.800246824769 0.844974251029 0.855917298541 0.859941397399 0.865060188147 0.845602278469 -1.37768060301 -1.60344638906 -1.15760206504 0.860304121905 0.860222100146
0.671 0.859138581274 8.47935792289 0.656356125809 0.658 0.799661038332 0.844107160024 0.855038978059 0.859138613438 0.864271642365 0.844912521872 -1.38134595796 -1.60768804969 -1.1476127319 0.859600332187 0.859421658212
0.6715 0.85833367766 8.47141384264 0.656346516445 0.657 0.799075251894 0.843240069018 0.854160657578 0.858333709633 0.863480873899 0.844220932338 -1.38501235259 -1.6119257435 -1.13757615207 0.858894481591 0.858619084633
0.672 0.857526656194 8.46344886002 0.656336907082 0.656 0.798489465456 0.842372978013 0.853282337097 0.857526687972 0.862687883846 0.843527509344 -1.38867980003 -1.61615946004 -1.12749242768 0.858186570117 0.857814381271
0.6725 0.856717518865 8.45546299468 0.656327297718 0.655 0.797903679019 0.841505887008 0.852404016615 0.856717550444 0.861892673314 0.842832252361 -1.39234831338 -1.62038918888 -1.11736166162 0.857476597766 0.857007549993
0.673 0.855906267671 8.44745626633 0.656317688355 0.654 0.797317892581 0.840638796003 0.851525696134 0.855906299048 0.861095243419 0.842135160851 -1.39601790571 -1.62461491956 -1.10718395763 0.856764564537 0.856198592672
0.6735 0.855092904614 8.43942869471 0.656308078991 0.653 0.796732106143 0.839771704997 0.850647375653 0.855092935783 0.860295595288 0.841436234273 -1.39968859002 -1.62883664167 -1.09695942024 0.856050470431 0.855387511186
0.674 0.854277431699 8.43138029965 0.656298469627 0.652 0.796146319706 0.838904613992 0.849769055172 0.854277462658 0.859493730053 0.840735472077 -1.4033603793 -1.63305434479 -1.08668815479 0.855334315446 0.85457430742
0.6745 0.85345985094 8.42331110099 0.656288860264 0.651 0.795560533268 0.838037522987 0.84889073469 0.853459881684 0.858689648857 0.840032873707 -1.40703328647 -1.6372680185 -1.07637026742 0.854616099585 0.853758983261
0.675 0.852640164354 8.41522111865 0.6562792509 0.65 0.794974746831 0.837170431981 0.848012414209 0.852640194879 0.857883352854 0.839328438602 -1.41070732442 -1.64147765242 -1.06600586511 0.853895822845 0.852941540604
0.6755 0.851818373963 8.40711037259 0.656269641536 0.649 0.794388960393 0.836303340976 0.847134093728 0.851818404266 0.857074843202 0.838622166192 -1.414382506 -1.64568323616 -1.05559505564 0.853173485228 0.85212198135
0.676 0.850994481795 8.39897888282 0.656260032173 0.648 0.793803173955 0.835436249971 0.846255773246 0.850994511871 0.856264121074 0.837914055903 -1.418058844 -1.64988475934 -1.04513794758 0.852449086733 0.851300307404
0.6765 0.850168489882 8.39082666941 0.656250422809 0.647 0.793217387518 0.834569158965 0.845377452765 0.850168519728 0.855451187646 0.837204107153 -1.42173635118 -1.65408221159 -1.03463465034 0.851722627361 0.850476520676
0.677 0.849340400263 8.38265375246 0.656240813446 0.646 0.79263160108 0.83370206796 0.844499132284 0.849340429875 0.854636044108 0.836492319355 -1.42541504025 -1.65827558256 -1.02408527415 0.850994107111 0.849650623083
0.6775 0.848510214982 8.37446015215 0.656231204082 0.645 0.792045814642 0.832834976955 0.843620811803 0.848510244355 0.853818691658 0.835778691914 -1.42909492387 -1.66246486189 -1.01348993004 0.850263525983 0.848822616547
0.678 0.847677936085 8.36624588869 0.656221594718 0.644 0.791460028205 0.83196788595 0.842742491321 0.847677965216 0.8529991315 0.83506322423 -1.43277601467 -1.66665003927 -1.00284872986 0.849530883978 0.847992502994
0.6785 0.846843565628 8.35801098235 0.656211985355 0.643 0.790874241767 0.831100794944 0.84186417084 0.846843594513 0.852177364852 0.834345915696 -1.43645832521 -1.67083110434 -0.992161786279 0.848796181094 0.847160284358
0.679 0.846007105668 8.34975545345 0.656202375991 0.642 0.79028845533 0.830233703939 0.840985850359 0.846007134304 0.851353392939 0.833626765699 -1.44014186803 -1.67500804681 -0.981429212796 0.848059417334 0.846325962575
0.6795 0.84516855827 8.34147932236 0.656192766627 0.641 0.789702668892 0.829366612934 0.840107529877 0.845168586652 0.850527216994 0.832905773621 -1.4438266556 -1.67918085636 -0.970651123719 0.847320592695 0.84548953959
0.68 0.844327925502 8.3331826095 0.656183157264 0.64 0.789116882454 0.828499521928 0.839229209396 0.844327953627 0.849698838262 0.832182938834 -1.44751270037 -1.6833495227 -0.959827634179 0.846579707179 0.844651017352
0.6805 0.843485209439 8.32486533533 0.6561735479 0.639 0.788531096017 0.827632430923 0.838350888915 0.843485237304 0.848868257997 0.831458260709 -1.4512000147 -1.68751403555 -0.948958860131 0.845836760786 0.843810397815
0.681 0.84264041216 8.31652752039 0.656163938537 0.638 0.787945309579 0.826765339918 0.837472568434 0.842640439761 0.84803547746 0.830731738606 -1.45488861095 -1.69167438461 -0.938044918353 0.845091753514 0.842967682938
0.6815 0.84179353575 8.30816918525 0.656154329173 0.637 0.787359523141 0.825898248913 0.836594247952 0.841793563082 0.847200497925 0.830003371882 -1.45857850139 -1.69583055965 -0.927085926447 0.844344685365 0.842122874686
0.682 0.840944582298 8.29979035052 0.656144719809 0.636 0.786773736704 0.825031157907 0.835715927471 0.840944609359 0.846363320673 0.829273159887 -1.46226969828 -1.69998255038 -0.91608200284 0.843595556339 0.841275975031
0.6825 0.840093553899 8.29139103689 0.656135110446 0.635 0.786187950266 0.824164066902 0.83483760699 0.840093580684 0.845523946995 0.828541101964 -1.46596221379 -1.70413034658 -0.905033266786 0.842844366435 0.840426985948
0.683 0.839240452652 8.28297126507 0.656125501082 0.634 0.785602163829 0.823296975897 0.833959286508 0.839240479159 0.844682378194 0.827807197451 -1.46965606009 -1.70827393801 -0.893939838365 0.842091115653 0.83957590942
0.6835 0.838385280663 8.27453105584 0.656115891718 0.633 0.785016377391 0.822429884891 0.833080966027 0.838385306887 0.84383861558 0.82707144568 -1.47335124924 -1.71241331444 -0.882801838487 0.841335803993 0.838722747432
0.684 0.837528040042 8.26607043004 0.656106282355 0.632 0.784430590953 0.821562793886 0.832202645546 0.83752806598 0.842992660473 0.826333845976 -1.47704779331 -1.71654846566 -0.87161938889 0.840578431456 0.837867501977
0.6845 0.836668732904 8.25758940852 0.656096672991 0.631 0.783844804516 0.820695702881 0.831324325064 0.836668758552 0.842144514205 0.825594397659 -1.48074570427 -1.72067938147 -0.860392612142 0.839818998041 0.837010175053
0.685 0.835807361368 8.24908801222 0.656087063628 0.63 0.783259018078 0.819828611875 0.830446004583 0.835807386724 0.841294178115 0.824853100042 -1.48444499408 -1.72480605168 -0.849121631644 0.839057503748 0.836150768663
0.6855 0.834943927561 8.24056626212 0.656077454264 0.629 0.78267323164 0.81896152087 0.829567684102 0.834943952621 0.840441653553 0.824109952433 -1.48814567461 -1.72892846609 -0.837806571627 0.838293948578 0.835289284815
0.686 0.834078433613 8.23202417924 0.6560678449 0.628 0.782087445203 0.818094429865 0.828689363621 0.834078458373 0.83958694188 0.823364954134 -1.4918477577 -1.73304661455 -0.826447557157 0.83752833253 0.834425725525
0.6865 0.833210881659 8.22346178466 0.656058235537 0.627 0.781501658765 0.81722733886 0.827811043139 0.833210906117 0.838730044466 0.82261810444 -1.49555125515 -1.73716048689 -0.815044714133 0.836760655605 0.833560092811
0.687 0.832341273841 8.21487909951 0.656048626173 0.626 0.780915872328 0.816360247854 0.826932722658 0.832341297991 0.837870962691 0.821869402641 -1.49925617868 -1.74127007295 -0.803598169291 0.835990917802 0.832692388699
0.6875 0.831469612303 8.20627614495 0.656039016809 0.625 0.78033008589 0.815493156849 0.826054402177 0.831469636144 0.837009697946 0.821118848021 -1.50296253996 -1.74537536261 -0.792108050203 0.835219119121 0.831822615219
0.688 0.830595899196 8.19765294223 0.656029407446 0.624 0.779744299452 0.814626065844 0.825176081695 0.830595922724 0.836146251629 0.820366439859 -1.50667035064 -1.74947634572 -0.780574485276 0.834445259563 0.830950774406
0.6885 0.829720136676 8.18900951261 0.656019798082 0.623 0.779158513015 0.813758974838 0.824297761214 0.829720159888 0.835280625153 0.819612177427 -1.51037962227 -1.75357301218 -0.768997603759 0.833669339127 0.830076868302
0.689 0.828842326905 8.18034587743 0.656010188719 0.622 0.778572726577 0.812891883833 0.823419440733 0.828842349798 0.834412819937 0.818856059992 -1.51409036638 -1.75766535187 -0.757377535737 0.832891357813 0.829200898954
0.6895 0.827962472047 8.17166205805 0.656000579355 0.621 0.777986940139 0.812024792828 0.822541120252 0.827962494618 0.833542837413 0.818098086813 -1.51780259442 -1.76175335469 -0.745714412139 0.832111315621 0.828322868413
0.69 0.827080574275 8.16295807592 0.655990969991 0.62 0.777401153702 0.811157701822 0.82166279977 0.827080596519 0.832670679021 0.817338257148 -1.52151631782 -1.76583701057 -0.734008364732 0.831329212552 0.827442778738
0.6905 0.826196635763 8.15423395249 0.655981360628 0.619 0.776815367264 0.810290610817 0.820784479289 0.826196657679 0.831796346213 0.816576570245 -1.52523154791 -1.76991630941 -0.722259526127 0.830545048606 0.826560631992
0.691 0.825310658693 8.1454897093 0.655971751264 0.618 0.776229580827 0.809423519812 0.819906158808 0.825310680278 0.830919840451 0.815813025347 -1.528948296 -1.77399124116 -0.710468029779 0.829758823781 0.825676430242
0.6915 0.824422645251 8.13672536793 0.6559621419 0.617 0.775643794389 0.808556428807 0.819027838326 0.824422666501 0.830041163207 0.815047621694 -1.53266657333 -1.77806179577 -0.698634009986 0.828970538079 0.824790175563
0.692 0.823532597628 8.12794094999 0.655952532537 0.616 0.775058007951 0.807689337801 0.818149517845 0.823532618541 0.829160315964 0.814280358517 -1.53638639108 -1.78212796319 -0.686757601894 0.8281801915 0.823901870034
0.6925 0.822640518021 8.11913647717 0.655942923173 0.615 0.774472221514 0.806822246796 0.817271197364 0.822640538592 0.828277300214 0.813511235044 -1.54010776037 -1.78618973338 -0.674838941492 0.827387784042 0.823011515741
0.693 0.82174640863 8.11031197119 0.65593331381 0.614 0.773886435076 0.805955155791 0.816392876882 0.821746428857 0.827392117463 0.812740250496 -1.54383069229 -1.79024709632 -0.662878165621 0.826593315707 0.822119114772
0.6935 0.820850271661 8.10146745382 0.655923704446 0.613 0.773300648638 0.805088064785 0.815514556401 0.820850291542 0.826504769224 0.811967404089 -1.54755519784 -1.79430004201 -0.650875411965 0.825796786495 0.821224669224
0.694 0.819952109325 8.09260294688 0.655914095082 0.612 0.772714862201 0.80422097378 0.81463623592 0.819952128858 0.825615257021 0.811192695034 -1.55128128797 -1.79834856045 -0.638830819063 0.824998196404 0.820328181198
0.6945 0.81905192384 8.08371847225 0.655904485719 0.611 0.772129075763 0.803353882775 0.813757915439 0.81905194302 0.824723582391 0.810416122536 -1.55500897359 -1.80239264163 -0.626744526301 0.824197545437 0.8194296528
0.695 0.818149717425 8.07481405185 0.655894876355 0.61 0.771543289326 0.802486791769 0.812879594957 0.81814973625 0.823829746881 0.809637685793 -1.55873826552 -1.80643227559 -0.614616673918 0.823394833591 0.818529086143
0.6955 0.817245492307 8.06588970764 0.655885266991 0.609 0.770957502888 0.801619700764 0.812001274476 0.817245510775 0.822933752046 0.808857384 -1.56246917455 -1.81046745236 -0.602447403006 0.822590060868 0.817626483343
0.696 0.816339250717 8.05694546166 0.655875657628 0.608 0.77037171645 0.800752609759 0.811122953995 0.816339268825 0.822035599455 0.808075216347 -1.56620171139 -1.81449816199 -0.59023685551 0.821783227267 0.816721846524
0.6965 0.815430994891 8.04798133596 0.655866048264 0.607 0.769785930013 0.799885518754 0.810244633513 0.815431012636 0.821135290686 0.807291182016 -1.5699358867 -1.81852439451 -0.577985174228 0.820974332788 0.815815177814
0.697 0.814520727071 8.03899735267 0.655856438901 0.606 0.769200143575 0.799018427748 0.809366313032 0.81452074445 0.82023282733 0.806505280185 -1.57367171107 -1.82254614001 -0.565692502817 0.820163377432 0.814906479346
0.6975 0.813608449501 8.02999353396 0.655846829537 0.605 0.768614357137 0.798151336743 0.808487992551 0.813608466512 0.819328210986 0.805717510028 -1.57740919505 -1.82656338856 -0.553358985788 0.819350361198 0.81399575326
0.698 0.812694164433 8.02096990203 0.655837220173 0.604 0.7680285707 0.797284245738 0.80760967207 0.812694181074 0.818421443266 0.804927870712 -1.5811483491 -1.83057613024 -0.54098476851 0.818535284087 0.8130830017
0.6985 0.811777874123 8.01192647915 0.65582761081 0.603 0.767442784262 0.796417154732 0.806731351588 0.811777890391 0.817512525793 0.804136361399 -1.58488918364 -1.83458435516 -0.528569997212 0.817718146098 0.812168226816
0.699 0.810859580832 8.00286328765 0.655818001446 0.602 0.766856997824 0.795550063727 0.805853031107 0.810859596725 0.8166014602 0.803342981247 -1.58863170902 -1.83858805343 -0.516114818981 0.816898947231 0.811251430764
0.6995 0.809939286826 7.99378034987 0.655808392082 0.601 0.766271211387 0.794682972722 0.804974710626 0.809939302341 0.815688248132 0.802547729407 -1.59237593553 -1.84258721516 -0.503619381766 0.816077687486 0.810332615704
0.7 0.809016994375 7.98467768824 0.655798782719 0.6 0.765685424949 0.793815881716 0.804096390144 0.809017009509 0.814772891244 0.801750605026 -1.59612187339 -1.84658183049 -0.491083834376 0.815254366864 0.809411783803
0.7005 0.808092705755 7.97555532521 0.655789173355 0.599 0.765099638512 0.792948790711 0.803218069663 0.808092720507 0.813855391204 0.800951607246 -1.59986953276 -1.85057188956 -0.478508326482 0.814428985365 0.808488937233
0.701 0.807166423246 7.96641328328 0.655779563992 0.598 0.764513852074 0.792081699706 0.802339749182 0.807166437614 0.812935749689 0.800150735205 -1.60361892374 -1.85455738254 -0.465893008622 0.813601542987 0.80756407817
0.7015 0.806238149135 7.95725158503 0.655769954628 0.597 0.763928065636 0.791214608701 0.8014614287 0.806238163115 0.812013968388 0.799347988032 -1.60737005637 -1.85853829957 -0.453238032195 0.812772039732 0.806637208798
0.702 0.805307885711 7.94807025305 0.655760345264 0.596 0.763342279199 0.790347517695 0.800583108219 0.805307899303 0.811090049004 0.798543364856 -1.61112294061 -1.86251463085 -0.440543549468 0.811940475599 0.805708331304
0.7025 0.80437563527 7.93886930999 0.655750735901 0.595 0.762756492761 0.78948042669 0.799704787738 0.80437564847 0.810163993247 0.797736864798 -1.61487758636 -1.86648636656 -0.427809713571 0.811106850589 0.804777447882
0.703 0.803441400112 7.92964877856 0.655741126537 0.594 0.762170706323 0.788613335685 0.798826467257 0.803441412919 0.809235802841 0.796928486975 -1.61863400347 -1.87045349689 -0.415036678505 0.810271164701 0.803844560732
0.7035 0.802505182542 7.92040868152 0.655731517173 0.593 0.761584919886 0.787746244679 0.797948146775 0.802505194954 0.808305479521 0.796118230498 -1.62239220171 -1.87441601207 -0.402224599137 0.809433417935 0.802909672056
0.704 0.801566984871 7.91114904165 0.65572190781 0.592 0.760999133448 0.786879153674 0.797069826294 0.801566996885 0.807373025032 0.795306094474 -1.62615219078 -1.87837390232 -0.389373631205 0.808593610292 0.801972784065
0.7045 0.800626809413 7.90186988181 0.655712298446 0.591 0.760413347011 0.786012062669 0.796191505813 0.800626821028 0.806438441134 0.794492078007 -1.62991398032 -1.88232715786 -0.376483931315 0.807751741771 0.801033898975
0.705 0.799684658487 7.89257122489 0.655702689083 0.59 0.759827560573 0.785144971663 0.795313185331 0.799684669701 0.805501729595 0.793676180192 -1.63367757991 -1.88627576895 -0.363555656946 0.806907812373 0.800093019006
0.7055 0.798740534419 7.88325309383 0.655693079719 0.589 0.759241774135 0.784277880658 0.79443486485 0.798740545231 0.804562892196 0.792858400124 -1.63744299905 -1.89021972584 -0.35058896645 0.806061822096 0.799150146383
0.706 0.797794439539 7.87391551163 0.655683470355 0.588 0.758655987698 0.783410789653 0.793556544369 0.797794449945 0.803621930729 0.792038736889 -1.64121024717 -1.8941590188 -0.337584019048 0.805213770942 0.79820528334
0.7065 0.796846376179 7.86455850133 0.655673860992 0.587 0.75807020126 0.782543698648 0.792678223888 0.79684638618 0.802678847 0.79121718957 -1.64497933365 -1.89809363811 -0.324540974839 0.804363658911 0.797258432111
0.707 0.795896346681 7.85518208601 0.655664251628 0.586 0.757484414822 0.781676607642 0.791799903406 0.795896356273 0.801733642823 0.790393757247 -1.64875026779 -1.90202357407 -0.311459994795 0.803511486002 0.796309594941
0.7075 0.794944353388 7.84578628881 0.655654642264 0.585 0.756898628385 0.780809516637 0.790921582925 0.79494436257 0.800786320026 0.789568438993 -1.65252305881 -1.90594881697 -0.298341240764 0.802657252215 0.795358774077
0.708 0.793990398648 7.83637113292 0.655645032901 0.584 0.756312841947 0.779942425632 0.790043262444 0.793990407419 0.799836880449 0.788741233877 -1.65629771588 -1.90986935713 -0.28518487547 0.80180095755 0.794405971772
0.7085 0.793034484816 7.82693664155 0.655635423537 0.583 0.75572705551 0.779075334626 0.789164941962 0.793034493174 0.798885325943 0.787912140964 -1.66007424809 -1.91378518488 -0.271991062517 0.800942602008 0.793451190285
0.709 0.79207661425 7.817482838 0.655625814174 0.582 0.755141269072 0.778208243621 0.788286621481 0.792076622194 0.797931658371 0.787081159315 -1.66385266445 -1.91769629055 -0.258759966384 0.800082185588 0.79249443188
0.7095 0.791116789314 7.80800974559 0.65561620481 0.581 0.754555482634 0.777341152616 0.787408301 0.791116796842 0.796975879609 0.786248287985 -1.66763297393 -1.9216026645 -0.245491752431 0.799219708291 0.791535698827
0.71 0.790155012376 7.79851738769 0.655606595446 0.58 0.753969696197 0.77647406161 0.786529980518 0.790155019486 0.796017991542 0.785413526024 -1.67141518539 -1.92550429709 -0.232186586899 0.798355170115 0.7905749934
0.7105 0.789191285809 7.78900578772 0.655596986083 0.579 0.753383909759 0.775606970605 0.785651660037 0.789191292501 0.79505799607 0.784576872481 -1.67519930765 -1.92940117868 -0.21884463691 0.797488571063 0.78961231788
0.711 0.78822561199 7.77947496915 0.655587376719 0.578 0.752798123321 0.7747398796 0.784773339556 0.788225618262 0.794095895104 0.783738326397 -1.67898534944 -1.93329329967 -0.205466070465 0.796619911132 0.788647674554
0.7115 0.787257993304 7.76992495551 0.655577767355 0.577 0.752212336884 0.773872788595 0.783895019075 0.787257999155 0.793131690567 0.78289788681 -1.68277331943 -1.93718065045 -0.192051056451 0.795749190324 0.787681065712
0.712 0.786288432137 7.76035577034 0.655568157992 0.576 0.751626550446 0.773005697589 0.783016698593 0.786288437565 0.792165384393 0.782055552754 -1.68656322619 -1.94106322143 -0.178599764638 0.794876408638 0.786712493651
0.7125 0.785316930881 7.75076743727 0.655558548628 0.575 0.751040764009 0.772138606584 0.782138378112 0.785316935886 0.791196978531 0.781211323259 -1.69035507826 -1.94494100303 -0.165112365678 0.794001566075 0.785741960674
0.713 0.784343491933 7.74115997995 0.655548939265 0.574 0.750454977571 0.771271515579 0.781260057631 0.784343496514 0.790226474939 0.78036519735 -1.69414888407 -1.94881398568 -0.151589031112 0.793124662634 0.784769469088
0.7135 0.783368117696 7.73153342209 0.655539329901 0.573 0.749869191133 0.770404424573 0.780381737149 0.783368121851 0.78925387559 0.779517174048 -1.69794465199 -1.95268215983 -0.138029933365 0.792245698315 0.783795021206
0.714 0.782390810577 7.72188778744 0.655529720537 0.572 0.749283404696 0.769537333568 0.779503416668 0.782390814305 0.788279182466 0.77866725237 -1.70174239031 -1.95654551593 -0.124435245748 0.791364673119 0.782818619346
0.7145 0.781411572985 7.7122230998 0.655520111174 0.571 0.748697618258 0.768670242563 0.778625096187 0.781411576286 0.787302397564 0.777815431328 -1.70554210725 -1.96040404444 -0.110805142462 0.790481587045 0.781840265834
0.715 0.780430407338 7.70253938301 0.65551050181 0.57 0.74811183182 0.767803151557 0.777746775706 0.780430410211 0.786323522893 0.776961709932 -1.70934381097 -1.96425773586 -0.0971397985937 0.789596440093 0.780859962997
0.7155 0.779447316057 7.69283666097 0.655500892446 0.569 0.747526045383 0.766936060552 0.776868455224 0.7794473185 0.785342560473 0.776106087185 -1.71314750951 -1.96810658066 -0.0834393901214 0.788709232264 0.779877713172
0.716 0.778462301567 7.68311495763 0.655491283083 0.568 0.746940258945 0.766068969547 0.775990134743 0.77846230358 0.784359512338 0.775248562088 -1.71695321089 -1.97195056935 -0.0697040939123 0.787819963557 0.778893518697
0.7165 0.777475366299 7.67337429696 0.655481673719 0.567 0.746354472508 0.765201878542 0.775111814262 0.777475367881 0.783374380532 0.774389133639 -1.720760923 -1.97578969246 -0.0559340877243 0.786928633972 0.777907381919
0.717 0.776486512687 7.663614703 0.655472064356 0.566 0.74576868607 0.764334787536 0.77423349378 0.776486513839 0.782387167115 0.773527800829 -1.7245706537 -1.97962394049 -0.0421295502071 0.78603524351 0.77691930519
0.7175 0.775495743172 7.65383619984 0.655462454992 0.565 0.745182899632 0.763467696531 0.773355173299 0.775495743892 0.781397874157 0.772664562647 -1.72838241073 -1.98345330401 -0.0282906609024 0.78513979217 0.775929290865
0.718 0.774503060199 7.64403881159 0.655452845628 0.564 0.744597113195 0.762600605526 0.772476852818 0.774503060486 0.78040650374 0.771799418079 -1.73219620178 -1.98727777355 -0.014417600245 0.784242279952 0.774937341306
0.7185 0.773508466216 7.63422256244 0.655443236265 0.563 0.744011326757 0.76173351452 0.771598532337 0.77350846607 0.779413057962 0.770932366105 -1.73601203446 -1.99109733968 -0.000510549563116 0.783342706857 0.773943458882
0.719 0.772511963678 7.62438747661 0.655433626901 0.562 0.743425540319 0.760866423515 0.770720211855 0.772511963099 0.778417538929 0.770063405703 -1.73982991629 -1.99491199297 0.0134303089204 0.782441072884 0.772947645965
0.7195 0.771513555043 7.61453357836 0.655424017537 0.561 0.742839753882 0.75999933251 0.769841891374 0.77151355403 0.777419948763 0.769192535846 -1.74364985472 -1.99872172402 0.027404792088 0.781537378034 0.771949904933
0.72 0.770513242776 7.604660892 0.655414408174 0.56 0.742253967444 0.759132241504 0.768963570893 0.770513241329 0.776420289598 0.768319755504 -1.74747185711 -2.00252652342 0.041412715926 0.780631622306 0.77095023817
0.7205 0.769511029343 7.59476944189 0.65540479881 0.559 0.741668181007 0.758265150499 0.768085250411 0.769511027462 0.77541856358 0.767445063644 -1.75129593074 -2.00632638178 0.0554538955248 0.7797238057 0.769948648065
0.721 0.768506917219 7.58485925245 0.655395189447 0.558 0.741082394569 0.757398059494 0.76720692993 0.768506914903 0.774414772868 0.766568459227 -1.75512208283 -2.01012128974 0.0695281450773 0.778813928216 0.768945137013
0.7215 0.76750090888 7.57493034813 0.655385580083 0.557 0.740496608131 0.756530968489 0.766328609449 0.76750090613 0.773408919634 0.765689941214 -1.7589503205 -2.01391123791 0.0836352778793 0.777901989855 0.767939707415
0.722 0.766493006809 7.56498275341 0.655375970719 0.556 0.739910821694 0.755663877483 0.765450288967 0.766493003624 0.772401006064 0.764809508558 -1.76278065079 -2.01769621697 0.0977751063277 0.776987990616 0.766932361674
0.7225 0.765483213493 7.55501649285 0.655366361356 0.555 0.739325035256 0.754796786478 0.764571968486 0.765483209873 0.771391034354 0.763927160213 -1.76661308067 -2.02147621756 0.111947441921 0.7760719305 0.765923102203
0.723 0.764471531423 7.54503159104 0.655356751992 0.554 0.738739248818 0.753929695473 0.763693648005 0.764471527368 0.770379006714 0.763042895126 -1.77044761701 -2.02525123035 0.126152095258 0.775153809506 0.764911931418
0.7235 0.763457963096 7.53502807261 0.655347142628 0.553 0.738153462381 0.753062604467 0.762815327524 0.763457958606 0.76936492537 0.762156712244 -1.7742842666 -2.02902124605 0.140388876037 0.774233627634 0.76389885174
0.724 0.762442511011 7.52500596226 0.655337533265 0.552 0.737567675943 0.752195513462 0.761937007042 0.762442506087 0.768348792556 0.761268610506 -1.77812303618 -2.03278625533 0.154657593057 0.773311384885 0.762883865597
0.7245 0.761425177676 7.51496528469 0.655327923901 0.551 0.736981889506 0.751328422457 0.761058686561 0.761425172318 0.767330610523 0.760378588853 -1.78196393236 -2.03654624891 0.168958054214 0.772387081258 0.761866975422
0.725 0.7604059656 7.5049060647 0.655318314538 0.55 0.736396103068 0.750461331451 0.76018036608 0.760405959807 0.766310381533 0.759486646218 -1.78580696169 -2.04030121752 0.183290066503 0.771460716753 0.760848183653
0.7255 0.759384877298 7.4948283271 0.655308705174 0.549 0.73581031663 0.749594240446 0.759302045598 0.759384871071 0.765288107861 0.758592781535 -1.78965213063 -2.04405115189 0.197653436017 0.770532291371 0.759827492732
0.726 0.758361915289 7.48473209675 0.65529909581 0.548 0.735224530193 0.748727149441 0.758423725117 0.758361908629 0.764263791797 0.75769699373 -1.79349944556 -2.04779604277 0.212047967946 0.769601805111 0.75880490511
0.7265 0.757337082097 7.47461739857 0.655289486447 0.547 0.734638743755 0.747860058436 0.757545404636 0.757337075004 0.76323743564 0.75679928173 -1.79734891278 -2.05153588091 0.226473466578 0.768669257973 0.75778042324
0.727 0.756310380251 7.46448425752 0.655279877083 0.546 0.734052957317 0.74699296743 0.756667084155 0.756310372726 0.762209041708 0.755899644458 -1.80120053848 -2.05527065709 0.240929735293 0.767734649958 0.756754049583
0.7275 0.755281812285 7.45433269859 0.655270267719 0.545 0.73346717088 0.746125876425 0.755788763673 0.755281804328 0.761178612327 0.754998080831 -1.80505432879 -2.0590003621 0.255416576572 0.766797981065 0.755725786604
0.728 0.754251380736 7.44416274684 0.655260658356 0.544 0.732881384442 0.74525878542 0.754910443192 0.754251372347 0.76014614984 0.754094589767 -1.80891028975 -2.06272498673 0.269933791989 0.765859251294 0.754695636773
0.7285 0.753219088147 7.43397442736 0.655251048992 0.543 0.732295598005 0.744391694414 0.754032122711 0.753219079327 0.7591116566 0.753189170179 -1.8127684273 -2.06644452178 0.284481182211 0.764918460646 0.753663602567
0.729 0.752184937064 7.42376776528 0.655241439629 0.542 0.731709811567 0.743524603409 0.753153802229 0.752184927814 0.758075134976 0.752281820976 -1.8166287473 -2.0701589581 0.299058547003 0.76397560912 0.752629686468
0.7295 0.75114893004 7.4135427858 0.655231830265 0.541 0.731124025129 0.742657512404 0.752275481748 0.751148920361 0.757036587349 0.751372541067 -1.82049125552 -2.0738682865 0.313665685221 0.763030696716 0.751593890962
0.73 0.75011106963 7.40329951413 0.655222220901 0.54 0.730538238692 0.741790421399 0.751397161267 0.750111059523 0.755996016113 0.750461329355 -1.82435595765 -2.07757249783 0.328302394817 0.762083723435 0.750556218541
0.7305 0.749071358396 7.39303797556 0.655212611538 0.539 0.729952452254 0.740923330393 0.750518840785 0.749071347862 0.754953423677 0.749548184742 -1.82822285928 -2.08127158297 0.342968472835 0.761134689276 0.749516671705
0.731 0.748029798903 7.3827581954 0.655203002174 0.538 0.729366665816 0.740056239388 0.749640520304 0.748029787942 0.753908812462 0.748633106128 -1.83209196592 -2.08496553277 0.357663715412 0.760183594239 0.748475252955
0.7315 0.746986393721 7.37246019902 0.65519339281 0.537 0.728780879379 0.739189148383 0.748762199823 0.746986382334 0.752862184902 0.747716092408 -1.83596328298 -2.08865433812 0.372387917777 0.759230438325 0.747431964802
0.732 0.745941145424 7.36214401183 0.655183783447 0.536 0.728195092941 0.738322057377 0.747883879342 0.745941133613 0.751813543446 0.746797142476 -1.8398368158 -2.09233798994 0.387140874253 0.758275221533 0.746386809758
0.7325 0.744894056592 7.35180965928 0.655174174083 0.535 0.727609306503 0.737454966372 0.74700555886 0.744894044357 0.750762890556 0.745876255222 -1.8437125696 -2.09601647911 0.401922378254 0.757317943864 0.745339790345
0.733 0.743845129807 7.34145716687 0.65516456472 0.534 0.727023520066 0.736587875367 0.746127238379 0.74384511715 0.749710228707 0.744953429535 -1.84759054953 -2.09968979657 0.416732222286 0.756358605317 0.744290909086
0.7335 0.742794367659 7.33108656015 0.655154955356 0.533 0.726437733628 0.735720784361 0.745248917898 0.742794354581 0.748655560388 0.744028664301 -1.85147076066 -2.10335793326 0.431570197945 0.755397205892 0.743240168513
0.734 0.741741772739 7.32069786469 0.655145345992 0.532 0.725851947191 0.734853693356 0.744370597416 0.741741759241 0.747598888102 0.743101958402 -1.85535320793 -2.10702088012 0.44643609592 0.75443374559 0.742187571162
0.7345 0.740687347645 7.31029110615 0.655135736629 0.531 0.725266160753 0.733986602351 0.743492276935 0.740687333729 0.746540214365 0.742173310719 -1.85923789623 -2.11067862811 0.461329705991 0.753468224409 0.741133119573
0.735 0.739631094979 7.29986631018 0.655126127265 0.53 0.724680374315 0.733119511346 0.742613956454 0.739631080646 0.745479541707 0.741242720131 -1.86312483032 -2.11433116822 0.476250817027 0.752500642352 0.740076816294
0.7355 0.738573017346 7.28942350253 0.655116517901 0.529 0.724094587878 0.73225242034 0.741735635973 0.738573002599 0.74441687267 0.740310185514 -1.8670140149 -2.11797849142 0.49119921699 0.751530999416 0.739018663877
0.736 0.737513117358 7.27896270894 0.655106908538 0.528 0.72350880144 0.731385329335 0.740857315491 0.737513102197 0.743352209813 0.739375705741 -1.87090545456 -2.12162058872 0.50617469293 0.750559295603 0.737958664879
0.7365 0.73645139763 7.26848395524 0.655097299174 0.527 0.722923015002 0.73051823833 0.73997899501 0.736451382057 0.742285555706 0.738439279683 -1.87479915379 -2.12525745114 0.521177030988 0.749585530912 0.736896821865
0.737 0.735387860781 7.25798726727 0.655087689811 0.526 0.722337228565 0.729651147324 0.739100674529 0.735387844798 0.741216912935 0.737500906209 -1.87869511699 -2.12888906969 0.536206016397 0.748609705344 0.735833137401
0.7375 0.734322509436 7.24747267095 0.655078080447 0.525 0.721751442127 0.728784056319 0.738222354047 0.734322493044 0.740146284097 0.736560584188 -1.88259334849 -2.13251543542 0.551261433479 0.747631818898 0.734767614064
0.738 0.733255346223 7.2369401922 0.655068471083 0.524 0.72116565569 0.727916965314 0.737344033566 0.733255329424 0.739073671805 0.735618312482 -1.88649385249 -2.13613653938 0.566343065644 0.746651871574 0.733700254431
0.7385 0.732186373775 7.22638985703 0.65505886172 0.523 0.720579869252 0.727049874308 0.736465713085 0.732186356571 0.737999078686 0.734674089956 -1.8903966331 -2.13975237263 0.581450695394 0.745669863373 0.732631061088
0.739 0.73111559473 7.21582169145 0.655049252356 0.522 0.719994082814 0.726182783303 0.735587392603 0.731115577123 0.736922507379 0.733727915469 -1.89430169436 -2.14336292626 0.596584104321 0.744685794294 0.731560036626
0.7395 0.73004301173 7.20523572155 0.655039642992 0.521 0.719408296377 0.725315692298 0.734709072122 0.730042993722 0.735843960538 0.732779787881 -1.89820904019 -2.14696819136 0.611743073105 0.743699664338 0.730487183639
0.74 0.728968627421 7.19463197345 0.655030033629 0.52 0.718822509939 0.724448601293 0.733830751641 0.728968609014 0.734763440831 0.731829706047 -1.90211867442 -2.15056815902 0.626927381519 0.742711473503 0.729412504729
0.7405 0.727892444455 7.18401047332 0.655020424265 0.519 0.718236723501 0.723581510287 0.73295243116 0.727892425651 0.733680950941 0.730877668824 -1.90603060078 -2.15416282037 0.642136808423 0.741721221791 0.728336002504
0.741 0.726814465487 7.17337124734 0.655010814902 0.518 0.717650937064 0.722714419282 0.732074110678 0.726814446288 0.732596493563 0.729923675064 -1.9099448229 -2.15775216654 0.657371131768 0.740728909202 0.727257679574
0.7415 0.725734693176 7.16271432179 0.655001205538 0.517 0.717065150626 0.721847328277 0.731195790197 0.725734673585 0.731510071407 0.728967723618 -1.91386134432 -2.16133618867 0.672630128594 0.739734535734 0.726177538557
0.742 0.724653130187 7.15203972296 0.654991596174 0.516 0.716479364189 0.720980237271 0.730317469716 0.724653110205 0.730421687197 0.728009813336 -1.91778016848 -2.16491487792 0.687913575034 0.73873810139 0.725095582077
0.7425 0.723569779188 7.14134747717 0.654981986811 0.515 0.715893577751 0.720113146266 0.729439149234 0.723569758819 0.729331343671 0.727049943065 -1.92170129871 -2.16848822545 0.703221246309 0.737739606167 0.724011812762
0.743 0.722484642853 7.13063761082 0.654972377447 0.514 0.715307791313 0.719246055261 0.728560828753 0.722484622098 0.728239043582 0.726088111652 -1.92562473826 -2.17205622246 0.718552916729 0.736739050067 0.722926233245
0.7435 0.721397723859 7.11991015034 0.654962768083 0.513 0.714722004876 0.718378964255 0.727682508272 0.721397702721 0.727144789694 0.725124317942 -1.92955049027 -2.17561886013 0.733908359698 0.735736433089 0.721838846166
0.744 0.720309024888 7.10916512218 0.65495315872 0.512 0.714136218438 0.71751187325 0.726804187791 0.720309003369 0.726048584789 0.724158560776 -1.93347855777 -2.17917612968 0.749287347709 0.734731755233 0.720749654169
0.7445 0.719218548626 7.09840255286 0.654943549356 0.511 0.713550432 0.716644782245 0.725925867309 0.719218526729 0.724950431661 0.723190838997 -1.9374089437 -2.18272802233 0.764689652344 0.7337250165 0.719658659905
0.745 0.718126297763 7.08762246894 0.654933939993 0.51 0.712964645563 0.71577769124 0.725047546828 0.718126275491 0.72385033312 0.722221151446 -1.9413416509 -2.18627452931 0.78011504428 0.73271621689 0.71856586603
0.7455 0.717032274995 7.07682489702 0.654924330629 0.509 0.712378859125 0.714910600234 0.724169226347 0.71703225235 0.722748291986 0.721249496959 -1.94527668211 -2.18981564188 0.795563293283 0.731705356401 0.717471275203
0.746 0.715936483022 7.06600986373 0.654914721265 0.508 0.711793072688 0.714043509229 0.723290905865 0.715936460007 0.721644311099 0.720275874376 -1.94921403995 -2.1933513513 0.811034168212 0.730692435035 0.716374890092
0.7465 0.714838924546 7.05517739577 0.654905111902 0.507 0.71120728625 0.713176418224 0.722412585384 0.714838901164 0.720538393309 0.719300282531 -1.95315372697 -2.19688164884 0.826527437016 0.729677452791 0.715276713369
0.747 0.713739602276 7.04432751986 0.654895502538 0.506 0.710621499812 0.712309327218 0.721534264903 0.71373957853 0.719430541482 0.71832272026 -1.95709574558 -2.20040652579 0.842042866738 0.72866040967 0.714176747711
0.7475 0.712638518925 7.03346026277 0.654885893174 0.505 0.710035713375 0.711442236213 0.720655944421 0.712638494817 0.718320758497 0.717343186396 -1.96104009811 -2.20392597346 0.857580223515 0.727641305671 0.7130749958
0.748 0.711535677209 7.02257565132 0.654876283811 0.504 0.709449926937 0.710575145208 0.71977762394 0.711535652743 0.71720904725 0.716361679773 -1.96498678679 -2.20743998317 0.873139272575 0.726620140794 0.711971460325
0.7485 0.71043107985 7.01167371236 0.654866674447 0.503 0.708864140499 0.709708054202 0.718899303459 0.710431055028 0.716095410648 0.71537819922 -1.96893581372 -2.21094854623 0.888719778239 0.72559691504 0.71086614398
0.749 0.709324729572 7.00075447279 0.654857065084 0.502 0.708278354062 0.708840963197 0.718020982978 0.709324704399 0.714979851615 0.714392743569 -1.97288718093 -2.21445165399 0.904321503926 0.724571628408 0.709759049463
0.7495 0.708216629106 6.98981795955 0.65484745572 0.501 0.707692567624 0.707973872192 0.717142662496 0.708216603584 0.713862373088 0.713405311649 -1.97684089032 -2.21794929782 0.919944212144 0.723544280898 0.708650179478
0.75 0.707106781187 6.97886419964 0.654837846356 0.5 0.707106781187 0.707106781187 0.716264342015 0.707106755318 0.712742978019 0.712415902288 -1.98079694369 -2.22144146908 0.935587664501 0.722514872511 0.707539536737
0.7505 0.705995188551 6.96789322007 0.654828236993 0.499 0.705692567624 0.705809087791 0.714949842521 0.70599516234 0.711621669373 0.711424514314 -1.98475534273 -2.22492815915 0.951251621698 0.721483403246 0.706427123954
0.751 0.704881853942 6.95690504792 0.654818627629 0.498 0.704278354062 0.704511394396 0.713635343027 0.704881827392 0.710498450132 0.710431146554 -1.98871608904 -2.22840935943 0.966935843533 0.720449873103 0.705312943851
0.7515 0.703766780108 6.94589971029 0.654809018265 0.497 0.702864140499 0.703213701001 0.712320843534 0.703766753222 0.709373323291 0.709435797834 -1.9926791841 -2.23188506134 0.982640088899 0.719414282083 0.704196999152
0.752 0.702649969799 6.93487723435 0.654799408902 0.496 0.701449926937 0.701916007605 0.71100634404 0.70264994258 0.708246291858 0.708438466978 -1.99664462928 -2.23535525629 0.998364115789 0.718376630185 0.703079292591
0.7525 0.701531425771 6.92383764729 0.654789799538 0.495 0.700035713375 0.70061831421 0.709691844546 0.701531398223 0.707117358859 0.707439152812 -2.00061242585 -2.23881993572 1.01410768129 0.717336917409 0.701959826903
0.753 0.700411150784 6.91278097635 0.654780190175 0.494 0.698621499812 0.699320620815 0.708377345052 0.700411122911 0.705986527332 0.70643785416 -2.00458257498 -2.24227909109 1.0298705416 0.716295143756 0.700838604832
0.7535 0.699289147602 6.90170724881 0.654770580811 0.493 0.69720728625 0.69802292742 0.707062845559 0.699289119407 0.704853800329 0.705434569845 -2.0085550777 -2.24573271385 1.04565245199 0.715251309225 0.699715629126
0.754 0.698165418993 6.89061649199 0.654760971447 0.492 0.695793072688 0.696725234024 0.705748346065 0.698165390481 0.703719180919 0.70442929869 -2.01252993497 -2.2491807955 1.06145316686 0.714205413817 0.698590902538
0.7545 0.697039967731 6.87950873326 0.654751362084 0.491 0.694378859125 0.695427540629 0.704433846571 0.697039938904 0.702582672184 0.703422039518 -2.01650714762 -2.25262332751 1.07727243969 0.71315745753 0.697464427827
0.755 0.695912796592 6.86838400002 0.65474175272 0.49 0.692964645563 0.694129847234 0.703119347077 0.695912767454 0.70144427722 0.70241279115 -2.02048671637 -2.2560603014 1.09311002309 0.712107440366 0.696336207757
0.7555 0.694783908358 6.85724231973 0.654732143356 0.489 0.691550432 0.692832153838 0.701804847584 0.694783878913 0.700303999139 0.701401552408 -2.02446864183 -2.25949170869 1.10896566872 0.711055362325 0.695206245098
0.756 0.693653305813 6.84608371988 0.654722533993 0.488 0.690136218438 0.691534460443 0.70049034809 0.693653276065 0.699161841067 0.700388322115 -2.02845292451 -2.2629175409 1.12483912741 0.710001223406 0.694074542625
0.7565 0.692520991747 6.834908228 0.654712924629 0.487 0.688722004876 0.690236767048 0.699175848596 0.692520961701 0.698017806146 0.699373099091 -2.03243956479 -2.26633778959 1.14073014904 0.708945023609 0.692941103119
0.757 0.691386968955 6.82371587166 0.654703315266 0.486 0.687307791313 0.688939073653 0.697861349102 0.691386938614 0.696871897529 0.698355882157 -2.03642856296 -2.26975244632 1.15663848261 0.707886762935 0.691805929365
0.7575 0.690251240234 6.81250667848 0.654693705902 0.485 0.685893577751 0.687641380257 0.696546849608 0.690251209602 0.695724118387 0.697336670135 -2.04041991918 -2.27316150266 1.17256387625 0.706826441382 0.690669024156
0.758 0.689113808387 6.80128067611 0.654684096538 0.484 0.684479364189 0.686343686862 0.695232350115 0.689113777468 0.694574471906 0.696315461845 -2.04441363351 -2.2765649502 1.18850607717 0.705764058953 0.689530390288
0.7585 0.68797467622 6.79003789226 0.654674487175 0.483 0.683065150626 0.685045993467 0.693917850621 0.687974645018 0.693422961283 0.695292256108 -2.0484097059 -2.27996278054 1.2044648317 0.704699615645 0.688390030563
0.759 0.686833846544 6.77877835467 0.654664877811 0.482 0.681650937064 0.683748300071 0.692603351127 0.686833815064 0.692269589734 0.694267051746 -2.05240813616 -2.2833549853 1.22043988526 0.70363311146 0.68724794779
0.7595 0.685691322174 6.76750209112 0.654655268447 0.481 0.680236723501 0.682450606676 0.691288851633 0.685691290419 0.691114360488 0.693239847579 -2.05640892402 -2.2867415561 1.23643098242 0.702564546397 0.686104144781
0.76 0.684547105929 6.75620912943 0.654645659084 0.48 0.678822509939 0.681152913281 0.68997435214 0.684547073904 0.689957276787 0.692210642429 -2.06041206908 -2.2901224846 1.25243786682 0.701493920457 0.684958624355
0.7605 0.683401200631 6.74489949746 0.65463604972 0.479 0.677408296377 0.679855219886 0.688659852646 0.683401168341 0.688798341891 0.691179435118 -2.06441757083 -2.29349776246 1.26846028124 0.700421233639 0.683811389337
0.761 0.682253609109 6.73357322313 0.654626440357 0.478 0.675994082814 0.67855752649 0.687345353152 0.682253576558 0.687637559072 0.690146224466 -2.06842542863 -2.29686738133 1.28449796756 0.699346485943 0.682662442555
0.7615 0.681104334195 6.72223033437 0.654616830993 0.477 0.674579869252 0.677259833095 0.686030853658 0.681104301386 0.686474931618 0.689111009296 -2.07243564175 -2.30023133291 1.30055066678 0.69826967737 0.681511786845
0.762 0.679953378722 6.71087085917 0.654607221629 0.476 0.67316565569 0.6759621397 0.684716354165 0.679953345662 0.685310462833 0.688073788432 -2.07644820933 -2.3035896089 1.31661811901 0.697190807919 0.680359425047
0.7625 0.678800745533 6.69949482557 0.654597612266 0.475 0.671751442127 0.674664446304 0.683401854671 0.678800712225 0.684144156033 0.687034560695 -2.08046313039 -2.30694220101 1.33270006348 0.69610987759 0.679205360007
0.763 0.67764643747 6.68810226164 0.654588002902 0.474 0.670337228565 0.673366752909 0.682087355177 0.677646403919 0.682976014551 0.685993324909 -2.08448040383 -2.31028910097 1.34879623855 0.695026886384 0.678049594576
0.7635 0.676490457382 6.67669319547 0.654578393538 0.473 0.668923015002 0.672069059514 0.680772855683 0.676490423592 0.681806041735 0.684950079899 -2.08850002846 -2.31363030052 1.36490638169 0.6939418343 0.676892131611
0.764 0.675332808121 6.66526765523 0.654568784175 0.472 0.66750880144 0.670771366119 0.679458356189 0.675332774098 0.680634240946 0.683904824489 -2.09252200295 -2.31696579142 1.38103022948 0.692854721339 0.675732973974
0.7645 0.674173492543 6.6538256691 0.654559174811 0.471 0.666094587878 0.669473672723 0.678143856696 0.674173458291 0.679460615561 0.682857557505 -2.09654632585 -2.32029556543 1.39716751765 0.691765547499 0.674572124533
0.765 0.67301251351 6.64236726532 0.654549565448 0.47 0.664680374315 0.668175979328 0.676829357202 0.673012479033 0.678285168972 0.681808277772 -2.1005729956 -2.32361961435 1.41331798104 0.690674312783 0.67340958616
0.7655 0.671849873885 6.63089247216 0.654539956084 0.469 0.663266160753 0.666878285933 0.675514857708 0.671849839189 0.677107904585 0.680756984118 -2.10460201051 -2.32693792997 1.4294813536 0.689581017188 0.672245361735
0.766 0.670685576537 6.61940131793 0.65453034672 0.468 0.661851947191 0.665580592537 0.674200358214 0.670685541627 0.675928825823 0.679703675371 -2.1086333688 -2.3302505041 1.44565736844 0.688485660716 0.67107945414
0.7665 0.669519624339 6.60789383099 0.654520737357 0.467 0.660437733628 0.664282899142 0.672885858721 0.669519589219 0.674747936121 0.678648350359 -2.11266706854 -2.33355732856 1.46184575778 0.687388243366 0.669911866266
0.767 0.668352020168 6.59637003973 0.654511127993 0.466 0.659023520066 0.662985205747 0.671571359227 0.668351984844 0.673565238931 0.677591007913 -2.11670310769 -2.33685839521 1.47804625296 0.686288765138 0.668742601007
0.7675 0.667182766905 6.58482997257 0.654501518629 0.465 0.657609306503 0.661687512352 0.670256859733 0.667182731381 0.672380737719 0.676531646862 -2.12074148409 -2.34015369589 1.49425858448 0.685187226033 0.667571661263
0.768 0.666011867434 6.57327365801 0.654491909266 0.464 0.656195092941 0.660389818956 0.668942360239 0.666011831716 0.671194435966 0.675470266039 -2.12478219547 -2.34344322247 1.51048248195 0.68408362605 0.66639904994
0.7685 0.664839324646 6.56170112454 0.654482299902 0.463 0.654780879379 0.659092125561 0.667627860745 0.664839288738 0.670006337169 0.674406864278 -2.12882523941 -2.34672696685 1.52671767413 0.68297796519 0.665224769949
0.769 0.663665141432 6.55011240073 0.654472690539 0.462 0.653366665816 0.657794432166 0.666313361252 0.663665105341 0.668816444838 0.673341440412 -2.13287061341 -2.3500049209 1.54296388891 0.681870243452 0.664048824207
0.7695 0.662489320691 6.53850751517 0.654463081175 0.461 0.651952452254 0.65649673877 0.664998861758 0.662489284421 0.6676247625 0.672273993276 -2.1369183148 -2.35327707655 1.55922085333 0.680760460836 0.662871215635
0.77 0.661311865324 6.52688649649 0.654453471811 0.46 0.650538238692 0.655199045375 0.663684362264 0.661311828879 0.666431293694 0.671204521709 -2.14096834083 -2.35654342573 1.57548829354 0.679648617343 0.661691947161
0.7705 0.660132778235 6.51524937337 0.654443862448 0.459 0.649124025129 0.65390135198 0.66236986277 0.660132741622 0.665236041978 0.670133024549 -2.14502068861 -2.35980396037 1.59176593488 0.678534712972 0.660511021718
0.771 0.658952062334 6.50359617452 0.654434253084 0.458 0.647709811567 0.652603658585 0.661055363277 0.658952025558 0.664039010922 0.669059500634 -2.14907535511 -2.36305867242 1.60805350181 0.677418747723 0.659328442243
0.7715 0.657769720534 6.49192692869 0.65442464372 0.457 0.646295598005 0.651305965189 0.659740863783 0.6577696836 0.662840204112 0.667983948808 -2.15313233722 -2.36630755387 1.62435071792 0.676300721597 0.658144211681
0.772 0.656585755753 6.48024166467 0.654415034357 0.456 0.644881384442 0.650008271794 0.658426364289 0.656585718667 0.661639625148 0.666906367912 -2.15719163165 -2.36955059668 1.64065730597 0.675180634592 0.656958332981
0.7725 0.655400170912 6.46854041131 0.654405424993 0.455 0.64346717088 0.648710578399 0.657111864795 0.655400133679 0.660437277646 0.665826756791 -2.16125323504 -2.37278779287 1.65697298788 0.674058486711 0.655770809097
0.773 0.654212968936 6.45682319746 0.65439581563 0.454 0.642052957317 0.647412885003 0.655797365302 0.654212931562 0.659233165238 0.664745114292 -2.16531714386 -2.37601913443 1.67329748471 0.672934277951 0.654581642989
0.7735 0.653024152754 6.44509005204 0.654386206266 0.453 0.640638743755 0.646115191608 0.654482865808 0.653024115244 0.658027291568 0.663661439264 -2.16938335449 -2.37924461341 1.68963051666 0.671808008314 0.653390837623
0.774 0.651833725301 6.43334100401 0.654376596902 0.452 0.639224530193 0.644817498213 0.653168366314 0.65183368766 0.656819660298 0.662575730555 -2.17345186316 -2.38246422183 1.70597180312 0.6706796778 0.652198395969
0.7745 0.650641689512 6.42157608234 0.654366987539 0.451 0.63781031663 0.643519804818 0.65185386682 0.650641651747 0.655610275103 0.661487987018 -2.17752266598 -2.38567795177 1.72232106261 0.669549286408 0.651004321004
0.775 0.64944804833 6.40979531608 0.654357378175 0.45 0.636396103068 0.642222111422 0.650539367326 0.649448010446 0.654399139674 0.660398207507 -2.18159575894 -2.38888579527 1.73867801283 0.668416834138 0.64980861571
0.7755 0.648252804699 6.39799873428 0.654347768811 0.449 0.634981889506 0.640924418027 0.649224867833 0.648252766701 0.653186257716 0.659306390878 -2.18567113791 -2.39208774445 1.75504237064 0.66728232099 0.648611283073
0.776 0.647055961569 6.38618636606 0.654338159448 0.448 0.633567675943 0.639626724632 0.647910368339 0.647055923464 0.651971632951 0.658212535989 -2.1897487986 -2.39528379138 1.77141385206 0.666145746965 0.647412326087
0.7765 0.645857521893 6.37435824055 0.654328550084 0.447 0.632153462381 0.638329031236 0.646595868845 0.645857483685 0.650755269114 0.6571166417 -2.19382873664 -2.39847392819 1.78779217228 0.665007112062 0.64621174775
0.777 0.644657488628 6.36251438695 0.654318940721 0.446 0.630739248818 0.637031337841 0.645281369351 0.644657450323 0.649537169956 0.656018706874 -2.19791094749 -2.401658147 1.80417704568 0.663866416281 0.645009551064
0.7775 0.643455864734 6.35065483448 0.654309331357 0.445 0.629325035256 0.635733644446 0.643966869858 0.643455826339 0.648317339242 0.654918730375 -2.2019954265 -2.40483643996 1.82056818578 0.662723659623 0.643805739039
0.778 0.642252653177 6.3387796124 0.654299721993 0.444 0.627910821694 0.634435951051 0.642652370364 0.642252614697 0.647095780753 0.65381671107 -2.20608216889 -2.40800879922 1.83696530531 0.661578842087 0.642600314689
0.7785 0.641047856925 6.32688875001 0.65429011263 0.443 0.626496608131 0.633138257655 0.64133787087 0.641047818367 0.645872498285 0.652712647829 -2.21017116976 -2.41117521696 1.85336811616 0.660431963674 0.641393281035
0.779 0.639841478951 6.31498227666 0.654280503266 0.442 0.625082394569 0.63184056426 0.640023371376 0.63984144032 0.644647495649 0.651606539525 -2.21426242406 -2.41433568537 1.8697763294 0.659283024383 0.6401846411
0.7795 0.638633522232 6.30306022171 0.654270893902 0.441 0.623668181007 0.630542870865 0.638708871883 0.638633483534 0.64342077667 0.65049838503 -2.21835592662 -2.41749019664 1.88618965529 0.658132024214 0.638974397916
0.78 0.637423989749 6.29112261458 0.654261284539 0.44 0.622253967444 0.629245177469 0.637394372389 0.637423950989 0.64219234519 0.649388183224 -2.22245167215 -2.420638743 1.90260780327 0.656978963167 0.63776255452
0.7805 0.636212884485 6.27916948474 0.654251675175 0.439 0.620839753882 0.627947484074 0.636079872895 0.63621284567 0.640962205063 0.648275932985 -2.2265496552 -2.42378131667 1.91903048198 0.655823841243 0.636549113951
0.781 0.635000209429 6.26720086167 0.654242065812 0.438 0.619425540319 0.626649790679 0.634765373401 0.635000170565 0.639730360161 0.647161633197 -2.23064987024 -2.4269179099 1.93545739925 0.654666658441 0.635334079259
0.7815 0.633785967573 6.25521677491 0.654232456448 0.437 0.618011326757 0.625352097284 0.633450873907 0.633785928666 0.638496814369 0.646045282744 -2.23475231155 -2.43004851495 1.9518882621 0.653507414762 0.634117453494
0.782 0.632570161913 6.24321725402 0.654222847084 0.436 0.616597113195 0.624054403888 0.632136374414 0.63257012297 0.637261571588 0.644926880515 -2.23885697331 -2.4331731241 1.96832277675 0.652346110205 0.632899239715
0.7825 0.631352795449 6.23120232861 0.654213237721 0.435 0.615182899632 0.622756710493 0.63082187492 0.631352756475 0.636024635734 0.643806425402 -2.24296384957 -2.43629172964 1.98476064861 0.65118274477 0.631679440985
0.783 0.630133871185 6.21917202833 0.654203628357 0.434 0.61376868607 0.621459017098 0.629507375426 0.630133832186 0.634786010737 0.642683916298 -2.24707293423 -2.43940432387 2.00120158232 0.650017318458 0.630458060373
0.7835 0.628913392129 6.20712638286 0.654194018993 0.433 0.612354472508 0.620161323702 0.628192875932 0.628913353111 0.633545700543 0.6415593521 -2.25118422108 -2.44251089911 2.0176452817 0.648849831268 0.629235100952
0.784 0.627691361291 6.19506542192 0.65418440963 0.432 0.610940258945 0.618863630307 0.626878376439 0.62769132226 0.632303709114 0.640432731711 -2.25529770376 -2.4456114477 2.0340914498 0.6476802832 0.628010565803
0.7845 0.626467781687 6.18298917528 0.654174800266 0.431 0.609526045383 0.617565936912 0.625563876945 0.62646774265 0.631060040424 0.639304054032 -2.25941337577 -2.44870596199 2.05053978886 0.646508674255 0.626784458011
0.785 0.625242656336 6.17089767272 0.654165190903 0.43 0.60811183182 0.616268243517 0.624249377451 0.625242617299 0.629814698463 0.638173317971 -2.26353123049 -2.45179443433 2.06699000036 0.645335004432 0.625556780665
0.7855 0.624015988261 6.15879094409 0.654155581539 0.429 0.606697618258 0.614970550121 0.622934877957 0.62401594923 0.628567687239 0.637040522439 -2.26765126117 -2.45487685712 2.08344178498 0.644159273731 0.624327536863
0.786 0.622787780488 6.14666901925 0.654145972175 0.428 0.605283404696 0.613672856726 0.621620378464 0.622787741469 0.627319010771 0.635905666348 -2.2717734609 -2.45795322274 2.09989484264 0.642981482153 0.623096729704
0.7865 0.621558036049 6.13453192812 0.654136362812 0.427 0.603869191133 0.612375163331 0.62030587897 0.621557997048 0.626068673094 0.634768748617 -2.27589782266 -2.46102352361 2.11634887247 0.641801629697 0.621864362297
0.787 0.620326757977 6.12237970064 0.654126753448 0.426 0.602454977571 0.611077469935 0.618991379476 0.620326719001 0.624816678259 0.633629768167 -2.28002433929 -2.46408775215 2.13280357284 0.640619716363 0.620630437753
0.7875 0.61909394931 6.1102123668 0.654117144084 0.425 0.601040764009 0.60977977654 0.617676879982 0.619093910365 0.623563030332 0.63248872392 -2.28415300348 -2.46714590079 2.14925864136 0.639435742152 0.61939495919
0.788 0.61785961309 6.09802995661 0.654107534721 0.424 0.599626550446 0.608482083145 0.616362380488 0.617859574183 0.622307733393 0.631345614806 -2.2882838078 -2.470197962 2.16571377484 0.638249707063 0.61815792973
0.7885 0.616623752364 6.08583250014 0.654097925357 0.423 0.598212336884 0.60718438975 0.615047880995 0.6166237135 0.621050791536 0.630200439757 -2.29241674466 -2.47324392824 2.18216866937 0.637061611097 0.616919352503
0.789 0.615386370179 6.07362002749 0.654088315994 0.422 0.596798123321 0.605886696354 0.613733381501 0.615386331366 0.619792208873 0.629053197708 -2.29655180637 -2.476283792 2.19862302026 0.635871454252 0.615679230643
0.7895 0.61414746959 6.06139256878 0.65407870663 0.421 0.595383909759 0.604589002959 0.612418882007 0.614147430833 0.618531989528 0.627903887598 -2.30068898507 -2.47931754577 2.21507652208 0.634679236531 0.614437567288
0.79 0.612907053653 6.04915015419 0.654069097266 0.42 0.593969696197 0.603291309564 0.611104382513 0.612907014959 0.61727013764 0.626752508371 -2.30482827278 -2.48234518208 2.23152886863 0.633484957931 0.613194365583
0.7905 0.611665125429 6.03689281392 0.654059487903 0.419 0.592555482634 0.601993616168 0.60978988302 0.611665086804 0.616006657366 0.625599058975 -2.30896966136 -2.48536669344 2.247979753 0.632288618454 0.61194962868
0.791 0.610421687982 6.02462057822 0.654049878539 0.418 0.591141269072 0.600695922773 0.608475383526 0.610421649432 0.614741552874 0.624443538361 -2.31311314257 -2.48838207241 2.26442886749 0.631090218099 0.610703359733
0.7915 0.60917674438 6.01233347737 0.654040269175 0.417 0.58972705551 0.599398229378 0.607160884032 0.609176705912 0.613474828349 0.623285945485 -2.31725870799 -2.49139131154 2.28087590371 0.629889756867 0.609455561904
0.792 0.607930297695 6.00003154168 0.654030659812 0.416 0.588312841947 0.598100535983 0.605846384538 0.607930259315 0.61220648799 0.622126279307 -2.32140634908 -2.49439440341 2.29732055249 0.628687234756 0.608206238359
0.7925 0.606682351002 5.98771480151 0.654021050448 0.415 0.586898628385 0.596802842587 0.604531885044 0.606682312717 0.610936536012 0.620964538791 -2.32555605716 -2.49739134061 2.31376250396 0.627482651769 0.606955392271
0.793 0.605432907381 5.97538328725 0.654011441085 0.414 0.585484414822 0.595505149192 0.603217385551 0.605432869198 0.609664976643 0.619800722907 -2.32970782342 -2.50038211575 2.33020144752 0.626276007903 0.605703026816
0.7935 0.604181969914 5.96303702933 0.654001831721 0.413 0.58407020126 0.594207455797 0.601902886057 0.604181931839 0.608391814128 0.618634830626 -2.33386163889 -2.50336672144 2.34663707183 0.62506730316 0.604449145177
0.794 0.602929541689 5.9506760582 0.653992222357 0.412 0.582655987698 0.592909762401 0.600588386563 0.602929503727 0.607117052725 0.617466860928 -2.33801749446 -2.50634515033 2.36306906485 0.623856537539 0.603193750544
0.7945 0.601675625795 5.93830040437 0.653982612994 0.411 0.581241774135 0.591612069006 0.599273887069 0.601675587953 0.605840696708 0.616296812793 -2.34217538091 -2.50931739506 2.37949711381 0.622643711041 0.601936846109
0.795 0.600420225326 5.92591009838 0.65397300363 0.41 0.579827560573 0.590314375611 0.597959387576 0.600420187611 0.604562750365 0.61512468521 -2.34633528883 -2.51228344829 2.39592090525 0.621428823665 0.600678435072
0.7955 0.59916334338 5.91350517079 0.653963394266 0.409 0.578413347011 0.589016682216 0.596644888082 0.599163305798 0.603283217998 0.613950477169 -2.35049720871 -2.51524330272 2.41234012497 0.620211875411 0.599418520638
0.796 0.597904983058 5.90108565222 0.653953784903 0.408 0.576999133448 0.58771898882 0.595330388588 0.597904945616 0.602002103926 0.612774187668 -2.35466113088 -2.51819695103 2.4287544581 0.61899286628 0.598157106016
0.7965 0.596645147464 5.8886515733 0.653944175539 0.407 0.575584919886 0.586421295425 0.594015889094 0.596645110169 0.600719412481 0.611595815706 -2.35882704553 -2.52114438594 2.44516358905 0.617771796271 0.596894194422
0.797 0.595383839708 5.87620296472 0.653934566176 0.406 0.574170706323 0.58512360203 0.592701389601 0.595383802565 0.59943514801 0.610415360292 -2.3629949427 -2.52408560018 2.46156720157 0.616548665384 0.595629789077
0.7975 0.594121062902 5.8637398572 0.653924956812 0.405 0.572756492761 0.583825908634 0.591386890107 0.594121025918 0.598149314875 0.609232820435 -2.3671648123 -2.52702058649 2.47796497867 0.61532347362 0.594363893207
0.798 0.592856820161 5.85126228148 0.653915347448 0.404 0.571342279199 0.582528215239 0.590072390613 0.592856783343 0.596861917453 0.608048195152 -2.3713366441 -2.52994933763 2.49435660271 0.614096220978 0.593096510045
0.7985 0.591591114605 5.83877026835 0.653905738085 0.403 0.569928065636 0.581230521844 0.588757891119 0.591591077958 0.595572960134 0.606861483465 -2.3755104277 -2.53287184637 2.51074175537 0.612866907459 0.591827642827
0.799 0.590323949356 5.82626384864 0.653896128721 0.402 0.568513852074 0.579932828449 0.587443391625 0.590323912888 0.594282447325 0.605672684401 -2.37968615259 -2.5357881055 2.52712011765 0.611635533061 0.590557294795
0.7995 0.589055327542 5.81374305319 0.653886519357 0.401 0.567099638512 0.578635135053 0.586128892132 0.589055291258 0.592990383446 0.604481796991 -2.38386380809 -2.53869810782 2.54349136986 0.610402097786 0.589285469199
0.8 0.587785252292 5.80120791292 0.653876909994 0.4 0.565685424949 0.577337441658 0.584814392638 0.5877852162 0.591696772933 0.603288820273 -2.38804338338 -2.54160184616 2.55985519168 0.609166601634 0.588012169292
0.8005 0.586513726741 5.78865845874 0.65386730063 0.399 0.564271211387 0.576039748263 0.583499893144 0.586513690846 0.590401620234 0.60209375329 -2.39222486752 -2.54449931335 2.57621126209 0.607929044604 0.586737398332
0.801 0.585240754026 5.77609472163 0.653857691267 0.398 0.562856997824 0.574742054867 0.58218539365 0.585240718334 0.589104929815 0.600896595089 -2.39640824938 -2.54739050224 2.59255925944 0.606689426696 0.585461159585
0.8015 0.583966337286 5.76351673257 0.653848081903 0.397 0.561442784262 0.573444361472 0.580870894157 0.583966301806 0.587806706154 0.599697344726 -2.40059351772 -2.55027540569 2.60889886142 0.60544774791 0.584183456319
0.802 0.582690479669 5.75092452261 0.653838472539 0.396 0.5600285707 0.572146668077 0.579556394663 0.582690444404 0.586506953744 0.598496001259 -2.40478066115 -2.5531540166 2.62522974507 0.604204008247 0.582904291811
0.8025 0.58141318432 5.73831812281 0.653828863176 0.395 0.558614357137 0.570848974682 0.578241895169 0.581413149279 0.585205677093 0.597292563754 -2.40896966812 -2.55602632785 2.6415515868 0.602958207706 0.581623669341
0.803 0.580134454392 5.72569756429 0.653819253812 0.394 0.557200143575 0.569551281286 0.576927395675 0.58013441958 0.583902880724 0.596087031282 -2.41316052694 -2.55889233236 2.65786406236 0.601710346288 0.580341592194
0.8035 0.57885429304 5.71306287817 0.653809644448 0.393 0.555785930013 0.568253587891 0.575612896182 0.578854258464 0.582598569173 0.59487940292 -2.41735322578 -2.56175202306 2.6741668469 0.600460423992 0.579058063664
0.804 0.577572703422 5.70041409565 0.653800035085 0.392 0.55437171645 0.566955894496 0.574298396688 0.577572669088 0.581292746992 0.593669677752 -2.42154775264 -2.56460539289 2.69045961491 0.599208440818 0.577773087046
0.8045 0.576289688702 5.68775124791 0.653790425721 0.391 0.552957502888 0.5656582011 0.572983897194 0.576289654616 0.579985418747 0.592457854865 -2.42574409542 -2.56745243481 2.70674204028 0.597954396766 0.576486665644
0.805 0.575005252043 5.67507436622 0.653780816358 0.39 0.551543289326 0.564360507705 0.5716693977 0.575005218212 0.578676589017 0.591243933356 -2.42994224182 -2.5702931418 2.72301379628 0.596698291837 0.575198802764
0.8055 0.573719396617 5.66238348184 0.653771206994 0.389 0.550129075763 0.56306281431 0.570354898206 0.573719363046 0.577366262397 0.590027912325 -2.43414217941 -2.57312750684 2.73927455557 0.595440126031 0.573909501722
0.806 0.572432125595 5.64967862609 0.65376159763 0.388 0.548714862201 0.561765120915 0.569040398713 0.572432092291 0.576054443496 0.58880979088 -2.43834389564 -2.57595552295 2.7555239902 0.594179899346 0.572618765834
0.8065 0.571143442153 5.63695983033 0.653751988267 0.387 0.547300648638 0.560467427519 0.567725899219 0.571143409123 0.574741136937 0.587589568135 -2.44254737776 -2.57877718315 2.77176177161 0.592917611784 0.571326598426
0.807 0.569853349472 5.62422712592 0.653742378903 0.386 0.545886435076 0.559169734124 0.566411399725 0.569853316721 0.573426347358 0.58636724321 -2.44675261292 -2.58159248046 2.78798757067 0.591653263345 0.570033002827
0.8075 0.568561850734 5.6114805443 0.653732769539 0.385 0.544472221514 0.557872040729 0.565096900231 0.568561818269 0.57211007941 0.585142815232 -2.4509595881 -2.58440140796 2.80420105764 0.590386854027 0.568737982373
0.808 0.567268949127 5.5987201169 0.653723160176 0.384 0.543058007951 0.556574347333 0.563782400738 0.567268916953 0.570792337759 0.583916283334 -2.45516829011 -2.5872039587 2.82040190221 0.589118383832 0.567441540403
0.8085 0.56597464784 5.58594587522 0.653713550812 0.383 0.541643794389 0.555276653938 0.562467901244 0.565974615964 0.569473127086 0.582687646656 -2.45937870565 -2.59000012577 2.83658977348 0.58784785276 0.566143680264
0.809 0.564678950066 5.57315785077 0.653703941449 0.382 0.540229580827 0.553978960543 0.56115340175 0.564678918495 0.568152452085 0.581456904345 -2.46359082125 -2.59278990228 2.85276433999 0.586575260809 0.564844405307
0.8095 0.563381859003 5.56035607511 0.653694332085 0.381 0.538815367264 0.552681267148 0.559838902256 0.563381827742 0.566830317465 0.580224055554 -2.46780462328 -2.59557328133 2.86892526971 0.585300607981 0.563543718889
0.81 0.562083377852 5.54754057983 0.653684722721 0.38 0.537401153702 0.551383573752 0.558524402763 0.562083346907 0.565506727949 0.578989099443 -2.47202009798 -2.59835025607 2.88507223004 0.584023894276 0.562241624373
0.8105 0.560783509816 5.53471139654 0.653675113358 0.379 0.535986940139 0.550085880357 0.557209903269 0.560783479193 0.564181688273 0.577752035179 -2.47623723142 -2.60112081963 2.90120488783 0.582745119692 0.560938125125
0.811 0.559482258102 5.5218685569 0.653665503994 0.378 0.534572726577 0.548788186962 0.555895403775 0.559482227807 0.562855203188 0.576512861937 -2.48045600954 -2.60388496519 2.91732290939 0.581464284232 0.55963322452
0.8115 0.558179625922 5.50901209259 0.65365589463 0.377 0.533158513015 0.547490493566 0.554580904281 0.55817959596 0.561527277461 0.575271578898 -2.48467641812 -2.60664268592 2.93342596048 0.580181387893 0.558326925935
0.812 0.556875616488 5.49614203535 0.653646285267 0.376 0.531744299452 0.546192800171 0.553266404787 0.556875586867 0.560197915869 0.57402818525 -2.48889844278 -2.60939397502 2.94951370632 0.578896430677 0.557019232755
0.8125 0.55557023302 5.48325841692 0.653636675903 0.375 0.53033008589 0.544895106776 0.551951905294 0.555570203744 0.558867123206 0.572782680188 -2.493122069 -2.61213882569 2.96558581161 0.577609412583 0.555710148369
0.813 0.554263478737 5.4703612691 0.65362706654 0.374 0.528915872328 0.543597413381 0.5506374058 0.554263449813 0.557534904279 0.571535062916 -2.49734728209 -2.61487723118 2.98164194052 0.576320333611 0.554399676172
0.8135 0.552955356864 5.45745062371 0.653617457176 0.373 0.527501658765 0.542299719985 0.549322906306 0.552955328297 0.556201263909 0.570285332644 -2.50157406724 -2.61760918471 2.99768175669 0.575029193762 0.553087819564
0.814 0.551645870628 5.4445265126 0.653607847812 0.372 0.526087445203 0.54100202659 0.548008406812 0.551645842425 0.554866206932 0.56903348859 -2.50580240945 -2.62033467956 3.01370492327 0.573735993035 0.551774581952
0.8145 0.550335023262 5.43158896766 0.653598238449 0.371 0.52467323164 0.539704333195 0.546693907319 0.550334995428 0.553529738195 0.567779529978 -2.5100322936 -2.62305370899 3.02971110289 0.572440731431 0.550459966745
0.815 0.549022817998 5.41863802081 0.653588629085 0.37 0.523259018078 0.538406639799 0.545379407825 0.549022790539 0.552191862562 0.566523456042 -2.5142637044 -2.62576626629 3.04569995769 0.571143408949 0.549143977362
0.8155 0.547709258075 5.40567370402 0.653579019721 0.369 0.521844804516 0.537108946404 0.544064908331 0.547709230996 0.55085258491 0.565265266022 -2.51849662641 -2.62847234478 3.0616711493 0.569844025589 0.547826617224
0.816 0.546394346734 5.39269604926 0.653569410358 0.368 0.520430590953 0.535811253009 0.542750408837 0.546394320041 0.549511910128 0.564004959166 -2.52273104403 -2.63117193777 3.07762433889 0.568542581352 0.546507889759
0.8165 0.54507808722 5.37970508856 0.653559800994 0.367 0.519016377391 0.534513559614 0.541435909343 0.545078060917 0.548169843121 0.562742534731 -2.52696694152 -2.63386503861 3.09355918712 0.567239076237 0.545187798399
0.817 0.543760482779 5.36670085397 0.653550191631 0.366 0.517602163829 0.533215866218 0.54012140985 0.543760456873 0.546826388807 0.56147799198 -2.53120430298 -2.63655164065 3.10947535422 0.565933510244 0.543866346582
0.8175 0.542441536663 5.35368337758 0.653540582267 0.365 0.516187950266 0.531918172823 0.538806910356 0.54244151116 0.545481552117 0.560211330187 -2.53544311235 -2.63923173726 3.1253724999 0.564625883373 0.542543537754
0.818 0.541121252127 5.34065269151 0.653530972903 0.364 0.514773736704 0.530620479428 0.537492410862 0.541121227032 0.544135337996 0.55894254863 -2.53968335343 -2.64190532182 3.14125028346 0.563316195625 0.541219375362
0.8185 0.539799632428 5.32760882792 0.65352136354 0.363 0.513359523141 0.529322786032 0.536177911368 0.539799607746 0.542787751403 0.557671646597 -2.54392500985 -2.64457238775 3.15710836372 0.562004447 0.539893862862
0.819 0.538476680827 5.31455181897 0.653511754176 0.362 0.511945309579 0.528025092637 0.534863411875 0.538476656563 0.541438797311 0.556398623387 -2.54816806509 -2.64723292846 3.17294639906 0.560690637496 0.538567003714
0.8195 0.537152400588 5.3014816969 0.653502144812 0.361 0.510531096017 0.526727399242 0.533548912381 0.537152376748 0.540088480705 0.555123478302 -2.55241250248 -2.64988693739 3.18876404742 0.559374767115 0.537238801383
0.82 0.535826794979 5.28839849395 0.653492535449 0.36 0.509116882454 0.525429705847 0.532234412887 0.535826771568 0.538736806585 0.553846210656 -2.5566583052 -2.65253440798 3.20456096632 0.558056835857 0.53590925934
0.8205 0.534499867271 5.2753022424 0.653482926085 0.359 0.507702668892 0.524132012451 0.530919913393 0.534499844293 0.537383779964 0.552566819772 -2.56090545626 -2.6551753337 3.22033681283 0.55673684372 0.534578381062
0.821 0.533171620737 5.26219297456 0.653473316722 0.358 0.50628845533 0.522834319056 0.5296054139 0.533171598199 0.536029405868 0.551285304978 -2.56515393852 -2.65780970805 3.23609124364 0.555414790706 0.533246170031
0.8215 0.531842058656 5.24907072279 0.653463707358 0.357 0.504874241767 0.521536625661 0.528290914406 0.531842036562 0.534673689338 0.550001665614 -2.56940373469 -2.66043752452 3.251823915 0.554090676815 0.531912629733
0.822 0.530511184307 5.23593551946 0.653454097994 0.356 0.503460028205 0.520238932265 0.526976414912 0.530511162662 0.533316635425 0.548715901028 -2.57365482731 -2.66305877662 3.26753448277 0.552764502046 0.530577763662
0.8225 0.529179000974 5.22278739698 0.653444488631 0.355 0.502045814642 0.51894123887 0.525661915418 0.529178979783 0.531958249197 0.547428010574 -2.57790719879 -2.66567345788 3.28322260241 0.551436266399 0.529241575316
0.823 0.527845511945 5.20962638779 0.653434879267 0.354 0.50063160108 0.517643545475 0.524347415924 0.527845491213 0.530598535733 0.546137993619 -2.58216083136 -2.66828156186 3.298887929 0.550105969874 0.527904068198
0.8235 0.52651072051 5.19645252436 0.653425269903 0.353 0.499217387518 0.51634585208 0.523032916431 0.526510700241 0.529237500127 0.544845849535 -2.58641570711 -2.67088308213 3.31453011722 0.548773612472 0.526565245818
0.824 0.525174629961 5.18326583921 0.65341566054 0.352 0.497803173955 0.515048158684 0.521718416937 0.525174610161 0.527875147484 0.543551577707 -2.59067180796 -2.67347801225 3.33014882141 0.547439194192 0.52522511169
0.8245 0.523837243597 5.17006636486 0.653406051176 0.351 0.496388960393 0.513750465289 0.520403917443 0.52383722427 0.526511482924 0.542255177526 -2.59492911567 -2.67606634583 3.3457436955 0.546102715034 0.523883669333
0.825 0.522498564716 5.15685413388 0.653396441813 0.35 0.494974746831 0.512452771894 0.519089417949 0.522498545867 0.525146511579 0.540956648394 -2.59918761186 -2.67864807649 3.36131439311 0.544764174999 0.522540922274
0.8255 0.521158596622 5.14362917888 0.653386832449 0.349 0.493560533268 0.511155078498 0.517774918456 0.521158578255 0.523780238595 0.539655989719 -2.60344727799 -2.68122319785 3.37686056748 0.543423574086 0.521196874043
0.826 0.519817342621 5.13039153249 0.653377223085 0.348 0.492146319706 0.509857385103 0.516460418962 0.51981732474 0.522412669131 0.538353200924 -2.60770809535 -2.68379170355 3.39238187151 0.542080912296 0.519851528176
0.8265 0.518474806022 5.11714122737 0.653367613722 0.347 0.490732106143 0.508559691708 0.515145919468 0.518474788632 0.521043808358 0.537048281435 -2.61197004508 -2.68635358727 3.40787795778 0.540736189628 0.518504888215
0.827 0.517130990138 5.10387829621 0.653358004358 0.346 0.489317892581 0.507261998313 0.513831419974 0.517130973244 0.519673661461 0.535741230693 -2.61623310817 -2.68890884268 3.42334847853 0.539389406082 0.517156957707
0.8275 0.515785898285 5.09060277173 0.653348394994 0.345 0.487903679019 0.505964304917 0.512516920481 0.51578588189 0.518302233638 0.534432048145 -2.62049726544 -2.69145746347 3.43879308569 0.538040561659 0.515807740205
0.828 0.514439533782 5.0773146867 0.653338785631 0.344 0.486489465456 0.504666611522 0.511202420987 0.514439517891 0.516929530097 0.533120733249 -2.62476249755 -2.69399944336 3.45421143087 0.536689656358 0.514457239266
0.8285 0.51309189995 5.06401407391 0.653329176267 0.343 0.485075251894 0.503368918127 0.509887921493 0.513091884567 0.515555556064 0.531807285471 -2.62902878503 -2.69653477607 3.46960316539 0.535336690179 0.513105458454
0.829 0.511743000114 5.05070096616 0.653319566904 0.342 0.483661038332 0.502071224731 0.508573421999 0.511742985243 0.514180316774 0.530491704291 -2.63329610822 -2.69906345535 3.48496794026 0.533981663122 0.511752401338
0.8295 0.510392837604 5.0373753963 0.65330995754 0.341 0.482246824769 0.500773531336 0.507258922505 0.510392823249 0.512803817475 0.529173989194 -2.63756444731 -2.70158547496 3.50030540622 0.532624575188 0.510398071492
0.83 0.50904141575 5.02403739723 0.653300348176 0.34 0.480832611207 0.499475837941 0.505944423012 0.509041401915 0.51142606343 0.527854139678 -2.64183378234 -2.70410082867 3.51561521373 0.531265426377 0.509042472495
0.8305 0.507688737887 5.01068700184 0.653290738813 0.339 0.479418397644 0.498178144546 0.504629923518 0.507688724576 0.510047059911 0.526532155249 -2.64610409318 -2.70660951029 3.53089701297 0.529904216687 0.507685607934
0.831 0.506334807353 4.99732424308 0.653281129449 0.338 0.478004184082 0.49688045115 0.503315424024 0.506334794569 0.508666812207 0.525208035425 -2.65037535957 -2.70911151361 3.54615045386 0.52854094612 0.506327481398
0.8315 0.504979627488 4.98394915392 0.653271520085 0.337 0.47658997052 0.495582757755 0.50200092453 0.504979615234 0.507285325615 0.523881779734 -2.65464756104 -2.71160683248 3.56137518609 0.527175614676 0.504968096484
0.832 0.503623201636 4.97056176736 0.653261910722 0.336 0.475175756957 0.49428506436 0.500686425037 0.503623189917 0.505902605448 0.522553387712 -2.65892067701 -2.71409546072 3.57657085907 0.525808222353 0.503607456793
0.8325 0.502265533143 4.95716211643 0.653252301358 0.335 0.473761543395 0.492987370964 0.499371925543 0.502265521962 0.504518657031 0.521222858908 -2.66319468672 -2.7165773922 3.59173712201 0.524438769153 0.502245565931
0.833 0.500906625361 4.94375023419 0.653242691995 0.334 0.472347329833 0.491689677569 0.498057426049 0.500906614721 0.503133485698 0.519890192879 -2.66746956925 -2.7190526208 3.60687362387 0.523067255076 0.500882427512
0.8335 0.499546481641 4.93032615375 0.653233082631 0.333 0.47093311627 0.490391984174 0.496742926555 0.499546471546 0.501747096801 0.518555389196 -2.67174530353 -2.7215211404 3.62198001339 0.521693680121 0.499518045153
0.834 0.498185105339 4.91688990822 0.653223473267 0.332 0.469518902708 0.489094290779 0.495428427062 0.498185095792 0.500359495699 0.517218447438 -2.67602186832 -2.72398294492 3.63705593913 0.520318044288 0.498152422477
0.8345 0.496822499816 4.90344153074 0.653213863904 0.331 0.468104689145 0.487796597383 0.494113927568 0.49682249082 0.498970687767 0.515879367193 -2.68029924222 -2.72643802829 3.65210104941 0.518940347577 0.496785563113
0.835 0.495458668432 4.88998105452 0.65320425454 0.33 0.466690475583 0.486498903988 0.492799428074 0.49545865999 0.49758067839 0.514538148064 -2.68457740368 -2.72888638444 3.66711499239 0.517560589989 0.495417470696
0.8355 0.494093614554 4.87650851275 0.653194645176 0.329 0.465276262021 0.485201210593 0.49148492858 0.494093606668 0.496189472966 0.513194789662 -2.688856331 -2.73132800733 3.68209741604 0.516178771523 0.494048148863
0.836 0.492727341548 4.86302393868 0.653185035813 0.328 0.463862048458 0.483903517197 0.490170429086 0.492727334222 0.494797076906 0.511849291609 -2.6931360023 -2.73376289094 3.69704796814 0.514794892179 0.492677601261
0.8365 0.491359852787 4.84952736559 0.653175426449 0.327 0.462447834896 0.482605823802 0.488855929593 0.491359846024 0.493403495631 0.510501653539 -2.69741639554 -2.73619102927 3.71196629632 0.513408951958 0.49130583154
0.837 0.489991151644 4.83601882676 0.653165817086 0.326 0.461033621334 0.481308130407 0.487541430099 0.489991145446 0.492008734575 0.509151875097 -2.70169748853 -2.73861241631 3.72685204806 0.512020950859 0.489932843355
0.8375 0.488621241497 4.82249835554 0.653156207722 0.325 0.459619407771 0.480010437012 0.486226930605 0.488621235867 0.490612799186 0.507799955938 -2.70597925894 -2.74102704611 3.74170487068 0.510630888883 0.488558640368
0.838 0.487250125725 4.80896598529 0.653146598358 0.324 0.458205194209 0.478712743616 0.484912431111 0.487250120665 0.48921569492 0.506445895729 -2.71026168423 -2.74343491269 3.75652441138 0.509238766029 0.487183226246
0.8385 0.485877807712 4.79542174939 0.653136988995 0.323 0.456790980647 0.477415050221 0.483597931618 0.485877803225 0.487817427248 0.505089694148 -2.71454474175 -2.74583601011 3.77131031721 0.507844582297 0.485806604661
0.839 0.484504290844 4.78186568126 0.653127379631 0.322 0.455376767084 0.476117356826 0.482283432124 0.484504286932 0.486418001652 0.503731350885 -2.71882840866 -2.74823033246 3.78606223513 0.506448337688 0.48442877929
0.8395 0.48312957851 4.76829781436 0.653117770267 0.321 0.453962553522 0.47481966343 0.48096893263 0.483129575174 0.485017423624 0.502370865642 -2.72311266197 -2.75061787383 3.80077981197 0.505050032201 0.483049753816
0.84 0.481753674102 4.75471818216 0.653108160904 0.32 0.452548339959 0.473521970035 0.479654433136 0.481753671345 0.48361569867 0.50100823813 -2.72739747854 -2.75299862832 3.81546269447 0.503649665836 0.481669531928
0.8405 0.480376581014 4.74112681816 0.65309855154 0.319 0.451134126397 0.47222427664 0.478339933642 0.480376578838 0.482212832308 0.499643468073 -2.73168283506 -2.75537259006 3.83011052928 0.502247238593 0.48028811732
0.841 0.478998302645 4.7275237559 0.653088942177 0.318 0.449719912835 0.470926583245 0.477025434149 0.478998301052 0.480808830064 0.498276555208 -2.73596870804 -2.75773975319 3.84472296296 0.500842750473 0.478905513691
0.8415 0.477618842395 4.71390902894 0.653079332813 0.317 0.448305699272 0.469628889849 0.475710934655 0.477618841387 0.47940369748 0.496907499283 -2.74025507387 -2.76010011187 3.85929964202 0.499436201476 0.477521724745
0.842 0.476238203668 4.70028267089 0.653069723449 0.316 0.44689148571 0.468331196454 0.474396435161 0.476238203246 0.477997440106 0.495536300056 -2.74454190876 -2.76245366028 3.8738402129 0.4980275916 0.476136754193
0.8425 0.474856389871 4.68664471535 0.653060114086 0.315 0.445477272148 0.467033503059 0.473081935667 0.474856390036 0.476590063506 0.4941629573 -2.74882918874 -2.76480039261 3.88834432198 0.496616920847 0.474750605751
0.843 0.473473404412 4.67299519599 0.653050504722 0.314 0.444063058585 0.465735809663 0.471767436174 0.473473405167 0.475181573254 0.492787470798 -2.75311688973 -2.76714030306 3.90281161562 0.495204189217 0.473363283139
0.8435 0.472089250705 4.65933414647 0.653040895358 0.313 0.442648845023 0.464438116268 0.47045293668 0.472089252051 0.473771974935 0.491409840344 -2.75740498744 -2.76947338588 3.91724174013 0.493789396708 0.471974790084
0.844 0.470703932165 4.64566160051 0.653031285995 0.312 0.44123463146 0.463140422873 0.469138437186 0.470703934103 0.472361274145 0.490030065748 -2.76169345745 -2.77179963529 3.93163434181 0.492372543322 0.470585130319
0.8445 0.46931745221 4.63197759184 0.653021676631 0.311 0.439820417898 0.461842729478 0.467823937692 0.46931745474 0.470949476494 0.488648146829 -2.76598227516 -2.77411904557 3.94598906695 0.490953629059 0.469194307579
0.845 0.467929814261 4.61828215423 0.653012067268 0.31 0.438406204336 0.460545036082 0.466509438199 0.467929817385 0.4695365876 0.487264083419 -2.77027141583 -2.77643161098 3.96030556185 0.489532653918 0.467802325609
0.8455 0.466541021741 4.60457532146 0.653002457904 0.309 0.436991990773 0.459247342687 0.465194938705 0.46654102546 0.468122613093 0.485877875363 -2.77456085454 -2.77873732582 3.97458347279 0.488109617899 0.466409188156
0.846 0.465151078077 4.59085712736 0.65299284854 0.308 0.435577777211 0.457949649292 0.463880439211 0.465151082392 0.466707558614 0.484489522519 -2.77885056624 -2.78103618441 3.98882244609 0.486684521002 0.465014898975
0.8465 0.4637599867 4.57712760578 0.652983239177 0.307 0.434163563649 0.456651955896 0.462565939717 0.463759991611 0.465291429817 0.483099024756 -2.78314052568 -2.78332818106 4.00302212811 0.485257363228 0.463619461823
0.847 0.462367751041 4.5633867906 0.652973629813 0.306 0.432749350086 0.455354262501 0.461251440223 0.462367756548 0.463874232363 0.481706381956 -2.78743070748 -2.78561331013 4.01718216524 0.483828144576 0.462222880467
0.8475 0.460974374535 4.5496347157 0.652964020449 0.305 0.431335136524 0.454056569106 0.45993694073 0.46097438064 0.462455971926 0.480311594016 -2.79172108609 -2.78789156598 4.03130220392 0.482396865046 0.460825158674
0.848 0.459579860621 4.53587141504 0.652954411086 0.304 0.429920922961 0.452758875711 0.458622441236 0.459579867323 0.461036654192 0.478914660842 -2.79601163581 -2.79016294298 4.04538189065 0.480963524639 0.459426300223
0.8485 0.45818421274 4.52209692257 0.652944801722 0.303 0.428506709399 0.451461182315 0.457307941742 0.458184220039 0.459616284856 0.477515582356 -2.80030233075 -2.79242743553 4.05942087201 0.479528123354 0.458026308892
0.849 0.456787434334 4.50831127227 0.652935192359 0.302 0.427092495837 0.45016348892 0.455993442248 0.456787442231 0.458194869623 0.476114358491 -2.8045931449 -2.79468503804 4.07341879466 0.478090661192 0.456625188468
0.8495 0.455389528851 4.49451449816 0.652925582995 0.301 0.425678282274 0.448865795525 0.454678942755 0.455389537346 0.456772414212 0.474710989195 -2.80888405206 -2.79693574495 4.08737530536 0.476651138152 0.455222942744
0.85 0.45399049974 4.48070663428 0.652915973631 0.3 0.424264068712 0.447568102129 0.453364443261 0.453990508831 0.455348924348 0.473305474428 -2.81317502589 -2.79917955069 4.10129005097 0.475209554234 0.453819575515
0.8505 0.452590350452 4.46688771471 0.652906364268 0.299 0.42284985515 0.446270408734 0.452049943767 0.45259036014 0.453924405769 0.471897814163 -2.81746603988 -2.80141644974 4.11516267845 0.473765909439 0.452415090586
0.851 0.451189084442 4.45305777353 0.652896754904 0.298 0.421435641587 0.444972715339 0.450735444273 0.451189094727 0.452498864224 0.470488008386 -2.82175706737 -2.80364643657 4.12899283493 0.472320203765 0.451009491763
0.8515 0.449786705168 4.43921684488 0.65288714554 0.297 0.420021428025 0.443675021944 0.44942094478 0.449786716049 0.451072305471 0.469076057097 -2.82604808152 -2.80586950568 4.14278016762 0.470872437215 0.449602782861
0.852 0.44838321609 4.4253649629 0.652877536177 0.296 0.418607214462 0.442377328548 0.448106445286 0.448383227567 0.449644735279 0.467661960311 -2.83033905536 -2.80808565159 4.15652432393 0.469422609786 0.448194967697
0.8525 0.446978620671 4.41150216177 0.652867926813 0.295 0.4171930009 0.441079635153 0.446791945792 0.446978632742 0.448216159426 0.466245718053 -2.83462996174 -2.81029486882 4.1702249514 0.46797072148 0.446786050098
0.853 0.445572922377 4.3976284757 0.65285831745 0.294 0.415778787338 0.439781941758 0.445477446298 0.445572935042 0.446786583702 0.464827330365 -2.83892077335 -2.81249715194 4.18388169775 0.466516772297 0.445376033891
0.8535 0.444166124676 4.38374393891 0.652848708086 0.293 0.414364573775 0.438484248362 0.444162946804 0.444166137933 0.445356013907 0.4634067973 -2.84321146273 -2.81469249549 4.19749421088 0.465060762235 0.443964922914
0.854 0.442758231039 4.36984858568 0.652839098722 0.292 0.412950360213 0.437186554967 0.442848447311 0.442758244888 0.443924455848 0.461984118927 -2.84750200226 -2.81688089407 4.21106213888 0.463602691296 0.442552721005
0.8545 0.44134924494 4.35594245028 0.652829489359 0.291 0.411536146651 0.435888861572 0.441533947817 0.441349259379 0.442491915346 0.460559295328 -2.85179236417 -2.81906234228 4.22458513005 0.46214255948 0.441139432012
0.855 0.439939169856 4.34202556702 0.652819879995 0.29 0.410121933088 0.434591168177 0.440219448323 0.439939184883 0.441058398229 0.459132326597 -2.8560825205 -2.82123683473 4.2380628329 0.460680366785 0.439725059785
0.8555 0.438528009266 4.32809797025 0.652810270631 0.289 0.408707719526 0.433293474781 0.438904948829 0.438528024879 0.439623910337 0.457703212846 -2.86037244318 -2.82340436606 4.25149489618 0.459216113213 0.438309608183
0.856 0.437115766651 4.31415969432 0.652800661268 0.288 0.407293505963 0.431995781386 0.437590449336 0.43711578285 0.438188457518 0.456271954198 -2.86466210393 -2.82556493092 4.26488096886 0.457749798764 0.436893081066
0.8565 0.435702445497 4.30021077364 0.652791051904 0.287 0.405879292401 0.430698087991 0.436275949842 0.435702462279 0.436752045631 0.454838550791 -2.86895147434 -2.82771852398 4.27822070017 0.456281423436 0.435475482304
0.857 0.43428804929 4.28625124261 0.652781442541 0.286 0.404465078839 0.429400394595 0.434961450348 0.434288066653 0.435314680543 0.453403002777 -2.87324052585 -2.82986513993 4.29151373961 0.454810987231 0.434056815769
0.8575 0.43287258152 4.27228113568 0.652771833177 0.285 0.403050865276 0.4281027012 0.433646950854 0.432872599463 0.433876368131 0.451965310323 -2.87752922972 -2.83200477346 4.30475973694 0.453338490149 0.43263708534
0.858 0.431456045681 4.25830048733 0.652762223813 0.284 0.401636651714 0.426805007805 0.432332451361 0.4314560642 0.432437114284 0.45052547361 -2.88181755707 -2.83413741931 4.31795834221 0.451863932189 0.431216294901
0.8585 0.430038445267 4.24430933204 0.65275261445 0.283 0.400222438152 0.42550731441 0.431017951867 0.430038464361 0.430996924898 0.449083492833 -2.88610547884 -2.8362630722 4.33110920576 0.450387313351 0.429794448342
0.859 0.428619783775 4.23030770434 0.652743005086 0.282 0.398808224589 0.424209621014 0.429703452373 0.428619803441 0.429555805877 0.447639368203 -2.89039296584 -2.83838172689 4.34421197826 0.448908633635 0.428371549557
0.8595 0.427200064707 4.21629563878 0.652733395722 0.281 0.397394011027 0.422911927619 0.428388952879 0.427200084942 0.428113763138 0.446193099945 -2.89467998871 -2.84049337816 4.35726631067 0.447427893042 0.426947602448
0.86 0.425779291565 4.20227316992 0.652723786359 0.28 0.395979797464 0.421614234224 0.427074453385 0.425779312366 0.426670802605 0.444744688297 -2.89896651793 -2.8425980208 4.3702718543 0.445945091571 0.42552261092
0.8605 0.424357467855 4.18824033238 0.652714176995 0.279 0.394565583902 0.420316540828 0.425759953892 0.42435748922 0.425226930211 0.443294133514 -2.90325252382 -2.8446956496 4.38322826081 0.444460229223 0.424096578884
0.861 0.422934597085 4.17419716077 0.652704567632 0.278 0.39315137034 0.419018847433 0.424445454398 0.42293461901 0.423782151899 0.441841435865 -2.90753797655 -2.84678625941 4.39613518221 0.442973305997 0.422669510258
0.8615 0.421510682766 4.16014368974 0.652694958268 0.277 0.391737156777 0.417721154038 0.423130954904 0.421510705249 0.42233647362 0.440386595635 -2.91182284614 -2.84886984505 4.40899227087 0.441484321893 0.421241408963
0.862 0.420085728412 4.14607995397 0.652685348904 0.276 0.390322943215 0.416423460643 0.42181645541 0.420085751448 0.420889901335 0.438929613121 -2.91610710244 -2.85094640139 4.42179917955 0.439993276911 0.419812278927
0.8625 0.418659737537 4.13200598816 0.652675739541 0.275 0.388908729653 0.415125767247 0.420501955917 0.418659761124 0.419442441012 0.437470488639 -2.92039071515 -2.8530159233 4.4345555614 0.438500171052 0.418382124083
0.863 0.417232713662 4.11792182703 0.652666130177 0.274 0.38749451609 0.413828073852 0.419187456423 0.417232737794 0.417994098631 0.436009222518 -2.92467365381 -2.85507840567 4.44726106997 0.437005004316 0.416950948369
0.8635 0.415804660306 4.10382750535 0.652656520813 0.273 0.386080302528 0.412530380457 0.417872956929 0.415804684981 0.416544880178 0.434545815103 -2.92895588781 -2.85713384343 4.45991535925 0.435507776701 0.41551875573
0.864 0.414375580993 4.08972305788 0.65264691145 0.272 0.384666088965 0.411232687061 0.416558457435 0.414375606207 0.415094791648 0.433080266753 -2.93323738639 -2.85918223149 4.47251808362 0.434008488209 0.414085550115
0.8645 0.41294547925 4.07560851942 0.652637302086 0.271 0.383251875403 0.409934993666 0.415243957941 0.412945504999 0.413643839046 0.431612577844 -2.93751811862 -2.86122356481 4.48506889795 0.432507138839 0.412651335479
0.865 0.411514358605 4.0614839248 0.652627692723 0.27 0.381837661841 0.408637300271 0.413929458448 0.411514384884 0.412192028384 0.430142748768 -2.94179805342 -2.86325783834 4.49756745751 0.431003728592 0.411216115782
0.8655 0.410082222589 4.04734930888 0.652618083359 0.269 0.380423448278 0.407339606876 0.412614958954 0.410082249394 0.410739365683 0.428670779929 -2.94607715957 -2.86528504706 4.51001341809 0.429498257467 0.409779894989
0.866 0.408649074736 4.03320470652 0.652608473995 0.268 0.379009234716 0.40604191348 0.41130045946 0.408649102063 0.409285856972 0.427196671751 -2.95035540566 -2.86730518598 4.52240643592 0.427990725464 0.408342677072
0.8665 0.407214918582 4.01905015263 0.652598864632 0.267 0.377595021154 0.404744220085 0.409985959966 0.407214946426 0.407831508289 0.425720424672 -2.95463276017 -2.86931825011 4.53474616774 0.426481132584 0.406904466008
0.867 0.405779757666 4.00488568214 0.652589255268 0.266 0.376180807591 0.40344652669 0.408671460473 0.405779786022 0.40637632568 0.424242039145 -2.95890919139 -2.87132423448 4.5470322708 0.424969478826 0.405465265777
0.8675 0.404343595529 3.99071132998 0.652579645904 0.265 0.374766594029 0.402148833294 0.407356960979 0.404343624391 0.404920315198 0.42276151564 -2.96318466748 -2.87332313414 4.55926440285 0.42345576419 0.404025080369
0.868 0.402906435714 3.97652713115 0.652570036541 0.264 0.373352380466 0.400851139899 0.406042461485 0.402906465078 0.403463482906 0.421278854642 -2.96745915643 -2.87531494417 4.57144222219 0.421939988677 0.402583913775
0.8685 0.401468281767 3.96233312063 0.652560427177 0.263 0.371938166904 0.399553446504 0.404727961991 0.401468311628 0.402005834874 0.419794056653 -2.97173262609 -2.87729965964 4.58356538765 0.420422152286 0.401141769994
0.869 0.400029137237 3.94812933344 0.652550817814 0.262 0.370523953342 0.398255753109 0.403413462498 0.40002916759 0.400547377179 0.418307122191 -2.97600504414 -2.87927727566 4.59563355861 0.418902255018 0.39969865303
0.8695 0.398589005675 3.93391580464 0.65254120845 0.261 0.369109739779 0.396958059713 0.402098963004 0.398589036514 0.399088115908 0.41681805179 -2.98027637814 -2.88124778735 4.60764639503 0.417380296871 0.398254566892
0.87 0.397147890635 3.91969256929 0.652531599086 0.26 0.367695526217 0.395660366318 0.40078446351 0.397147921953 0.397628057153 0.415326845999 -2.98454659545 -2.88321118985 4.61960355746 0.415856277848 0.396809515594
0.8705 0.395705795671 3.90545966249 0.652521989723 0.259 0.366281312655 0.394362672923 0.399469964016 0.395705827464 0.396167207015 0.413833505386 -2.98881566331 -2.88516747831 4.63150470702 0.414330197946 0.395363503157
0.871 0.394262724343 3.89121711936 0.652512380359 0.258 0.364867099092 0.393064979527 0.398155464522 0.394262756604 0.394705571604 0.412338030533 -2.99308354882 -2.8871166479 4.64334950546 0.412802057167 0.393916533605
0.8715 0.392818680211 3.87696497504 0.652502770995 0.257 0.36345288553 0.391767286132 0.396840965029 0.392818712934 0.393243157036 0.41084042204 -2.99735021889 -2.88905869383 4.65513761514 0.41127185551 0.392468610971
0.872 0.391373666837 3.86270326469 0.652493161632 0.256 0.362038671968 0.390469592737 0.395526465535 0.391373700016 0.391779969433 0.409340680522 -3.00161564031 -2.89099361128 4.66686869906 0.409739592976 0.39101973929
0.8725 0.389927687788 3.8484320235 0.652483552268 0.255 0.360624458405 0.389171899342 0.394211966041 0.389927721417 0.390316014928 0.407838806613 -3.00587977971 -2.8929213955 4.67854242085 0.408205269563 0.389569922604
0.873 0.388480746631 3.83415128669 0.652473942905 0.254 0.359210244843 0.387874205946 0.392897466547 0.388480780703 0.388851299659 0.406334800962 -3.01014260356 -2.89484204172 4.69015844483 0.406668885274 0.38811916496
0.8735 0.387032846937 3.81986108949 0.652464333541 0.253 0.35779603128 0.386576512551 0.391582967054 0.387032881444 0.38738582977 0.404828664234 -3.01440407819 -2.89675554521 4.70171643597 0.405130440106 0.386667470411
0.874 0.385583992277 3.80556146717 0.652454724177 0.252 0.356381817718 0.385278819156 0.39026846756 0.385584027214 0.385919611415 0.403320397114 -3.01866416978 -2.89866190124 4.71321605992 0.403589934061 0.385214843016
0.8745 0.384134186228 3.791252455 0.652445114814 0.251 0.354967604156 0.38398112576 0.388953968066 0.384134221587 0.384452650753 0.401810000301 -3.02292284437 -2.90056110511 4.72465698307 0.402047367138 0.383761286837
0.875 0.382683432365 3.77693408829 0.65243550545 0.25 0.353553390593 0.382683432365 0.387639468572 0.382683468139 0.382984953952 0.400297474511 -3.02718006782 -2.90245315214 4.73603887248 0.400502739338 0.382306805943
0.8755 0.381231734269 3.76260640238 0.652425896086 0.249 0.352139177031 0.381152698636 0.386088910698 0.381231770451 0.381516527184 0.39878282048 -3.03143580588 -2.90433803765 4.74736139595 0.39895605066 0.380851404409
0.876 0.379779095522 3.7482694326 0.652416286723 0.248 0.350724963469 0.379621964906 0.384538352824 0.379779132104 0.380047376629 0.397266038959 -3.03569002412 -2.90621575699 4.75862422204 0.397407301104 0.379395086316
0.8765 0.378325519707 3.73392321435 0.652406677359 0.247 0.349310749906 0.378091231177 0.382987794949 0.378325556682 0.378577508476 0.395747130715 -3.03994268799 -2.90808630554 4.76982702004 0.395856490671 0.377937855747
0.877 0.376871010412 3.71956778301 0.652397067996 0.246 0.347896536344 0.376560497447 0.381437237075 0.376871047772 0.377106928917 0.394226096536 -3.04419376276 -2.90994967867 4.78096946002 0.39430361936 0.376479716794
0.8775 0.375415571225 3.705203174 0.652387458632 0.245 0.346482322781 0.375029763718 0.379886679201 0.375415608963 0.375635644153 0.392702937223 -3.04844321359 -2.91180587179 4.79205121283 0.392748687171 0.375020673554
0.878 0.373959205738 3.69082942278 0.652377849268 0.244 0.345068109219 0.373499029988 0.378336121327 0.373959243844 0.37416366039 0.391177653599 -3.05269100546 -2.91365488032 4.8030719501 0.391191694105 0.373560730127
0.8785 0.372501917543 3.6764465648 0.652368239905 0.243 0.343653895657 0.371968296259 0.376785563452 0.372501956011 0.372690983842 0.3896502465 -3.05693710322 -2.9154966997 4.81403134429 0.389632640161 0.37209989062
0.879 0.371043710237 3.66205463555 0.652358630541 0.242 0.342239682094 0.370437562529 0.375235005578 0.371043749057 0.371217620728 0.388120716784 -3.06118147158 -2.91733132538 4.82492906868 0.388071525339 0.370638159147
0.8795 0.369584587417 3.64765367055 0.652349021177 0.241 0.340825468532 0.3689068288 0.373684447704 0.369584626582 0.369743577275 0.386589065323 -3.06542407509 -2.91915875283 4.83576479736 0.38650834964 0.369175539824
0.88 0.368124552685 3.63324370533 0.652339411814 0.24 0.33941125497 0.36737609507 0.372133889829 0.368124592185 0.368268859713 0.385055293009 -3.06966487816 -2.92097897755 4.8465382053 0.384943113063 0.367712036776
0.8805 0.366663609641 3.61882477543 0.65232980245 0.239 0.337997041407 0.365845361341 0.370583331955 0.366663649468 0.36679347428 0.383519400751 -3.07390384506 -2.92279199504 4.85724896832 0.383375815608 0.366247654131
0.881 0.365201761892 3.60439691645 0.652320193087 0.238 0.336582827845 0.364314627612 0.369032774081 0.365201802037 0.365317427222 0.381981389476 -3.07814093992 -2.92459780083 4.86789676313 0.381806457276 0.364782396023
0.8815 0.363739013043 3.58996016398 0.652310583723 0.237 0.335168614282 0.362783893882 0.367482216207 0.363739053497 0.363840724787 0.380441260129 -3.08237612671 -2.92639639047 4.8784812673 0.380235038066 0.363316266592
0.882 0.362275366705 3.57551455363 0.652300974359 0.236 0.33375440072 0.361253160153 0.365931658332 0.362275407458 0.36236337323 0.378899013673 -3.08660936927 -2.92818775952 4.88900215934 0.378661557979 0.361849269983
0.8825 0.360810826488 3.56106012106 0.652291364996 0.235 0.332340187158 0.359722426423 0.364381100458 0.360810867532 0.360885378815 0.37735465109 -3.0908406313 -2.92997190356 4.89945911865 0.377086017014 0.360381410347
0.883 0.359345396006 3.54659690193 0.652281755632 0.234 0.330925973595 0.358191692694 0.362830542584 0.359345437331 0.359406747807 0.375808173378 -3.09506987634 -2.93174881818 4.9098518256 0.375508415171 0.358912691839
0.8835 0.357879078875 3.53212493192 0.652272146268 0.233 0.329511760033 0.356660958964 0.361279984709 0.357879120472 0.357927486479 0.374259581555 -3.0992970678 -2.933518499 4.92017996147 0.37392875245 0.357443118621
0.884 0.356411878713 3.51764424675 0.652262536905 0.232 0.328097546471 0.355130225235 0.359729426835 0.356411920572 0.35644760111 0.372708876658 -3.10352216896 -2.93528094166 4.93044320852 0.372347028852 0.35597269486
0.8845 0.354943799141 3.50315488214 0.652252927541 0.231 0.326683332908 0.353599491505 0.358178868961 0.354943841251 0.354967097982 0.371156059741 -3.10774514295 -2.9370361418 4.94064124998 0.370763244376 0.354501424727
0.885 0.353474843779 3.48865687384 0.652243318178 0.23 0.325269119346 0.352068757776 0.356628311087 0.353474886132 0.353485983385 0.369601131876 -3.11196595274 -2.9387840951 4.95077377008 0.369177399023 0.353029312402
0.8855 0.352005016254 3.47415025763 0.652233708814 0.229 0.323854905783 0.350538024046 0.355077753212 0.352005058838 0.352004263613 0.368044094155 -3.11618456118 -2.94052479724 4.96084045403 0.367589492792 0.351556362066
0.886 0.350534320191 3.45963506929 0.65222409945 0.228 0.322440692221 0.349007290317 0.353527195338 0.350534362997 0.350521944964 0.366484947688 -3.12040093099 -2.94225824393 4.97084098807 0.365999525683 0.350082577908
0.8865 0.34906275922 3.44511134465 0.652214490087 0.227 0.321026478659 0.347476556588 0.351976637464 0.349062802237 0.349039033744 0.364923693604 -3.12461502474 -2.94398443089 4.9807750595 0.364407497697 0.348607964123
0.887 0.347590336971 3.43057911955 0.652204880723 0.226 0.319612265096 0.345945822858 0.350426079589 0.347590380189 0.347555536261 0.363360333049 -3.12882680485 -2.94570335386 4.99064235662 0.362813408833 0.34713252491
0.8875 0.346117057077 3.41603842982 0.652195271359 0.225 0.318198051534 0.344415089129 0.348875521715 0.346117100485 0.34607145883 0.361794867191 -3.13303623362 -2.9474150086 5.00044256881 0.361217259091 0.345656264473
0.888 0.344642923175 3.40148931137 0.652185661996 0.224 0.316783837972 0.342884355399 0.347324963841 0.344642966762 0.34458680777 0.360227297214 -3.13724327321 -2.94911939088 5.01017538653 0.359619048471 0.344179187023
0.8885 0.343167938899 3.38693180007 0.652176052632 0.223 0.315369624409 0.34135362167 0.345774405966 0.343167982655 0.343101589404 0.358657624322 -3.14144788564 -2.95081649651 5.01984050134 0.358018776974 0.342701296777
0.889 0.341692107891 3.37236593186 0.652166443269 0.222 0.313955410847 0.33982288794 0.344223848092 0.341692151804 0.34161581006 0.357085849739 -3.14565003279 -2.95250632129 5.02943760586 0.3564164446 0.341222597954
0.8895 0.340215433792 3.35779174267 0.652156833905 0.221 0.312541197284 0.338292154211 0.342673290218 0.340215477851 0.340129476071 0.355511974706 -3.1498496764 -2.95418886105 5.03896639388 0.354812051347 0.339743094781
0.89 0.338737920245 3.34320926847 0.652147224541 0.22 0.311126983722 0.336761420481 0.341122732344 0.338737964439 0.338642593776 0.353936000486 -3.15404677811 -2.95586411165 5.04842656029 0.353205597218 0.338262791491
0.8905 0.337259570896 3.32861854523 0.652137615178 0.219 0.30971277016 0.335230686752 0.339572174469 0.337259615214 0.337155169514 0.352357928358 -3.15824129937 -2.95753206895 5.05781780114 0.35159708221 0.336781692322
0.891 0.335780389393 3.31401960895 0.652128005814 0.218 0.308298556597 0.333699953022 0.338021616595 0.335780433822 0.335667209633 0.350777759623 -3.16243320154 -2.95919272883 5.06713981362 0.349986506325 0.335299801515
0.8915 0.334300379384 3.29941249566 0.65211839645 0.217 0.306884343035 0.332169219293 0.336471058721 0.334300423914 0.334178720482 0.3491954956 -3.16662244584 -2.96084608719 5.07639229613 0.348373869562 0.33381712332
0.892 0.332819544523 3.28479724139 0.652108787087 0.216 0.305470129473 0.330638485563 0.334920500846 0.332819589142 0.332689708416 0.347611137627 -3.17080899334 -2.96249213997 5.08557494824 0.346759171921 0.33233366199
0.8925 0.331337888463 3.27017388222 0.652099177723 0.215 0.30405591591 0.329107751834 0.333369942972 0.331337933158 0.331200179793 0.346024687062 -3.17499280499 -2.96413088308 5.09468747072 0.345142413403 0.330849421784
0.893 0.329855414859 3.25554245421 0.65208956836 0.214 0.302641702348 0.327577018105 0.331819385098 0.329855459619 0.329710140974 0.344436145284 -3.17917384161 -2.9657623125 5.10372956557 0.343523594007 0.329364406968
0.8935 0.32837212737 3.24090299348 0.652079958996 0.213 0.301227488785 0.326046284375 0.330268827224 0.328372172183 0.328219598327 0.34284551369 -3.18335206389 -2.9673864242 5.11270093601 0.341902713733 0.327878621811
0.894 0.326888029655 3.22625553615 0.652070349632 0.212 0.299813275223 0.324515550646 0.328718269349 0.326888074508 0.326728558221 0.341252793696 -3.18752743237 -2.96900321416 5.12160128654 0.340279772582 0.326392070588
0.8945 0.325403125376 3.21160011834 0.652060740269 0.211 0.298399061661 0.322984816916 0.327167711475 0.325403170258 0.325237027029 0.33965798674 -3.1916999075 -2.97061267841 5.13043032288 0.338654770553 0.324904757582
0.895 0.323917418198 3.19693677624 0.652051130905 0.21 0.296984848098 0.321454083187 0.325617153601 0.323917463095 0.323745011129 0.338061094277 -3.19586944956 -2.97221481296 5.13918775205 0.337027707647 0.323416687077
0.8955 0.322430911786 3.18226554601 0.652041521541 0.209 0.295570634536 0.319923349457 0.324066595726 0.322430956686 0.3222525169 0.336462117786 -3.20003601873 -2.97380961387 5.14787328237 0.335398583863 0.321927863367
0.896 0.320943609807 3.16758646385 0.652031912178 0.208 0.294156420974 0.318392615728 0.322516037852 0.320943654698 0.320759550728 0.334861058761 -3.20419957505 -2.9753970772 5.15648662344 0.333767399201 0.320438290748
0.8965 0.319455515932 3.152899566 0.652022302814 0.207 0.292742207411 0.316861881998 0.320965479978 0.319455560801 0.319266118998 0.333257918719 -3.20836007843 -2.97697719903 5.16502748622 0.332134153662 0.318947973523
0.897 0.317966633832 3.13820488867 0.652012693451 0.206 0.291327993849 0.315331148269 0.319414922104 0.317966678667 0.317772228102 0.331652699198 -3.21251748867 -2.97854997547 5.17349558297 0.330498847244 0.317456916001
0.8975 0.316476967182 3.12350246814 0.652003084087 0.205 0.289913780286 0.313800414539 0.317864364229 0.316477011968 0.316277884432 0.330045401753 -3.21667176544 -2.98011540263 5.18189062731 0.32886147995 0.315965122494
0.898 0.314986519655 3.10879234067 0.651993474723 0.204 0.288499566724 0.31226968081 0.316313806355 0.314986564381 0.314783094387 0.328436027961 -3.22082286826 -2.98167347665 5.19021233424 0.327222051777 0.314472597322
0.8985 0.313495294931 3.09407454257 0.65198386536 0.203 0.287085353162 0.31073894708 0.314763248481 0.313495339583 0.313287864364 0.32682457942 -3.22497075656 -2.98322419369 5.19846042013 0.325580562727 0.312979344809
0.899 0.312003296688 3.07934911015 0.651974255996 0.202 0.285671139599 0.309208213351 0.313212690606 0.312003341253 0.311792200767 0.325211057747 -3.22911538963 -2.98476754992 5.20663460273 0.323937012799 0.311485369286
0.8995 0.310510528609 3.06461607974 0.651964646632 0.201 0.284256926037 0.307677479622 0.311662132732 0.310510573073 0.310296110001 0.32359546458 -3.23325672665 -2.98630354154 5.21473460123 0.322291401994 0.309990675087
0.9 0.309016994375 3.04987548769 0.651955037269 0.2 0.282842712475 0.306146745892 0.310111574858 0.309017038725 0.308799598473 0.321977801577 -3.23739472664 -2.98783216474 5.22276013622 0.320643730311 0.308495266554
0.9005 0.307522697673 3.03512737038 0.651945427905 0.199 0.281428498912 0.304616012163 0.308561016984 0.307522741895 0.307302672594 0.320358070417 -3.24152934856 -2.98935341577 5.23071092974 0.31899399775 0.306999148032
0.901 0.306027642189 3.0203717642 0.651935818542 0.198 0.28001428535 0.303085278433 0.307010459109 0.306027686271 0.305805338776 0.318736272798 -3.24566055119 -2.99086729086 5.23858670528 0.317342204312 0.305502323874
0.9015 0.304531831612 3.00560870555 0.651926209178 0.197 0.278600071787 0.301554544704 0.305459901235 0.304531875539 0.304307603436 0.317112410442 -3.24978829324 -2.99237378629 5.24638718779 0.315688349996 0.304004798436
0.902 0.303035269633 2.99083823085 0.651916599814 0.196 0.277185858225 0.300023810974 0.303909343361 0.303035313393 0.302809472991 0.315486485089 -3.25391253326 -2.99387289833 5.25411210373 0.314032434803 0.302506576081
0.9025 0.301537959944 2.97606037656 0.651906990451 0.195 0.275771644663 0.298493077245 0.302358785486 0.301538003523 0.30131095386 0.313858498499 -3.2580332297 -2.99536462329 5.26176118102 0.312374458731 0.301007661177
0.903 0.300039906241 2.96127517914 0.651897381087 0.194 0.2743574311 0.296962343515 0.300808227612 0.300039949624 0.299812052465 0.312228452457 -3.26215034091 -2.99684895749 5.26933414912 0.310714421782 0.299508058096
0.9035 0.298541112219 2.94648267507 0.651887771723 0.193 0.272943217538 0.295431609786 0.299257669738 0.298541155393 0.298312775231 0.310596348763 -3.26626382508 -2.99832589725 5.27683073902 0.309052323956 0.29800777122
0.904 0.297041581577 2.93168290084 0.65187816236 0.192 0.271529003976 0.293900876056 0.297707111864 0.297041624527 0.296813128584 0.308962189243 -3.27037364033 -2.99979543895 5.28425068322 0.307388165251 0.29650680493
0.9045 0.295541318014 2.91687589298 0.651868552996 0.191 0.270114790413 0.292370142327 0.296156553989 0.295541360727 0.295313118951 0.307325975741 -3.27447974464 -3.00125757895 5.29159371582 0.30572194567 0.295005163617
0.905 0.294040325232 2.90206168801 0.651858943633 0.19 0.268700576851 0.290839408597 0.294605996115 0.294040367693 0.293812752761 0.305687710124 -3.27858209588 -3.00271231364 5.29885957246 0.30405366521 0.293502851677
0.9055 0.292538606935 2.8872403225 0.651849334269 0.189 0.267286363289 0.289308674868 0.293055438241 0.292538649131 0.292312036447 0.304047394278 -3.2826806518 -3.00415963944 5.30604799037 0.302383323873 0.29199987351
0.906 0.291036166828 2.872411833 0.651839724905 0.188 0.265872149726 0.287777941139 0.291504880366 0.291036208744 0.29081097644 0.302405030112 -3.28677537006 -3.00559955278 5.3131587084 0.300710921658 0.290496233521
0.9065 0.289533008618 2.85757625612 0.651830115542 0.187 0.264457936164 0.286247207409 0.289954322492 0.289533050241 0.289309579175 0.300760619554 -3.29086620817 -3.00703205009 5.32019146699 0.299036458566 0.288991936123
0.907 0.288029136015 2.84273362845 0.651820506178 0.186 0.263043722601 0.28471647368 0.288403764618 0.288029177329 0.287807851088 0.299114164557 -3.29495312357 -3.00845712786 5.32714600824 0.297359934595 0.287486985731
0.9075 0.286524552728 2.82788398662 0.651810896814 0.185 0.261629509039 0.28318573995 0.286853206744 0.28652459372 0.286305798616 0.297465667092 -3.29903607356 -3.00987478255 5.33402207587 0.295681349748 0.285981386769
0.908 0.28501926247 2.81302736727 0.651801287451 0.184 0.260215295477 0.281655006221 0.285302648869 0.285019303126 0.284803428196 0.295815129152 -3.30311501535 -3.01128501068 5.34081941527 0.294000704022 0.284475143665
0.9085 0.283513268955 2.79816380705 0.651791678087 0.183 0.258801081914 0.280124272491 0.283752090995 0.28351330926 0.283300746269 0.294162552752 -3.30718990602 -3.01268780876 5.3475377735 0.292317997419 0.282968260851
0.909 0.2820065759 2.78329334264 0.651782068724 0.182 0.257386868352 0.278593538762 0.282201533121 0.28200661584 0.281797759274 0.292507939928 -3.31126070257 -3.01408317334 5.35417689932 0.290633229938 0.281460742766
0.9095 0.280499187022 2.76841601073 0.65177245936 0.181 0.25597265479 0.277062805032 0.280650975246 0.280499226582 0.280294473652 0.290851292739 -3.31532736187 -3.01547110096 5.36073654319 0.28894640158 0.279952593854
0.91 0.278991106039 2.75353184803 0.651762849996 0.18 0.254558441227 0.275532071303 0.279100417372 0.278991145205 0.278790895847 0.289192613263 -3.3193898407 -3.01685158821 5.36721645729 0.287257512344 0.278443818564
0.9105 0.277482336674 2.73864089126 0.651753240633 0.179 0.253144227665 0.274001337573 0.277549859498 0.277482375432 0.277287032299 0.287531903602 -3.32344809572 -3.01822463168 5.37361639551 0.28556656223 0.276934421353
0.911 0.275972882649 2.72374317717 0.651743631269 0.178 0.251730014102 0.272470603844 0.275999301623 0.275972920984 0.275782889454 0.285869165878 -3.32750208349 -3.01959022798 5.37993611354 0.283873551239 0.275424406679
0.9115 0.274462747688 2.70883874251 0.651734021905 0.177 0.25031580054 0.270939870114 0.274448743749 0.274462785585 0.274278473754 0.284204402237 -3.33155176048 -3.02094837374 5.38617536877 0.28217847937 0.273913779009
0.912 0.272951935517 2.69392762407 0.651724412542 0.176 0.248901586978 0.269409136385 0.272898185875 0.272951972963 0.272773791644 0.282537614844 -3.33559708303 -3.0222990656 5.39233392043 0.280481346623 0.272402542814
0.9125 0.271440449865 2.67900985862 0.651714803178 0.175 0.247487373415 0.267878402656 0.271347628001 0.271440486845 0.27126884957 0.280868805887 -3.33963800742 -3.02364230025 5.39841152949 0.278782152999 0.270890702571
0.913 0.26992829446 2.66408548299 0.651705193815 0.174 0.246073159853 0.266347668926 0.269797070126 0.26992833096 0.269763653976 0.279197977577 -3.34367448979 -3.02497807436 5.40440795876 0.277080898497 0.269378262762
0.9135 0.268415473035 2.64915453398 0.651695584451 0.173 0.244658946291 0.264816935197 0.268246512252 0.26841550904 0.268258211307 0.277525132145 -3.3477064862 -3.02630638464 5.41032297285 0.275377583117 0.267865227874
0.914 0.26690198932 2.63421704846 0.651685975087 0.172 0.243244732728 0.263286201467 0.266695954378 0.266902024816 0.26675252801 0.275850271845 -3.3517339526 -3.02762722781 5.41615633823 0.27367220686 0.2663516024
0.9145 0.265387847052 2.61927306326 0.651676365724 0.171 0.241830519166 0.261755467738 0.265145396503 0.265387882024 0.265246610528 0.274173398954 -3.35575684486 -3.0289406006 5.4219078232 0.271964769725 0.264837390839
0.915 0.263873049965 2.60432261527 0.65166675636 0.17 0.240416305603 0.260224734008 0.263594838629 0.2638730844 0.263740465308 0.27249451577 -3.35977511872 -3.03024649979 5.42757719793 0.270255271712 0.263322597695
0.9155 0.262357601798 2.58936574137 0.651657146996 0.169 0.239002092041 0.258694000279 0.262044280755 0.26235763568 0.262234098794 0.270813624613 -3.36378872987 -3.03154492215 5.43316423448 0.268543712822 0.261807227477
0.916 0.26084150629 2.57440247847 0.651647537633 0.168 0.237587878479 0.257163266549 0.260493722881 0.260841539606 0.260727517431 0.269130727825 -3.36779763387 -3.03283586447 5.43866870679 0.266830093054 0.2602912847
0.9165 0.259324767181 2.55943286348 0.651637928269 0.167 0.236173664916 0.25563253282 0.258943165006 0.259324799916 0.259220727664 0.267445827771 -3.3718017862 -3.03411932357 5.44409039071 0.265114412409 0.258774773884
0.917 0.257807388214 2.54445693335 0.651628318906 0.166 0.234759451354 0.25410179909 0.257392607132 0.257807420354 0.257713735936 0.265758926838 -3.37580114224 -3.03539529628 5.44942906403 0.263396670885 0.257257699554
0.9175 0.256289373133 2.52947472503 0.651618709542 0.165 0.233345237792 0.252571065361 0.255842049258 0.256289404664 0.256206548691 0.264070027436 -3.37979565728 -3.03666377946 5.45468450646 0.261676868485 0.255740066241
0.918 0.254770725683 2.51448627547 0.651609100178 0.164 0.231931024229 0.251040331631 0.254291491383 0.254770756592 0.254699172371 0.262379131995 -3.38378528652 -3.03792476996 5.45985649967 0.259955005206 0.254221878483
0.9185 0.253251449612 2.49949162168 0.651599490815 0.163 0.230516810667 0.249509597902 0.252740933509 0.253251479884 0.253191613419 0.260686242971 -3.38776998508 -3.0391782647 5.4649448273 0.25823108105 0.252703140821
0.919 0.251731548668 2.48449080063 0.651589881451 0.162 0.229102597104 0.247978864173 0.251190375635 0.251731578289 0.251683878275 0.258991362839 -3.39174970797 -3.04042426056 5.46994927495 0.256505096016 0.251183857802
0.9195 0.250211026602 2.46948384935 0.651580272087 0.161 0.227688383542 0.246448130443 0.249639817761 0.250211055558 0.25017597338 0.2572944941 -3.39572441012 -3.04166275448 5.47486963024 0.254777050105 0.249664033979
0.92 0.248689887165 2.45447080487 0.651570662724 0.16 0.22627416998 0.244917396714 0.248089259886 0.248689915442 0.248667905171 0.255595639273 -3.39969404638 -3.04289374339 5.47970568279 0.253046943315 0.248143673911
0.9205 0.24716813411 2.43945170422 0.65156105336 0.159 0.224859956417 0.243386662984 0.246538702012 0.247168161695 0.247159680089 0.253894800905 -3.40365857151 -3.04411722427 5.48445722425 0.251314775649 0.24662278216
0.921 0.245645771192 2.42442658447 0.651551443997 0.158 0.223445742855 0.241855929255 0.244988144138 0.245645798072 0.245651304568 0.252191981561 -3.40761794018 -3.04533319409 5.48912404828 0.249580547104 0.245101363297
0.9215 0.244122802168 2.40939548269 0.651541834633 0.157 0.222031529293 0.240325195525 0.243437586263 0.244122828328 0.244142785045 0.250487183832 -3.41157210699 -3.04654164986 5.49370595064 0.247844257682 0.243579421895
0.922 0.242599230795 2.39435843596 0.651532225269 0.156 0.22061731573 0.238794461796 0.241887028389 0.242599256223 0.242634127953 0.248780410329 -3.41552102644 -3.04774258859 5.49820272911 0.246105907383 0.242056962535
0.9225 0.241075060833 2.37931548139 0.651522615906 0.155 0.219203102168 0.237263728066 0.240336470515 0.241075085514 0.241125339725 0.247071663688 -3.41946465295 -3.04893600731 5.50261418357 0.244365496205 0.240533989803
0.923 0.239550296042 2.3642666561 0.651513006542 0.154 0.217788888605 0.235732994337 0.238785912641 0.239550319964 0.239616426791 0.245360946566 -3.42340294087 -3.05012190309 5.50694011601 0.24262302415 0.239010508287
0.9235 0.238024940184 2.34921199721 0.651503397178 0.153 0.216374675043 0.234202260607 0.237235354766 0.238024963334 0.238107395582 0.243648261644 -3.42733584447 -3.05130027299 5.5111803305 0.240878491217 0.237486522587
0.924 0.236498997024 2.33415154188 0.651493787815 0.152 0.214960461481 0.232671526878 0.235684796892 0.236499019389 0.236598252523 0.241933611626 -3.43126331792 -3.05247111412 5.51533463325 0.239131897407 0.235962037302
0.9245 0.234972470325 2.31908532726 0.651484178451 0.151 0.213546247918 0.231140793149 0.234134239018 0.234972491893 0.235089004041 0.240216999239 -3.43518531533 -3.05363442358 5.5194028326 0.237383242719 0.23443705704
0.925 0.233445363856 2.30401339053 0.651474569088 0.15 0.212132034356 0.229610059419 0.232583681143 0.233445384613 0.233579656558 0.238498427231 -3.43910179074 -3.05479019849 5.52338473905 0.235632527154 0.232911586414
0.9255 0.231917681383 2.28893576887 0.651464959724 0.149 0.210717820794 0.22807932569 0.231033123269 0.231917701317 0.232070216497 0.236777898376 -3.4430126981 -3.05593843602 5.52728016525 0.23387975071 0.231385630041
0.926 0.230389426677 2.27385249949 0.65145535036 0.148 0.209303607231 0.22654859196 0.229482565395 0.230389445775 0.230560690277 0.235055415469 -3.44691799129 -3.05707913332 5.53108892603 0.232124913389 0.229859192545
0.9265 0.228860603507 2.25876361961 0.651445740997 0.147 0.207889393669 0.225017858231 0.227932007521 0.228860621758 0.229051084314 0.233330981328 -3.45081762411 -3.05821228758 5.53481083842 0.230368015191 0.228332278556
0.927 0.227331215647 2.24366916645 0.651436131633 0.146 0.206475180106 0.223487124501 0.226381449646 0.227331233038 0.227541405023 0.231604598796 -3.45471155031 -3.05933789601 5.53844572166 0.228609056114 0.226804892707
0.9275 0.225801266869 2.22856917726 0.651426522269 0.145 0.205060966544 0.221956390772 0.224830891772 0.22580128339 0.226031658816 0.229876270737 -3.45859972355 -3.06045595583 5.5419933972 0.226848036161 0.225277039638
0.928 0.224270760949 2.2134636893 0.651416912906 0.144 0.203646752982 0.220425657042 0.223280333898 0.224270776587 0.224521852103 0.228146000039 -3.46248209741 -3.06156646427 5.54545368872 0.225084955329 0.223748723995
0.9285 0.222739701664 2.19835273984 0.651407303542 0.143 0.202232539419 0.218894923313 0.221729776023 0.222739716407 0.223011991291 0.226413789614 -3.46635862542 -3.06266941861 5.54882642216 0.22331981362 0.222219950427
0.929 0.22120809279 2.18323636616 0.651397694179 0.142 0.200818325857 0.217364189583 0.220179218149 0.221208106628 0.221502082783 0.224679642396 -3.47022926104 -3.06376481611 5.5521114257 0.221552611033 0.220690723591
0.9295 0.219675938108 2.16811460556 0.651388084815 0.141 0.199404112295 0.215833455854 0.218628660275 0.219675951029 0.219992132982 0.222943561342 -3.47409395766 -3.06485265407 5.55530852981 0.219783347568 0.21916104815
0.93 0.218143241397 2.15298749536 0.651378475451 0.14 0.197989898732 0.214302722124 0.2170781024 0.218143253391 0.218482148285 0.221205549436 -3.47795266861 -3.06593292982 5.55841756725 0.218012023226 0.217630928768
0.9305 0.216610006439 2.13785507287 0.651368866088 0.139 0.19657568517 0.212771988395 0.215527544526 0.216610017495 0.216972135089 0.219465609679 -3.48180534714 -3.06700564068 5.56143837307 0.216238638006 0.21610037012
0.931 0.215076237017 2.12271737543 0.651359256724 0.138 0.195161471607 0.211241254666 0.213976986652 0.215076247125 0.215462099785 0.217723745102 -3.48565194644 -3.06807078402 5.56437078464 0.214463191909 0.214569376882
0.9315 0.213541936916 2.10757444041 0.65134964736 0.137 0.193747258045 0.209710520936 0.212426428778 0.213541946066 0.213952048763 0.215979958754 -3.48949241966 -3.06912835719 5.56721464165 0.212685684934 0.213037953738
0.932 0.212007109922 2.09242630515 0.651340037997 0.136 0.192333044483 0.208179787207 0.210875870903 0.212007118104 0.212441988408 0.214234253711 -3.49332671987 -3.07017835759 5.56996978614 0.210906117081 0.211506105378
0.9325 0.210471759821 2.07727300704 0.651330428633 0.135 0.19091883092 0.206649053477 0.209325313029 0.210471767026 0.210931925102 0.212486633071 -3.49715480008 -3.07122078263 5.5726360625 0.209124488351 0.209973836493
0.933 0.208935890402 2.06211458346 0.65132081927 0.134 0.189504617358 0.205118319748 0.207774755155 0.20893589662 0.209421865226 0.210737099955 -3.50097661325 -3.07225562974 5.57521331748 0.207340798743 0.208441151786
0.9335 0.207399505455 2.04695107182 0.651311209906 0.133 0.188090403796 0.203587586018 0.20622419728 0.207399510676 0.207911815154 0.20898565751 -3.50479211227 -3.07328289637 5.57770140023 0.205555048257 0.20690805596
0.934 0.20586260877 2.03178250953 0.651301600542 0.132 0.186676190233 0.202056852289 0.204673639406 0.205862612987 0.206401781258 0.207232308903 -3.50860125 -3.07430257997 5.58010016227 0.203767236894 0.205374553725
0.9345 0.204325204139 2.01660893403 0.651291991179 0.131 0.185261976671 0.200526118559 0.203123081532 0.204325207343 0.204891769905 0.205477057328 -3.5124039792 -3.07531467804 5.58240945753 0.201977364653 0.203840649799
0.935 0.202787295357 2.00143038274 0.651282381815 0.13 0.183847763109 0.19899538483 0.201572523658 0.202787297539 0.203381787461 0.203719906 -3.51620025262 -3.07631918808 5.58462914237 0.200185431534 0.202306348901
0.9355 0.201248886216 1.98624689311 0.651272772451 0.129 0.182433549546 0.1974646511 0.200021965783 0.20124888737 0.201871840284 0.201960858159 -3.51999002294 -3.0773161076 5.58675907558 0.198391437538 0.200771655759
0.936 0.199709980514 1.97105850263 0.651263163088 0.128 0.181019335984 0.195933917371 0.198471407909 0.199709980631 0.200361934732 0.200199917069 -3.52377324279 -3.07830543415 5.58879911838 0.196595382664 0.199236575105
0.9365 0.198170582048 1.95586524875 0.651253553724 0.127 0.179605122421 0.194403183641 0.196920850035 0.198170581121 0.198852077156 0.198437086016 -3.52754986475 -3.07928716529 5.59074913446 0.194797266912 0.197701111677
0.937 0.196630694615 1.94066716897 0.651243944361 0.126 0.178190908859 0.192872449912 0.19537029216 0.196630692638 0.197342273903 0.196672368311 -3.53131984134 -3.0802612986 5.59260898999 0.192997090283 0.196165270218
0.9375 0.195090322016 1.92546430078 0.651234334997 0.125 0.176776695297 0.191341716183 0.193819734286 0.195090318981 0.195832531318 0.19490576729 -3.53508312506 -3.08122783166 5.59437855358 0.191194852776 0.194629055476
0.938 0.193549468051 1.9102566817 0.651224725633 0.124 0.175362481734 0.189810982453 0.192269176412 0.193549463953 0.194322855739 0.19313728631 -3.53883966834 -3.08218676211 5.59605769639 0.189390554391 0.193092472204
0.9385 0.192008136522 1.89504434926 0.65121511627 0.123 0.173948268172 0.188280248724 0.190718618538 0.192008131354 0.192813253501 0.191366928753 -3.54258942356 -3.08313808756 5.59764629205 0.187584195129 0.191555525164
0.939 0.190466331231 1.87982734098 0.651205506906 0.122 0.17253405461 0.186749514994 0.189168060663 0.19046632499 0.191303730933 0.189594698026 -3.54633234309 -3.08408180568 5.59914421672 0.185775774989 0.190018219118
0.9395 0.188924055984 1.86460569441 0.651195897542 0.121 0.171119841047 0.185218781265 0.187617502789 0.188924048663 0.189794294361 0.187820597557 -3.55006837922 -3.08501791413 5.60055134908 0.183965293971 0.188480558838
0.94 0.187381314586 1.84937944712 0.651186288179 0.12 0.169705627485 0.183688047535 0.186066944915 0.187381306181 0.188284950106 0.186044630802 -3.55379748421 -3.0859464106 5.60186757038 0.182152752076 0.1869425491
0.9405 0.185838110843 1.83414863666 0.651176678815 0.119 0.168291413922 0.182157313806 0.18451638704 0.18583810135 0.186775704482 0.184266801236 -3.5575196103 -3.08686729281 5.60309276441 0.180338149303 0.185404194683
0.941 0.184294448562 1.81891330063 0.651167069452 0.118 0.16687720036 0.180626580076 0.182965829166 0.184294437978 0.1852665638 0.182487112362 -3.56123470967 -3.08778055849 5.60422681752 0.178521485653 0.183865500376
0.9415 0.182750331554 1.8036734766 0.651157460088 0.117 0.165462986798 0.179095846347 0.181415271292 0.182750319875 0.183757534367 0.180705567706 -3.56494273446 -3.08868620537 5.60526961865 0.176702761125 0.182326470969
0.942 0.181205763627 1.7884292022 0.651147850724 0.116 0.164048773235 0.177565112617 0.179864713418 0.18120575085 0.182248622481 0.178922170815 -3.5686436368 -3.08958423122 5.60622105933 0.174881975719 0.180787111261
0.9425 0.179660748593 1.77318051502 0.651138241361 0.115 0.162634559673 0.176034378888 0.178314155543 0.179660734716 0.180739834439 0.177136925264 -3.57233736874 -3.09047463383 5.60708103369 0.173059129435 0.179247426053
0.943 0.178115290264 1.75792745269 0.651128631997 0.114 0.161220346111 0.174503645158 0.176763597669 0.178115275285 0.17923117653 0.175349834649 -3.57602388235 -3.09135741101 5.60784943849 0.171234222274 0.177707420155
0.9435 0.176569392453 1.74267005286 0.651119022633 0.113 0.159806132548 0.172972911429 0.175213039795 0.176569376371 0.177722655039 0.173560902593 -3.57970312963 -3.09223256056 5.6085261731 0.169407254236 0.176167098381
0.944 0.175023058975 1.72740835315 0.65110941327 0.112 0.158391918986 0.1714421777 0.17366248192 0.175023041788 0.176214276244 0.171770132739 -3.58337506257 -3.09310008034 5.60911113952 0.167578225319 0.174626465548
0.9445 0.173476293645 1.71214239124 0.651099803906 0.111 0.156977705423 0.16991144397 0.172111924046 0.173476275353 0.174706046419 0.169977528757 -3.58703963311 -3.09395996821 5.60960424244 0.165747135525 0.173085526483
0.945 0.171929100279 1.69687220479 0.651090194543 0.11 0.155563491861 0.168380710241 0.170561366172 0.171929080883 0.173197971832 0.168183094341 -3.59069679317 -3.09481222203 5.61000538916 0.163913984853 0.171544286014
0.9455 0.170381482696 1.68159783148 0.651080585179 0.109 0.154149278299 0.166849976511 0.169010808298 0.170381462195 0.171690058743 0.166386833207 -3.59434649466 -3.09565683971 5.61031448969 0.162078773304 0.170002748978
0.946 0.168833444713 1.66631930899 0.651070975815 0.108 0.152735064736 0.165319242782 0.167460250423 0.168833423109 0.170182313409 0.164588749097 -3.59798868945 -3.09649381917 5.6105314567 0.160241500877 0.168460920215
0.9465 0.16728499015 1.65103667502 0.651061366452 0.107 0.151320851174 0.163788509052 0.165909692549 0.167284967445 0.16867474208 0.162788845777 -3.60162332937 -3.09732315834 5.61065620558 0.158402167572 0.166918804572
0.947 0.165736122828 1.63574996728 0.651051757088 0.106 0.149906637612 0.162257775323 0.164359134675 0.165736099024 0.167167351 0.160987127035 -3.60525036626 -3.09814485517 5.6106886544 0.15656077339 0.1653764069
0.9475 0.164186846569 1.6204592235 0.651042147724 0.105 0.148492424049 0.160727041593 0.1628085768 0.164186821669 0.165660146406 0.159183596686 -3.60886975192 -3.09895890763 5.61062872396 0.15471731833 0.163833732057
0.948 0.162637165195 1.60516448139 0.651032538361 0.104 0.147078210487 0.159196307864 0.161258018926 0.162637139202 0.164153134531 0.157378258566 -3.61248143814 -3.09976531372 5.61047633778 0.152871802392 0.162290784905
0.9485 0.16108708253 1.5898657787 0.651022928997 0.103 0.145663996924 0.157665574134 0.159707461052 0.161087055449 0.162646321598 0.155571116539 -3.61608537666 -3.10056407145 5.61023142213 0.151024225577 0.160747570313
0.949 0.159536602398 1.57456315317 0.651013319634 0.102 0.144249783362 0.156134840405 0.158156903178 0.159536574233 0.161139713828 0.153762174489 -3.61968151925 -3.10135517885 5.60989390602 0.149174587884 0.159204093154
0.9495 0.157985728626 1.55925664256 0.65100371027 0.101 0.1428355698 0.154604106675 0.156606345303 0.157985699383 0.159633317431 0.151951436327 -3.62326981763 -3.10213863396 5.60946372122 0.147322889313 0.157660358306
0.95 0.15643446504 1.54394628464 0.650994100906 0.1 0.141421356237 0.153073372946 0.155055787429 0.156434434724 0.158127138615 0.150138905987 -3.62685022352 -3.10291443485 5.60894080227 0.145469129865 0.156116370655
0.9505 0.154882815468 1.52863211719 0.650984491543 0.099 0.140007142675 0.151542639217 0.153505229555 0.154882784086 0.156621183577 0.148324587427 -3.63042268861 -3.10368257961 5.60832508649 0.143613309539 0.15457213509
0.951 0.153330783737 1.51331417799 0.650974882179 0.098 0.138592929113 0.150011905487 0.15195467168 0.153330751296 0.15511545851 0.14650848463 -3.63398716461 -3.10444306634 5.607616514 0.141755428336 0.153027656507
0.9515 0.151778373678 1.49799250484 0.650965272815 0.097 0.13717871555 0.148481171758 0.150404113806 0.151778340187 0.1536099696 0.144690601602 -3.6375436032 -3.10519589316 5.60681502769 0.139895486254 0.151482939806
0.952 0.150225589121 1.48266713554 0.650955663452 0.096 0.135764501988 0.146950438028 0.148853555932 0.150225554588 0.152104723024 0.142870942374 -3.64109195604 -3.10594105823 5.6059205733 0.138033483296 0.149937989892
0.9525 0.148672433897 1.46733810791 0.650946054088 0.095 0.134350288425 0.145419704299 0.147302998057 0.148672398331 0.150599724955 0.141049511001 -3.64463217479 -3.10667855969 5.60493309937 0.136169419459 0.148392811679
0.953 0.147118911839 1.45200545977 0.650936444725 0.094 0.132936074863 0.143888970569 0.145752440183 0.147118875251 0.149094981555 0.139226311563 -3.64816421113 -3.10740839573 5.60385255727 0.134303294745 0.146847410083
0.9535 0.145565026779 1.43666922894 0.650926835361 0.093 0.131521861301 0.14235823684 0.144201882309 0.14556498918 0.147590498983 0.137401348162 -3.6516880167 -3.10813056455 5.60267890121 0.132435109153 0.145301790026
0.954 0.144010782552 1.42132945328 0.650917225997 0.092 0.130107647738 0.14082750311 0.142651324435 0.144010743953 0.146086283388 0.135574624926 -3.65520354314 -3.10884506437 5.60141208825 0.130564862684 0.143755956436
0.9545 0.142456182993 1.40598617063 0.650907616634 0.091 0.128693434176 0.139296769381 0.14110076656 0.142456143407 0.144582340913 0.133746146007 -3.65871074212 -3.10955189342 5.60005207832 0.128692555337 0.142209914247
0.955 0.140901231938 1.39063941885 0.65089800727 0.09 0.127279220614 0.137766035651 0.139550208686 0.140901191378 0.143078677692 0.13191591558 -3.66220956527 -3.11025104996 5.5985988342 0.126818187112 0.140663668397
0.9555 0.139345933222 1.3752892358 0.650888397906 0.089 0.125865007051 0.136235301922 0.137999650812 0.139345891702 0.141575299852 0.130083937846 -3.66569996426 -3.11094253227 5.59705232156 0.124941758009 0.13911722383
0.956 0.137790290685 1.35993565937 0.650878788543 0.088 0.124450793489 0.134704568193 0.136449092937 0.13779024822 0.140072213513 0.128250217028 -3.66918189072 -3.11162633863 5.59541250896 0.123063268029 0.137570585497
0.9565 0.136234308163 1.34457872743 0.650869179179 0.087 0.123036579926 0.133173834463 0.134898535063 0.136234264769 0.138569424788 0.126414757375 -3.67265529631 -3.11230246737 5.59367936784 0.121182717172 0.136023758352
0.957 0.134677989497 1.32921847787 0.650859569816 0.086 0.121622366364 0.131643100734 0.133347977189 0.13467794519 0.13706693978 0.12457756316 -3.6761201327 -3.11297091681 5.59185287256 0.119300105436 0.134476747355
0.9575 0.133121338527 1.3138549486 0.650849960452 0.085 0.120208152802 0.130112367004 0.131797419315 0.133121293324 0.135564764585 0.122738638679 -3.67957635155 -3.1136316853 5.58993300038 0.117415432823 0.132929557473
0.958 0.131564359092 1.29848817752 0.650840351088 0.084 0.118793939239 0.128581633275 0.13024686144 0.131564313013 0.134062905291 0.120897988252 -3.68302390454 -3.11428477122 5.5879197315 0.115528699332 0.131382193678
0.9585 0.130007055036 1.28311820256 0.650830741725 0.083 0.117379725677 0.127050899545 0.128696303566 0.130007008099 0.13256136798 0.119055616226 -3.68646274336 -3.11493017294 5.58581304903 0.113639904964 0.129834660945
0.959 0.1284494302 1.26774506162 0.650821132361 0.082 0.115965512115 0.125520165816 0.127145745692 0.128449382426 0.131060158722 0.11721152697 -3.68989281969 -3.11556788889 5.58361293905 0.111749049718 0.128286964257
0.9595 0.126891488428 1.25236879265 0.650811522997 0.081 0.114551298552 0.123989432086 0.125595187817 0.126891439837 0.129559283581 0.115365724875 -3.69331408526 -3.11619791748 5.58131939055 0.109856133594 0.126739108602
0.96 0.125333233564 1.23698943359 0.650801913634 0.08 0.11313708499 0.122458698357 0.124044629943 0.125333184179 0.128058748613 0.113518214361 -3.69672649179 -3.11682025717 5.5789323955 0.107961156593 0.125191098973
0.9605 0.123774669453 1.22160702238 0.65079230427 0.079 0.111722871427 0.120927964627 0.122494072069 0.123774619296 0.126558559865 0.111668999868 -3.70012999101 -3.11743490641 5.57645194884 0.106064118714 0.123642940368
0.961 0.12221579994 1.20622159697 0.650782694907 0.078 0.110308657865 0.119397230898 0.120943514195 0.122215749036 0.125058723375 0.109818085862 -3.70352453468 -3.11804186369 5.57387804846 0.104165019958 0.122094637792
0.9615 0.120656628871 1.19083319533 0.650773085543 0.077 0.108894444303 0.117866497168 0.11939295632 0.120656577246 0.123559245172 0.107965476834 -3.70691007458 -3.11864112751 5.57121069523 0.102263860323 0.120546196253
0.962 0.119097160095 1.17544185543 0.650763476179 0.076 0.10748023074 0.116335763439 0.117842398446 0.119097107773 0.122060131279 0.106111177296 -3.71028656251 -3.11923269639 5.56844989305 0.100360639811 0.118997620768
0.9625 0.117537397458 1.16004761524 0.650753866816 0.075 0.106066017178 0.11480502971 0.116291840572 0.117537344467 0.120561387708 0.104255191788 -3.71365395027 -3.11981656888 5.56559564875 0.0984553584219 0.117448916355
0.963 0.115977344809 1.14465051275 0.650744257452 0.074 0.104651803616 0.11327429598 0.114741282697 0.115977291177 0.119063020462 0.102397524871 -3.71701218972 -3.12039274353 5.56264797222 0.0965480161547 0.115900088042
0.9635 0.114417005998 1.12925058595 0.650734648088 0.073 0.103237590053 0.111743562251 0.113190724823 0.114416951755 0.117565035536 0.100538181131 -3.72036123272 -3.12096121892 5.55960687633 0.0946386130099 0.114351140858
0.964 0.112856384873 1.11384787284 0.650725038725 0.072 0.101823376491 0.110212828521 0.111640166949 0.11285633005 0.116067438915 0.0986771651789 -3.72370103115 -3.12152199365 5.55647237698 0.0927271489874 0.112802079841
0.9645 0.111295485288 1.09844241142 0.650715429361 0.071 0.100409162928 0.108682094792 0.110089609075 0.111295429914 0.114570236576 0.0968144816487 -3.72703153695 -3.12207506634 5.55324449307 0.0908136240872 0.111252910032
0.965 0.109734311091 1.08303423969 0.650705819998 0.07 0.0989949493661 0.107151361062 0.1085390512 0.109734255201 0.113073434487 0.0949501351987 -3.73035270205 -3.12262043561 5.54992324658 0.0888980383094 0.10970363648
0.9655 0.108172866136 1.06762339569 0.650696210634 0.069 0.0975807358037 0.105620627333 0.106988493326 0.108172809763 0.111577038606 0.0930841305114 -3.73366447843 -3.12315810013 5.54650866248 0.0869803916539 0.108154264237
0.966 0.106611154275 1.05220991744 0.65068660127 0.068 0.0961665222414 0.104089893603 0.105437935452 0.106611097454 0.110081054881 0.0912164722931 -3.73696681811 -3.12368805857 5.5430007688 0.0850606841208 0.106604798361
0.9665 0.105049179362 1.03679384296 0.650676991907 0.067 0.094752308679 0.102559159874 0.103887377577 0.105049122129 0.108585489253 0.0893471652741 -3.74025967314 -3.12421030962 5.53939959665 0.08313891571 0.105055243916
0.967 0.10348694525 1.0213752103 0.650667382543 0.066 0.0933380951166 0.101028426144 0.102336819703 0.103486887644 0.10709034765 0.0874762142087 -3.74354299559 -3.12472485199 5.53570518015 0.0812150864216 0.103505605972
0.9675 0.101924455795 1.00595405749 0.650657773179 0.065 0.0919238815543 0.0994976924149 0.100786261829 0.101924397853 0.105595635994 0.0856036238753 -3.74681673757 -3.12523168441 5.53191755652 0.0792891962555 0.101955889602
0.968 0.100361714851 0.990530422596 0.650648163816 0.064 0.0905096679919 0.0979669586855 0.0992357039545 0.100361656613 0.104101360195 0.0837293990759 -3.75008085126 -3.12573080563 5.52803676604 0.0773612452118 0.100406099888
0.9685 0.0987987262748 0.975104343664 0.650638554452 0.063 0.0890954544295 0.096436224956 0.0976851460802 0.0987986677825 0.102607526153 0.0818535446367 -3.75333528883 -3.12622221442 5.52406285207 0.0754312332904 0.0988562419151
0.969 0.0972354939224 0.959675858759 0.650628945089 0.062 0.0876812408671 0.0949054912265 0.0961345882059 0.0972354352183 0.101114139761 0.0799760654077 -3.75658000254 -3.12670590957 5.51999586104 0.0734991604913 0.0973063207735
0.9695 0.0956720216511 0.944245005948 0.650619335725 0.061 0.0862670273048 0.0933747574971 0.0945840303316 0.095671962779 0.0996212068993 0.0780969662627 -3.75981494465 -3.12718188989 5.51583584248 0.0715650268147 0.0957563415601
0.97 0.0941083133185 0.928811823308 0.650609726361 0.06 0.0848528137424 0.0918440237676 0.0930334724574 0.0941082543238 0.0981287334391 0.0762162520996 -3.7630400675 -3.12765015419 5.51158284901 0.0696288322603 0.0942063093766
0.9705 0.0925443727831 0.913376348916 0.650600116998 0.059 0.08343860018 0.0903132900382 0.0914829145831 0.0925443137123 0.0966367252418 0.0743339278397 -3.76625532346 -3.12811070133 5.50723693635 0.0676905768283 0.0926562293303
0.971 0.0909802039036 0.897938620859 0.650590507634 0.058 0.0820243866176 0.0887825563087 0.0899323567088 0.0909801448047 0.0951451881584 0.0724499984285 -3.76946066494 -3.12856353016 5.50279816334 0.0657502605187 0.091106106534
0.9715 0.0894158105395 0.882498677227 0.65058089827 0.057 0.0806101730553 0.0872518225792 0.0883817988345 0.089415751462 0.0936541280299 0.0705644688351 -3.77265604441 -3.12900863958 5.49826659189 0.0638078833314 0.0895559461058
0.972 0.0878511965507 0.867056556118 0.650571288907 0.056 0.0791959594929 0.0857210888498 0.0868312409602 0.0878511375455 0.0921635506867 0.0686773440524 -3.77584141439 -3.12944602848 5.49364228707 0.0618634452664 0.0880057531693
0.9725 0.0862863657979 0.851612295633 0.650561679543 0.055 0.0777817459305 0.0841903551203 0.0852806830859 0.0862863069172 0.0906734619492 0.0667886290969 -3.77901672745 -3.12987569578 5.48892531705 0.0599169463238 0.0864555328536
0.973 0.0847213221421 0.83616593388 0.65055207018 0.054 0.0763675323681 0.0826596213909 0.0837301252116 0.0847212634397 0.089183867627 0.064898329009 -3.78218193622 -3.13029764042 5.48411575312 0.0579683865036 0.084905290293
0.9735 0.0831560694448 0.82071750897 0.650542460816 0.053 0.0749533188058 0.0811288876614 0.0821795673373 0.0831560109761 0.0876947735194 0.0630064488526 -3.78533699337 -3.13071186137 5.4792136697 0.0560177658057 0.0833550306276
0.974 0.0815906115682 0.805267059021 0.650532851452 0.052 0.0735391052434 0.0795981539319 0.080629009463 0.08159055339 0.0862061854151 0.0611129937154 -3.78848185165 -3.13111835759 5.47421914435 0.0540650842301 0.0818047590026
0.9745 0.0800249523748 0.789814622155 0.650523242089 0.051 0.072124891681 0.0780674202025 0.0790784515888 0.0800248945455 0.0847181090919 0.0592179687086 -3.79161646385 -3.1315171281 5.46913225777 0.0521103417769 0.0802544805688
0.975 0.0784590957278 0.774360236501 0.650513632725 0.05 0.0707106781187 0.076536686473 0.0775278937145 0.0784590383075 0.0832305503171 0.0573213789671 -3.79474078283 -3.13190817189 5.4639530938 0.050153538446 0.0787042004824
0.9755 0.0768930454909 0.75890394019 0.650504023361 0.049 0.0692964645563 0.0750059527436 0.0759773358402 0.076892988541 0.0817435148471 0.0554232296492 -3.7978547615 -3.13229148802 5.45868173943 0.0481946742375 0.0771539239051
0.976 0.0753268055279 0.743445771358 0.650494413998 0.048 0.0678822509939 0.0734752190141 0.0744267779659 0.0753267491118 0.0802570084273 0.0535235259368 -3.80095835284 -3.13266707552 5.45331828478 0.0462337491513 0.0756036560039
0.9765 0.0737603797036 0.727985768149 0.650484804634 0.047 0.0664680374315 0.0719444852846 0.0728762200916 0.0737603238861 0.0787710367923 0.0516222730354 -3.80405150991 -3.13303493348 5.44786282315 0.0442707631875 0.0740534019514
0.977 0.0721937718829 0.712523968706 0.650475195271 0.046 0.0650538238692 0.0704137515552 0.0713256622173 0.0721937167305 0.0772856056653 0.0497194761738 -3.80713418582 -3.13339506099 5.44231545098 0.0423057163461 0.0725031669255
0.9775 0.0706269859312 0.697060411182 0.650465585907 0.045 0.0636396103068 0.0688830178257 0.069775104343 0.0706269315122 0.0758007207588 0.0478151406042 -3.81020633374 -3.13374745716 5.43667626789 0.0403386086269 0.0709529561095
0.978 0.0690600257144 0.68159513373 0.650455976543 0.044 0.0622253967444 0.0673522840963 0.0682245464687 0.0690599720989 0.0743163877737 0.0459092716025 -3.81326790693 -3.13409212111 5.43094537663 0.0383694400301 0.0694027746924
0.9785 0.0674928950989 0.66612817451 0.65044636718 0.043 0.060811183182 0.0658215503668 0.0666739885944 0.0674928423585 0.0728326124 0.0440018744675 -3.8163188587 -3.13442905201 5.42512288316 0.0363982105557 0.0678526278684
0.979 0.0659255979514 0.650659571685 0.650436757816 0.042 0.0593969696197 0.0642908166373 0.0651234307201 0.0659255461597 0.071349400316 0.0420929545218 -3.81935914246 -3.13475824901 5.41920889658 0.0344249202036 0.0663025208372
0.9795 0.064358138139 0.635189363423 0.650427148452 0.041 0.0579827560573 0.0627600829079 0.0635728728459 0.0643580873714 0.0698667571887 0.0401825171108 -3.82238871167 -3.13507971131 5.41320352918 0.0324495689739 0.0647524588039
0.98 0.0627905195293 0.619717587893 0.650417539089 0.04 0.0565685424949 0.0612293491784 0.0620223149716 0.0627904698629 0.0683846886738 0.0382705676036 -3.82540751988 -3.13539343812 5.4071068964 0.0304721568665 0.0632024469791
0.9805 0.0612227459903 0.604244283272 0.650407929725 0.039 0.0551543289326 0.059698615449 0.0604717570973 0.0612226975041 0.066903200415 0.0363571113922 -3.82841552071 -3.13569942865 5.40091911689 0.0284926838815 0.0616524905788
0.981 0.0596548213902 0.588769487739 0.650398320362 0.038 0.0537401153702 0.0581678817195 0.058921199223 0.0596547741652 0.0654222980448 0.0344421538918 -3.83141266786 -3.13599768215 5.39464031246 0.0265111500188 0.0601025948244
0.9815 0.0580867495977 0.573293239475 0.650388710998 0.037 0.0523259018078 0.05663714799 0.0573706413487 0.0580867037167 0.0639419871837 0.032525700541 -3.83439891512 -3.13628819789 5.38827060812 0.0245275552784 0.0585527649428
0.982 0.056518534482 0.557815576667 0.650379101634 0.036 0.0509116882454 0.0551064142606 0.0558200834744 0.0565184900298 0.0624622734404 0.0306077568011 -3.83737421635 -3.13657097516 5.38181013203 0.0225418996604 0.0570030061663
0.9825 0.0549501799124 0.542336537505 0.650369492271 0.035 0.0494974746831 0.0535756805311 0.0542695256001 0.0549501369758 0.060983162412 0.0286883281566 -3.84033852549 -3.13684601324 5.37525901558 0.0205541831648 0.0554533237328
0.983 0.0533816897588 0.526856160181 0.650359882907 0.034 0.0480832611207 0.0520449468017 0.0527189677258 0.0533816484265 0.0595046596833 0.0267674201152 -3.84329179659 -3.13711331147 5.36861739332 0.0185644057915 0.0539037228853
0.9835 0.0518130678911 0.511374482892 0.650350273543 0.033 0.0466690475583 0.0505142130722 0.0511684098515 0.0518130282539 0.0580267708274 0.0248450382074 -3.84623398377 -3.13737286918 5.361885403 0.0165725675405 0.0523542088724
0.984 0.0502443181798 0.495891543837 0.65034066418 0.032 0.0452548339959 0.0489834793427 0.0496178519773 0.0502442803306 0.0565495014052 0.0229211879864 -3.84916504123 -3.13762468574 5.35506318556 0.0145786684119 0.0508047869484
0.9845 0.0486754444956 0.480407381219 0.650331054816 0.031 0.0438406204336 0.0474527456133 0.048067294103 0.0486754085294 0.0550728569654 0.0209958750287 -3.85208492328 -3.13786876052 5.34815088512 0.0125827084057 0.0492554623726
0.985 0.0471064507096 0.464922033244 0.650321445453 0.03 0.0424264068712 0.0459220118838 0.0465167362287 0.0471064167234 0.0535968430446 0.0190691049333 -3.85499358431 -3.13810509293 5.34114864902 0.0105846875218 0.0477062404099
0.9855 0.0455373406932 0.449435538119 0.650311836089 0.029 0.0410121933088 0.0443912781544 0.0449661783544 0.0455373087861 0.052121465167 0.0171408833222 -3.85789097881 -3.13833368237 5.33405662776 0.0085846057602 0.0461571263308
0.986 0.0439681183179 0.433947934058 0.650302226725 0.028 0.0395979797464 0.0428605444249 0.0434156204801 0.0439680885914 0.0506467288447 0.0152112158398 -3.86077706135 -3.13855452828 5.32687497506 0.00658246312099 0.044608125411
0.9865 0.0423987874556 0.418459259272 0.650292617362 0.027 0.0381837661841 0.0413298106954 0.0418650626058 0.0423987600133 0.0491726395769 0.0132801081537 -3.86365178662 -3.13876763012 5.31960384783 0.00457825960412 0.0430592429319
0.987 0.0408293519785 0.402969551981 0.650283007998 0.026 0.0367695526217 0.039799076966 0.0403145047315 0.0408293269262 0.0476992028509 0.0113475659536 -3.8665151094 -3.13897298737 5.31224340617 0.0025719952096 0.04151048418
0.9875 0.0392598157591 0.387478850402 0.650273398634 0.025 0.0353553390593 0.0382683432365 0.0387639468572 0.0392597932048 0.0462264241409 0.00941359495223 -3.86936698456 -3.13917059951 5.30479381338 0.000563669937432 0.0399618544474
0.988 0.0376901826699 0.371987192757 0.650263789271 0.024 0.033941125497 0.036737609507 0.0372133889829 0.0376901627242 0.0447543089089 0.00747820088452 -3.87220736707 -3.13936046606 5.29725523596 -0.00144671621239 0.0384133590318
0.9885 0.036120456584 0.356494617271 0.650254179907 0.023 0.0325269119346 0.0352068757776 0.0356628311087 0.0361204393595 0.0432828626039 0.00554138950808 -3.87503621203 -3.13954258655 5.28962784358 -0.00345916323987 0.0368650032361
0.989 0.0345506413745 0.34100116217 0.650244570544 0.022 0.0311126983722 0.0336761420481 0.0341122732344 0.0345506269863 0.0418120906624 0.00360316660289 -3.87785347461 -3.13971696053 5.28191180915 -0.005473671145 0.0353167923688
0.9895 0.0329807409146 0.325506865682 0.65023496118 0.021 0.0296984848098 0.0321454083187 0.0325617153601 0.0329807294803 0.0403419985078 0.00166353797132 -3.88065911012 -3.13988358757 5.27410730874 -0.00749023992778 0.0337687317436
0.99 0.0314107590781 0.310011766039 0.650225351816 0.02 0.0282842712475 0.0306146745892 0.0310111574858 0.0314107507175 0.0388725915509 -0.000277490561947 -3.88345307394 -3.14004246726 5.26621452163 -0.00950886958821 0.0322208266799
0.9905 0.0298406997387 0.294515901472 0.650215742453 0.019 0.0268700576851 0.0290839408597 0.0294605996115 0.0298406945741 0.0374038751892 -0.00221991314993 -3.88623532159 -3.14019359921 5.25823363027 -0.0115295601263 0.0306730825024
0.991 0.0282705667703 0.279019310217 0.650206133089 0.018 0.0254558441227 0.0275532071303 0.0279100417372 0.0282705649267 0.0359358548076 -0.00416372392345 -3.8890058087 -3.14033698304 5.25016482035 -0.013552311542 0.0291255045413
0.9915 0.0267003640471 0.263522030509 0.650196523725 0.017 0.0240416305603 0.0260224734008 0.0263594838629 0.0267003656519 0.0344685357775 -0.00610891699116 -3.89176449099 -3.1404726184 5.24200828069 -0.0155771238354 0.0275780981322
0.992 0.0251300954433 0.248024100587 0.650186914362 0.016 0.022627416998 0.0244917396714 0.0248089259886 0.0251301006265 0.0330019234575 -0.00805548643961 -3.89451132431 -3.14060050496 5.23376420336 -0.0176039970065 0.026030868616
0.9925 0.0235597648336 0.23252555869 0.650177304998 0.015 0.0212132034356 0.0229610059419 0.0232583681143 0.0235597737277 0.0315360231927 -0.0100034263333 -3.89724626463 -3.1407206424 5.22543278357 -0.0196329310552 0.0244838213394
0.993 0.0219893760925 0.21702644306 0.650167695635 0.014 0.0197989898732 0.0214302722124 0.02170781024 0.0219893888326 0.0300708403151 -0.0119527307148 -3.89996926803 -3.14083303043 5.21701421975 -0.0216639259815 0.0229369616542
0.9935 0.0204189330948 0.201526791938 0.650158086271 0.013 0.0183847763109 0.019899538483 0.0201572523658 0.0204189498189 0.0286063801433 -0.0139033936045 -3.90268029072 -3.14093766876 5.2085087135 -0.0236969817855 0.0213902949177
0.994 0.0188484397154 0.186026643569 0.650148476907 0.012 0.0169705627485 0.0183688047535 0.0186066944915 0.018848460564 0.0271426479825 -0.0158554090014 -3.905379289 -3.14103455713 5.19991646959 -0.0257320984672 0.0198438264927
0.9945 0.0172778998294 0.170526036197 0.650138867544 0.011 0.0155563491861 0.0168380710241 0.0170561366172 0.0172779249457 0.0256796491243 -0.0178087708822 -3.90806621933 -3.14112369532 5.19123769601 -0.0277692760265 0.0182975617475
0.995 0.0157073173118 0.15502500807 0.65012925818 0.01 0.0141421356237 0.0153073372946 0.0155055787429 0.015707346842 0.0242173888471 -0.0197634732022 -3.91074103828 -3.1412050831 5.18247260388 -0.0298085144634 0.0167515060557
0.9955 0.014136696038 0.139523597434 0.650119648816 0.009 0.0127279220614 0.0137766035651 0.0139550208686 0.0141367301309 0.0227558724155 -0.0217195098947 -3.91340370253 -3.14127872027 5.17362140753 -0.031849813778 0.0152056647964
0.996 0.0125660398834 0.124021842537 0.650110039453 0.008 0.011313708499 0.0122458698357 0.0124044629943 0.0125660786906 0.0212951050803 -0.0236768748717 -3.91605416891 -3.14134460664 5.16468432445 -0.0338931739703 0.0136600433541
0.9965 0.0109953527232 0.108519781629 0.650100430089 0.007 0.00989949493661 0.0107151361062 0.01085390512 0.0109953963994 0.0198350920788 -0.0256355620235 -3.91869239437 -3.14140274206 5.15566157531 -0.0359385950402 0.0121146471189
0.997 0.00942463843314 0.0930174529584 0.650090820726 0.006 0.00848528137424 0.00918440237676 0.00930334724574 0.00942468713581 0.0183758386345 -0.0275955652188 -3.92131833598 -3.14145312638 5.14655338393 -0.0379860769878 0.0105694814859
0.9975 0.00785390088871 0.0775148947769 0.650081211362 0.005 0.00707106781187 0.0076536686473 0.00775278937145 0.00785395477829 0.0169173499571 -0.029556878305 -3.92393195096 -3.14149575947 5.1373599773 -0.040035619813 0.00902455185625
0.998 0.00628314396556 0.0620121453352 0.650071601998 0.004 0.00565685424949 0.00612293491784 0.00620223149716 0.0062832032055 0.0154596312422 -0.0315194951082 -3.92653319666 -3.14153064124 5.12808158559 -0.0420872235159 0.00747986363605
0.9985 0.00471237153937 0.0465092428846 0.650061992635 0.003 0.00424264068712 0.00459220118838 0.00465167362287 0.00471243629614 0.0140026876717 -0.033483409433 -3.92912203054 -3.14155777159 5.11871844209 -0.0441408880964 0.00593542223705
0.999 0.00314158748588 0.031006225677 0.650052383271 0.002 0.00282842712475 0.00306146745892 0.00310111574858 0.00314165792901 0.0125465244133 -0.035448615063 -3.93169841024 -3.14157715046 5.10927078328 -0.0461966135545 0.0043912330764
0.9995 0.00157079568083 0.0155031319647 0.650042773907 0.001 0.00141421356237 0.00153073372946 0.00155055787429 0.00157087198297 0.0110911466207 -0.0374151057605 -3.93426229349 -3.14158877781 5.09973884876 -0.0482543998904 0.00284730157668
1 1.22464679915e-16 1.20867794386e-15 0.650033164544 1.22464679915e-16 1.22464679915e-16 1.22464679915e-16 0 8.23369374903e-08 0.0096365594336 -0.0393828752668 -3.93681363821 -3.14159265359 5.09012288128 -0.0503142471039 0.00130363316589
