x f sum b0 b1 b2 b3 b4 b5 b6 b7 b8 b9 b10 b11 b12 b13 b14 b15 b16 b17 b18 b19
-3 1.24582 1.25705 -0.219836 1.80511 -0.160666 -0.149 -0.0186784 -0.000404201 0.000548844 -1.70901e-05 -3.4201e-06 -4.72139e-08 1.06739e-09 3.95181e-11 1.00927e-13 -1.65659e-15 6.23547e-19 1.47271e-20 6.00439e-23 3.30911e-26 -1.90018e-28 1.18276e-32
-2.99 1.2592 1.26892 -0.219792 1.82769 -0.164744 -0.154724 -0.0196425 -0.000430466 0.000591939 -1.86663e-05 -3.78302e-06 -5.28878e-08 1.21086e-09 4.53997e-11 1.17422e-13 -1.95184e-15 7.44019e-19 1.77958e-20 7.34777e-23 4.10094e-26 -2.38481e-28 1.50328e-32
-2.98 1.27191 1.2802 -0.21966 1.84981 -0.168857 -0.160603 -0.020648 -0.000458256 0.000638162 -2.03797e-05 -4.18277e-06 -5.92199e-08 1.37307e-09 5.21359e-11 1.36558e-13 -2.29879e-15 8.87412e-19 2.14953e-20 8.9881e-23 5.08021e-26 -2.99183e-28 1.9099e-32
-2.97 1.28392 1.29084 -0.219441 1.87145 -0.173004 -0.166639 -0.0216964 -0.000487644 0.00068772 -2.22415e-05 -4.62292e-06 -6.62835e-08 1.55638e-09 5.98476e-11 1.5875e-13 -2.70633e-15 1.05802e-18 2.59536e-20 1.09902e-22 6.29081e-26 -3.75187e-28 2.42553e-32
-2.96 1.29521 1.30084 -0.219134 1.89259 -0.177183 -0.172833 -0.0227889 -0.000518709 0.00074083 -2.42637e-05 -5.10734e-06 -7.41601e-08 1.76346e-09 6.86725e-11 1.84474e-13 -3.18485e-15 1.26092e-18 3.1324e-20 1.3433e-22 7.78678e-26 -4.70311e-28 3.07914e-32
-2.95 1.30575 1.31017 -0.21874 1.9132 -0.181389 -0.179185 -0.0239268 -0.000551533 0.000797723 -2.64592e-05 -5.64027e-06 -8.29394e-08 1.9973e-09 7.87671e-11 2.14281e-13 -3.74648e-15 1.50212e-18 3.77905e-20 1.64121e-22 9.63463e-26 -5.89316e-28 3.90731e-32
-2.94 1.31552 1.31881 -0.218259 1.93326 -0.185621 -0.185697 -0.0251115 -0.000586199 0.000858641 -2.88418e-05 -6.22632e-06 -9.27209e-08 2.26123e-09 9.03095e-11 2.48805e-13 -4.40538e-15 1.78876e-18 4.55737e-20 2.00439e-22 1.19162e-25 -7.38138e-28 4.95625e-32
-2.93 1.32449 1.32674 -0.217692 1.95275 -0.189876 -0.192368 -0.0263443 -0.000622795 0.000923841 -3.14263e-05 -6.8705e-06 -1.03615e-07 2.55902e-09 1.03502e-10 2.88775e-13 -5.1781e-15 2.12924e-18 5.4938e-20 2.44695e-22 1.47322e-25 -9.24173e-28 6.28427e-32
-2.92 1.33266 1.33393 -0.21704 1.97165 -0.19415 -0.199199 -0.0276266 -0.00066141 0.000993595 -3.42288e-05 -7.57831e-06 -1.15742e-07 2.89487e-09 1.18574e-10 3.35032e-13 -6.08391e-15 2.53351e-18 6.61999e-20 2.98604e-22 1.82064e-25 -1.15663e-27 7.96495e-32
-2.91 1.33999 1.34036 -0.216303 1.98994 -0.198442 -0.20619 -0.0289597 -0.00070214 0.00106819 -3.72662e-05 -8.35569e-06 -1.29237e-07 3.27349e-09 1.35787e-10 3.88544e-13 -7.14533e-15 3.01334e-18 7.97385e-20 3.64244e-22 2.24909e-25 -1.44698e-27 1.00911e-31
-2.9 1.34647 1.34603 -0.215483 2.00759 -0.202747 -0.213342 -0.030345 -0.000745079 0.00114792 -4.0557e-05 -9.20913e-06 -1.44248e-07 3.70015e-09 1.55436e-10 4.50422e-13 -8.38856e-15 3.58261e-18 9.60075e-20 4.44135e-22 2.77726e-25 -1.8095e-27 1.27796e-31
-2.89 1.35208 1.3509 -0.21458 2.02459 -0.207063 -0.220653 -0.0317838 -0.000790328 0.00123311 -4.41207e-05 -1.01457e-05 -1.60937e-07 4.18074e-09 1.77857e-10 5.21946e-13 -9.84417e-15 4.25771e-18 1.1555e-19 5.41333e-22 3.42808e-25 -2.26193e-27 1.6178e-31
-2.88 1.3568 1.35496 -0.213595 2.04092 -0.211386 -0.228123 -0.0332776 -0.00083799 0.0013241 -4.79784e-05 -1.1173e-05 -1.79486e-07 4.72187e-09 2.03431e-10 6.04585e-13 -1.15477e-14 5.05802e-18 1.39014e-19 6.59538e-22 4.22972e-25 -2.82635e-27 2.04718e-31
-2.87 1.36063 1.3582 -0.21253 2.05655 -0.215713 -0.235752 -0.0348276 -0.000888171 0.00142123 -5.21525e-05 -1.22994e-05 -2.00093e-07 5.3309e-09 2.32589e-10 7.00029e-13 -1.35407e-14 6.00635e-18 1.67176e-19 8.03233e-22 5.21675e-25 -3.5302e-27 2.5895e-31
-2.86 1.36354 1.36059 -0.211385 2.07148 -0.220041 -0.243538 -0.0364352 -0.00094098 0.00152487 -5.6667e-05 -1.3534e-05 -2.22977e-07 6.01608e-09 2.65821e-10 8.10216e-13 -1.58713e-14 7.12963e-18 2.00963e-19 9.77844e-22 6.43152e-25 -4.40757e-27 3.27417e-31
-2.85 1.36552 1.36213 -0.210163 2.08568 -0.224365 -0.251481 -0.0381018 -0.000996531 0.00163542 -6.15478e-05 -1.48866e-05 -2.48378e-07 6.78661e-09 3.03678e-10 9.37371e-13 -1.85955e-14 8.45959e-18 2.41482e-19 1.18994e-21 7.92599e-25 -5.50079e-27 4.13822e-31
-2.84 1.36657 1.36279 -0.208864 2.09913 -0.228683 -0.259579 -0.0398287 -0.00105494 0.00175328 -6.68221e-05 -1.63677e-05 -2.76562e-07 7.65277e-09 3.46789e-10 1.08405e-12 -2.17787e-14 1.00336e-17 2.90054e-19 1.44745e-21 9.76382e-25 -6.86242e-27 5.22819e-31
-2.83 1.36666 1.36258 -0.20749 2.11183 -0.232991 -0.267831 -0.0416173 -0.00111632 0.00187889 -7.25195e-05 -1.79891e-05 -3.07822e-07 8.62602e-09 3.95861e-10 1.25318e-12 -2.54965e-14 1.18958e-17 3.48257e-19 1.75999e-21 1.2023e-24 -8.55767e-27 6.60261e-31
-2.82 1.3658 1.36146 -0.206042 2.12376 -0.237286 -0.276235 -0.0434687 -0.00118081 0.00201268 -7.86712e-05 -1.97631e-05 -3.42477e-07 9.71916e-09 4.51697e-10 1.44811e-12 -2.98371e-14 1.40979e-17 4.17972e-19 2.13917e-21 1.4799e-24 -1.06674e-26 8.33501e-31
-2.81 1.36397 1.35944 -0.204523 2.1349 -0.241562 -0.284789 -0.0453844 -0.00124852 0.00215515 -8.53105e-05 -2.17034e-05 -3.80882e-07 1.09465e-08 5.15202e-10 1.6727e-12 -3.49027e-14 1.6701e-17 5.01443e-19 2.59898e-21 1.82086e-24 -1.3292e-26 1.05178e-30
-2.8 1.36116 1.3565 -0.202934 2.14524 -0.245818 -0.293489 -0.0473655 -0.00131958 0.00230677 -9.24732e-05 -2.38247e-05 -4.23424e-07 1.23238e-08 5.874e-10 1.93135e-12 -4.08119e-14 1.97768e-17 6.01341e-19 3.15638e-21 2.23949e-24 -1.65557e-26 1.32668e-30
-2.79 1.35738 1.35264 -0.201277 2.15477 -0.250048 -0.302335 -0.0494133 -0.00139413 0.00246807 -0.000100197 -2.61428e-05 -4.70529e-07 1.38689e-08 6.69448e-10 2.2291e-12 -4.77025e-14 2.34098e-17 7.20854e-19 3.83179e-21 2.75325e-24 -2.06126e-26 1.67277e-30
-2.78 1.35261 1.34785 -0.199554 2.16347 -0.25425 -0.311323 -0.0515291 -0.00147231 0.0026396 -0.000108523 -2.8675e-05 -5.22665e-07 1.56014e-08 7.62651e-10 2.57172e-12 -5.57343e-14 2.7699e-17 8.63773e-19 4.64986e-21 3.38353e-24 -2.56532e-26 2.1083e-30
-2.77 1.34686 1.34211 -0.197766 2.17134 -0.258419 -0.32045 -0.053714 -0.00155424 0.00282192 -0.000117493 -3.144e-05 -5.80347e-07 1.75434e-08 8.68483e-10 2.96583e-12 -6.50923e-14 3.2761e-17 1.03461e-18 5.64033e-21 4.15643e-24 -3.19138e-26 2.65616e-30
-2.76 1.34012 1.33544 -0.195915 2.17837 -0.262551 -0.329712 -0.0559691 -0.00164008 0.00301562 -0.000127155 -3.44577e-05 -6.44136e-07 1.97192e-08 9.88606e-10 3.41895e-12 -7.59911e-14 3.87325e-17 1.23875e-18 6.83904e-21 5.10384e-24 -3.96863e-26 3.34504e-30
-2.75 1.33239 1.32782 -0.194005 2.18455 -0.266642 -0.339107 -0.0582955 -0.00172997 0.00322133 -0.000137555 -3.775e-05 -7.14651e-07 2.2156e-08 1.12489e-09 3.93974e-12 -8.86793e-14 4.57743e-17 1.48257e-18 8.28919e-21 6.2647e-24 -4.93321e-26 4.21091e-30
-2.74 1.32367 1.31924 -0.192036 2.18987 -0.270689 -0.34863 -0.0606944 -0.00182405 0.0034397 -0.000148747 -4.13403e-05 -7.92568e-07 2.4884e-08 1.27946e-09 4.53803e-12 -1.03445e-13 5.40746e-17 1.77367e-18 1.00428e-20 7.68652e-24 -6.12978e-26 5.2988e-30
-2.73 1.31397 1.30972 -0.190011 2.19432 -0.274687 -0.358276 -0.0631668 -0.00192249 0.0036714 -0.000160785 -4.5254e-05 -8.78629e-07 2.79367e-08 1.45467e-09 5.22509e-12 -1.2062e-13 6.38544e-17 2.12108e-18 1.21626e-20 9.42725e-24 -7.61353e-26 6.66507e-30
-2.72 1.30328 1.29925 -0.187932 2.1979 -0.278633 -0.368043 -0.0657135 -0.00202542 0.00391715 -0.000173727 -4.95183e-05 -9.73645e-07 3.13514e-08 1.65323e-09 6.01376e-12 -1.40591e-13 7.53729e-17 2.53552e-18 1.47238e-20 1.15576e-23 -9.45265e-26 8.38027e-30
-2.71 1.29162 1.28783 -0.185802 2.20061 -0.282523 -0.377925 -0.0683356 -0.00213301 0.00417767 -0.000187637 -5.41629e-05 -1.07851e-06 3.51693e-08 1.87813e-09 6.91871e-12 -1.63804e-13 8.89336e-17 3.02972e-18 1.78174e-20 1.41636e-23 -1.17313e-25 1.05326e-29
-2.7 1.27899 1.27546 -0.183623 2.20244 -0.286352 -0.387916 -0.0710339 -0.00224542 0.00445373 -0.000202579 -5.92193e-05 -1.19418e-06 3.94364e-08 2.13278e-09 7.95665e-12 -1.90772e-13 1.04892e-16 3.61881e-18 2.15522e-20 1.73504e-23 -1.45535e-25 1.32326e-29
-2.69 1.2654 1.26216 -0.181396 2.20339 -0.290117 -0.398013 -0.0738092 -0.00236281 0.00474614 -0.000218623 -6.4722e-05 -1.32173e-06 4.42035e-08 2.42098e-09 9.14665e-12 -2.22092e-13 1.23665e-16 4.3207e-18 2.60595e-20 2.12456e-23 -1.80474e-25 1.66179e-29
-2.68 1.25086 1.24792 -0.179125 2.20346 -0.293815 -0.408209 -0.0766623 -0.00248534 0.00505573 -0.000235844 -7.07076e-05 -1.46233e-06 4.95271e-08 2.74703e-09 1.05104e-11 -2.5845e-13 1.45739e-16 5.15667e-18 3.14969e-20 2.6005e-23 -2.23711e-25 2.0861e-29
-2.67 1.23537 1.23275 -0.176811 2.20265 -0.29744 -0.418499 -0.0795938 -0.00261318 0.00538335 -0.00025432 -7.72159e-05 -1.61723e-06 5.54697e-08 3.11574e-09 1.20727e-11 -3.00639e-13 1.71685e-16 6.15193e-18 3.80536e-20 3.18178e-23 -2.77195e-25 2.6177e-29
-2.66 1.21895 1.21666 -0.174458 2.20096 -0.300989 -0.428876 -0.0826044 -0.00274649 0.00572991 -0.000274133 -8.42896e-05 -1.78782e-06 6.21004e-08 3.53253e-09 1.38616e-11 -3.49576e-13 2.02168e-16 7.33633e-18 4.59567e-20 3.89143e-23 -3.4333e-25 3.28345e-29
-2.65 1.20161 1.19966 -0.172067 2.19839 -0.30446 -0.439335 -0.0856945 -0.00288545 0.00609635 -0.000295372 -9.19745e-05 -1.97562e-06 6.94959e-08 4.00347e-09 1.59093e-11 -4.06316e-13 2.3797e-16 8.74527e-18 5.5479e-20 4.75746e-23 -4.25072e-25 4.11688e-29
-2.64 1.18337 1.18176 -0.169641 2.19494 -0.307847 -0.44987 -0.0888647 -0.00303024 0.00648362 -0.000318129 -0.00010032 -2.18227e-06 7.77411e-08 4.53538e-09 1.82521e-11 -4.72077e-13 2.79999e-16 1.04206e-17 6.69476e-20 5.8139e-23 -5.26067e-25 5.15978e-29
-2.63 1.16424 1.16297 -0.167182 2.19063 -0.311147 -0.460472 -0.0921153 -0.00318101 0.00689274 -0.000342502 -0.000109379 -2.40957e-06 8.69297e-08 5.1359e-09 2.09316e-11 -5.48262e-13 3.29319e-16 1.2412e-17 8.07547e-20 7.10208e-23 -6.50796e-25 6.4643e-29
-2.62 1.14424 1.14331 -0.164693 2.18545 -0.314357 -0.471136 -0.0954467 -0.00333795 0.00732474 -0.000368595 -0.000119208 -2.65949e-06 9.71655e-08 5.81362e-09 2.39949e-11 -6.36487e-13 3.87172e-16 1.47779e-17 9.73703e-20 8.67222e-23 -8.04777e-25 8.09539e-29
-2.61 1.12338 1.12279 -0.162176 2.1794 -0.317472 -0.481854 -0.098859 -0.00350123 0.00778071 -0.000396517 -0.000129868 -2.93415e-06 1.08563e-07 6.57813e-09 2.74954e-11 -7.38613e-13 4.55006e-16 1.75878e-17 1.17358e-19 1.05852e-22 -9.94792e-25 1.0134e-28
-2.6 1.10168 1.10143 -0.159634 2.17251 -0.320491 -0.492619 -0.102352 -0.00367103 0.00826176 -0.000426384 -0.000141426 -3.23588e-06 1.21249e-07 7.4402e-09 3.1494e-11 -8.56783e-13 5.34512e-16 2.09237e-17 1.41391e-19 1.29151e-22 -1.22918e-24 1.26809e-28
-2.59 1.07917 1.07925 -0.157069 2.16477 -0.323409 -0.503423 -0.105927 -0.00384752 0.00876903 -0.000458317 -0.00015395 -3.56722e-06 1.35363e-07 8.41188e-09 3.60597e-11 -9.93461e-13 6.27658e-16 2.48823e-17 1.70279e-19 1.57515e-22 -1.51818e-24 1.58615e-28
-2.58 1.05586 1.05626 -0.154483 2.1562 -0.326223 -0.514258 -0.109582 -0.00403089 0.00930374 -0.000492445 -0.000167516 -3.93091e-06 1.5106e-07 9.50666e-09 4.12708e-11 -1.15148e-12 7.36742e-16 2.95779e-17 2.04986e-19 1.92031e-22 -1.87439e-24 1.9832e-28
-2.57 1.03177 1.03249 -0.151879 2.1468 -0.32893 -0.525117 -0.113318 -0.00422131 0.0098671 -0.000528902 -0.000182205 -4.32994e-06 1.6851e-07 1.07396e-08 4.72161e-11 -1.33411e-12 8.64438e-16 3.51457e-17 2.46669e-19 2.34017e-22 -2.31325e-24 2.47864e-28
-2.56 1.00694 1.00795 -0.149259 2.13659 -0.331526 -0.53599 -0.117135 -0.00441896 0.0104604 -0.000567831 -0.000198103 -4.76758e-06 1.879e-07 1.21276e-08 5.39962e-11 -1.54507e-12 1.01386e-15 4.17448e-17 2.96709e-19 2.85069e-22 -2.85371e-24 3.09662e-28
-2.55 0.981376 0.982667 -0.146626 2.12557 -0.33401 -0.54687 -0.121032 -0.00462401 0.0110849 -0.000609382 -0.000215301 -5.24735e-06 2.09438e-07 1.36896e-08 6.17252e-11 -1.78869e-12 1.18864e-15 4.95632e-17 3.56758e-19 3.47119e-22 -3.51904e-24 3.86712e-28
-2.54 0.955113 0.956668 -0.143981 2.11377 -0.336377 -0.557747 -0.125008 -0.00483664 0.011742 -0.000653712 -0.000233899 -5.77309e-06 2.33351e-07 1.54465e-08 7.05324e-11 -2.06988e-12 1.39299e-15 5.88224e-17 4.28788e-19 4.22506e-22 -4.33775e-24 4.82741e-28
-2.53 0.928173 0.929975 -0.141328 2.10119 -0.338626 -0.568613 -0.129064 -0.00505702 0.0124331 -0.000700986 -0.000254002 -6.34896e-06 2.5989e-07 1.74219e-08 8.05639e-11 -2.39433e-12 1.63182e-15 6.97834e-17 5.15155e-19 5.14061e-22 -5.34481e-24 6.02375e-28
-2.52 0.900585 0.902615 -0.138668 2.08785 -0.340754 -0.579459 -0.133197 -0.00528533 0.0131596 -0.000751378 -0.000275723 -6.97949e-06 2.89332e-07 1.96421e-08 9.19854e-11 -2.76852e-12 1.91083e-15 8.27538e-17 6.18671e-19 6.25204e-22 -6.58302e-24 7.51356e-28
-2.51 0.872375 0.874613 -0.136004 2.07377 -0.342757 -0.590275 -0.137408 -0.00552174 0.013923 -0.00080507 -0.000299181 -7.66957e-06 3.2198e-07 2.21364e-08 1.04984e-10 -3.19991e-12 2.23665e-15 9.80958e-17 7.4269e-19 7.60073e-22 -8.10485e-24 9.3681e-28
-2.5 0.843572 0.845997 -0.133337 2.05896 -0.344635 -0.601053 -0.141696 -0.00576642 0.0147248 -0.000862254 -0.000324505 -8.4245e-06 3.58169e-07 2.49375e-08 1.19772e-10 -3.69705e-12 2.61698e-15 1.16235e-16 8.91214e-19 9.23667e-22 -9.97449e-24 1.16757e-27
-2.49 0.814205 0.816797 -0.130671 2.04343 -0.346384 -0.611784 -0.146059 -0.00601953 0.0155665 -0.000923131 -0.000351832 -9.25005e-06 3.98266e-07 2.80817e-08 1.36588e-10 -4.26971e-12 3.06075e-15 1.37674e-16 1.06901e-18 1.12202e-21 -1.22705e-23 1.45459e-27
-2.48 0.784305 0.787041 -0.128007 2.02721 -0.348003 -0.622456 -0.150496 -0.00628124 0.0164498 -0.000987911 -0.000381307 -1.01524e-05 4.42675e-07 3.16098e-08 1.55702e-10 -4.9291e-12 3.57836e-15 1.63002e-16 1.28177e-18 1.36243e-21 -1.5089e-23 1.81144e-27
-2.47 0.753901 0.756759 -0.125347 2.01032 -0.34949 -0.633062 -0.155006 -0.0065517 0.0173762 -0.00105681 -0.000413087 -1.11384e-05 4.91839e-07 3.55668e-08 1.77421e-10 -5.68804e-12 4.18182e-15 1.92913e-16 1.53625e-18 1.65369e-21 -1.85475e-23 2.25494e-27
-2.46 0.723025 0.725983 -0.122693 1.99277 -0.350843 -0.643591 -0.159587 -0.00683108 0.0183474 -0.00113007 -0.000447337 -1.22152e-05 5.46245e-07 4.00033e-08 2.02088e-10 -6.56122e-12 4.88509e-15 2.28221e-16 1.84052e-18 2.0064e-21 -2.27896e-23 2.8059e-27
-2.45 0.69171 0.694745 -0.120047 1.97458 -0.35206 -0.654033 -0.164238 -0.00711952 0.0193652 -0.00120792 -0.000484232 -1.33908e-05 6.06427e-07 4.49751e-08 2.30093e-10 -7.56542e-12 5.70435e-15 2.69882e-16 2.20418e-18 2.43338e-21 -2.79907e-23 3.49008e-27
-2.44 0.659987 0.663078 -0.117411 1.95578 -0.35314 -0.664379 -0.168957 -0.00741717 0.0204313 -0.00129062 -0.000523961 -1.46736e-05 6.72969e-07 5.05446e-08 2.61873e-10 -8.71981e-12 6.65835e-15 3.19022e-16 2.63863e-18 2.95004e-21 -3.43651e-23 4.33935e-27
-2.43 0.627889 0.631013 -0.114787 1.93638 -0.354082 -0.674618 -0.173741 -0.00772418 0.0215475 -0.00137843 -0.000566722 -1.60729e-05 7.46515e-07 5.67811e-08 2.97924e-10 -1.00463e-11 7.76879e-15 3.76958e-16 3.15745e-18 3.57496e-21 -4.21742e-23 5.39312e-27
-2.42 0.59545 0.598586 -0.112178 1.91641 -0.354884 -0.684742 -0.17859 -0.00804068 0.0227155 -0.00147162 -0.000612728 -1.75986e-05 8.27767e-07 6.37616e-08 3.38803e-10 -1.157e-11 9.06079e-15 4.45237e-16 3.77678e-18 4.33054e-21 -5.17372e-23 6.70011e-27
-2.41 0.562704 0.56583 -0.109583 1.89588 -0.355546 -0.694739 -0.183501 -0.0083668 0.0239373 -0.00157049 -0.000662204 -1.92614e-05 9.17495e-07 7.15716e-08 3.85136e-10 -1.33195e-11 1.05634e-14 5.25674e-16 4.51577e-18 5.2437e-21 -6.34433e-23 8.32052e-27
-2.4 0.529684 0.532781 -0.107006 1.87482 -0.356066 -0.704601 -0.188471 -0.00870267 0.0252147 -0.00167532 -0.000715389 -2.10729e-05 1.01654e-06 8.03061e-08 4.37631e-10 -1.53274e-11 1.23104e-14 6.20394e-16 5.39721e-18 6.34689e-21 -7.77668e-23 1.03287e-26
-2.39 0.496425 0.499472 -0.104447 1.85326 -0.356445 -0.714316 -0.193499 -0.0090484 0.0265496 -0.00178644 -0.000772537 -2.30455e-05 1.12583e-06 9.00705e-08 4.97082e-10 -1.76309e-11 1.43404e-14 7.31889e-16 6.44811e-18 7.6791e-21 -9.5286e-23 1.28164e-26
-2.38 0.462962 0.465941 -0.101909 1.83121 -0.356682 -0.723876 -0.198581 -0.0094041 0.0279441 -0.00190417 -0.000833916 -2.51927e-05 1.24637e-06 1.00982e-07 5.64384e-10 -2.02724e-11 1.66986e-14 8.63075e-16 7.70055e-18 9.28721e-21 -1.16705e-22 1.58969e-26
-2.37 0.429329 0.432222 -0.0993931 1.8087 -0.356776 -0.733271 -0.203716 -0.00976987 0.0294 -0.00202885 -0.000899811 -2.7529e-05 1.37927e-06 1.1317e-07 6.40541e-10 -2.33004e-11 1.94368e-14 1.01737e-15 9.19258e-18 1.12276e-20 -1.42882e-22 1.971e-26
-2.36 0.395562 0.398351 -0.0969003 1.78575 -0.356727 -0.742491 -0.208899 -0.0101458 0.0309194 -0.00216082 -0.000970525 -3.00699e-05 1.52573e-06 1.26778e-07 7.26685e-10 -2.677e-11 2.26149e-14 1.19877e-15 1.09693e-17 1.3568e-20 -1.7486e-22 2.44279e-26
-2.35 0.361695 0.364366 -0.0944322 1.76239 -0.356535 -0.751525 -0.214129 -0.010532 0.0325044 -0.00230046 -0.00104638 -3.28321e-05 1.68706e-06 1.41965e-07 8.24083e-10 -3.07439e-11 2.63022e-14 1.41194e-15 1.30842e-17 1.63896e-20 -2.1391e-22 3.0263e-26
-2.34 0.327764 0.330301 -0.0919902 1.73864 -0.356201 -0.760366 -0.219402 -0.0109285 0.0341569 -0.00244815 -0.00112771 -3.58338e-05 1.8647e-06 1.58909e-07 9.34163e-10 -3.52936e-11 3.05784e-14 1.66237e-15 1.56007e-17 1.97902e-20 -2.61576e-22 3.74769e-26
-2.33 0.293803 0.296194 -0.0895756 1.71452 -0.355726 -0.769003 -0.224715 -0.0113355 0.035879 -0.00260427 -0.00121487 -3.90943e-05 2.06023e-06 1.77803e-07 1.05852e-09 -4.05005e-11 3.55356e-14 1.95642e-15 1.85936e-17 2.38867e-20 -3.19735e-22 4.63919e-26
-2.32 0.259849 0.26208 -0.0871894 1.69007 -0.355108 -0.777427 -0.230064 -0.0117528 0.037673 -0.00276924 -0.00130825 -4.26343e-05 2.27535e-06 1.98865e-07 1.19896e-09 -4.64569e-11 4.128e-14 2.30156e-15 2.21519e-17 2.88197e-20 -3.9067e-22 5.74046e-26
-2.31 0.225935 0.227996 -0.0848328 1.66529 -0.35435 -0.785628 -0.235446 -0.0121807 0.0395408 -0.00294349 -0.00140825 -4.64764e-05 2.51193e-06 2.22332e-07 1.35748e-09 -5.32679e-11 4.79337e-14 2.70652e-15 2.63806e-17 3.47575e-20 -4.7715e-22 7.10032e-26
-2.3 0.192097 0.193978 -0.0825069 1.64022 -0.353452 -0.793599 -0.240859 -0.0126191 0.0414846 -0.00312744 -0.00151528 -5.06444e-05 2.77199e-06 2.48469e-07 1.53635e-09 -6.10532e-11 5.56377e-14 3.18145e-15 3.1404e-17 4.1902e-20 -5.82541e-22 8.7788e-26
-2.29 0.158368 0.160062 -0.0802127 1.61488 -0.352416 -0.80133 -0.246297 -0.013068 0.0435065 -0.00332157 -0.00162979 -5.51641e-05 3.05776e-06 2.77568e-07 1.7381e-09 -6.99483e-11 6.45541e-14 3.73822e-15 3.73689e-17 5.04948e-20 -7.10925e-22 1.08497e-25
-2.28 0.124784 0.126283 -0.0779512 1.5893 -0.351242 -0.808813 -0.251757 -0.0135275 0.0456088 -0.00352633 -0.00175225 -6.00632e-05 3.37163e-06 3.09951e-07 1.96554e-09 -8.01072e-11 7.48694e-14 4.39068e-15 4.44491e-17 6.08254e-20 -8.67257e-22 1.34038e-25
-2.27 0.091378 0.0926774 -0.075723 1.5635 -0.349932 -0.81604 -0.257235 -0.0139976 0.0477935 -0.00374222 -0.00188317 -6.53712e-05 3.71624e-06 3.45973e-07 2.22187e-09 -9.1705e-11 8.67984e-14 5.15495e-15 5.28496e-17 7.32402e-20 -1.05754e-21 1.65525e-25
-2.26 0.0581838 0.0592793 -0.0735292 1.5375 -0.348487 -0.823001 -0.262727 -0.0144781 0.0500629 -0.00396974 -0.00202305 -7.11198e-05 4.09443e-06 3.86028e-07 2.51061e-09 -1.0494e-10 1.00588e-13 6.04984e-15 6.28126e-17 8.81536e-20 -1.28907e-21 2.04328e-25
-2.25 0.0252346 0.0261235 -0.0713703 1.51133 -0.34691 -0.82969 -0.268229 -0.0149693 0.052419 -0.00420941 -0.00217246 -7.7343e-05 4.50931e-06 4.30547e-07 2.83575e-09 -1.20037e-10 1.16521e-13 7.09723e-15 7.46239e-17 1.06061e-19 -1.57064e-21 2.52125e-25
-2.24 -0.00743708 -0.00675609 -0.0692472 1.48501 -0.345201 -0.836099 -0.273737 -0.0154708 0.054864 -0.00446176 -0.00233197 -8.40771e-05 4.96424e-06 4.80008e-07 3.20171e-09 -1.37251e-10 1.34924e-13 8.32263e-15 8.86207e-17 1.27556e-19 -1.91296e-21 3.10979e-25
-2.23 -0.039799 -0.0393259 -0.0671603 1.45856 -0.343364 -0.84222 -0.279246 -0.0159828 0.0574002 -0.00472734 -0.00250219 -9.13609e-05 5.46288e-06 5.34938e-07 3.61345e-09 -1.5687e-10 1.56172e-13 9.7557e-15 1.05201e-16 1.53345e-19 -2.32896e-21 3.83418e-25
-2.22 -0.0718194 -0.071553 -0.0651103 1.43202 -0.3414 -0.848047 -0.284753 -0.0165051 0.0600296 -0.00500674 -0.00268376 -9.92361e-05 6.0092e-06 5.95915e-07 4.07652e-09 -1.79223e-10 1.80693e-13 1.1431e-14 1.24833e-16 1.84275e-19 -2.83429e-21 4.72541e-25
-2.21 -0.103468 -0.103405 -0.0630976 1.40539 -0.339311 -0.853573 -0.290251 -0.0170377 0.0627543 -0.00530052 -0.00287736 -0.000107747 6.60751e-06 6.63577e-07 4.59708e-09 -2.04678e-10 2.0898e-13 1.33885e-14 1.48069e-16 2.21354e-19 -3.44788e-21 5.82148e-25
-2.2 -0.134713 -0.134851 -0.0611226 1.37871 -0.3371 -0.858791 -0.295738 -0.0175805 0.0655764 -0.0056093 -0.00308368 -0.000116941 7.26249e-06 7.38627e-07 5.18205e-09 -2.33656e-10 2.416e-13 1.56751e-14 1.75561e-16 2.65789e-19 -4.19263e-21 7.16892e-25
-2.19 -0.165526 -0.165859 -0.0591858 1.35199 -0.33477 -0.863696 -0.301208 -0.0181332 0.0684981 -0.0059337 -0.00330348 -0.000126869 7.97921e-06 8.21835e-07 5.83912e-09 -2.6663e-10 2.79199e-13 1.83448e-14 2.08074e-16 3.19015e-19 -5.09621e-21 8.8247e-25
-2.18 -0.195878 -0.196401 -0.0572875 1.32526 -0.332323 -0.868281 -0.306656 -0.0186959 0.0715213 -0.00627434 -0.00353753 -0.000137585 8.76314e-06 9.14052e-07 6.57687e-09 -3.04135e-10 3.22521e-13 2.14606e-14 2.46509e-16 3.82747e-19 -6.19204e-21 1.08586e-24
-2.17 -0.22574 -0.226445 -0.0554279 1.29854 -0.329762 -0.872542 -0.312078 -0.0192683 0.0746481 -0.00663189 -0.00378665 -0.000149146 9.62025e-06 1.01621e-06 7.40487e-09 -3.46777e-10 3.72415e-13 2.50956e-14 2.91927e-16 4.59028e-19 -7.5205e-21 1.33558e-24
-2.16 -0.255085 -0.255966 -0.0536071 1.27185 -0.327089 -0.876472 -0.317468 -0.0198503 0.0778804 -0.00700701 -0.00405169 -0.000161613 1.0557e-05 1.12933e-06 8.33377e-09 -3.9524e-10 4.29856e-13 2.93346e-14 3.45574e-16 5.50292e-19 -9.13033e-21 1.64209e-24
-2.15 -0.283888 -0.284934 -0.0518255 1.24521 -0.324309 -0.880068 -0.322823 -0.0204417 0.0812202 -0.00740038 -0.00433355 -0.000175054 1.15803e-05 1.25455e-06 9.37546e-09 -4.50295e-10 4.95959e-13 3.42759e-14 4.08917e-16 6.59437e-19 -1.10803e-20 2.01813e-24
-2.14 -0.312122 -0.313324 -0.050083 1.21864 -0.321423 -0.883326 -0.328137 -0.0210423 0.0846693 -0.00781272 -0.00463316 -0.000189535 1.26977e-05 1.39309e-06 1.05431e-08 -5.12814e-10 5.71998e-13 4.00334e-14 4.83677e-16 7.89913e-19 -1.34414e-20 2.47928e-24
-2.13 -0.339762 -0.34111 -0.0483798 1.19216 -0.318436 -0.886241 -0.333405 -0.0216519 0.0882296 -0.00824473 -0.00495151 -0.000205133 1.39173e-05 1.54631e-06 1.18515e-08 -5.8378e-10 6.59431e-13 4.67395e-14 5.71877e-16 9.45827e-19 -1.62991e-20 3.0446e-24
-2.12 -0.366786 -0.368268 -0.0467158 1.16579 -0.315351 -0.88881 -0.338622 -0.0222702 0.0919028 -0.00869715 -0.00528961 -0.000221926 1.5248e-05 1.71569e-06 1.33169e-08 -6.64301e-10 7.59925e-13 5.4547e-14 6.75889e-16 1.13206e-18 -1.97564e-20 3.73732e-24
-2.11 -0.393169 -0.394775 -0.045091 1.13955 -0.31217 -0.891031 -0.343783 -0.0228971 0.0956907 -0.00917072 -0.00564855 -0.000239997 1.66993e-05 1.90287e-06 1.49575e-08 -7.55625e-10 8.75383e-13 6.36333e-14 7.98499e-16 1.35443e-18 -2.39374e-20 4.58582e-24
-2.1 -0.418892 -0.420609 -0.0435053 1.11345 -0.308898 -0.892899 -0.348883 -0.0235321 0.0995949 -0.00966622 -0.00602942 -0.000259437 1.82813e-05 2.10963e-06 1.67935e-08 -8.5916e-10 1.00798e-12 7.42034e-14 9.42975e-16 1.61982e-18 -2.89918e-20 5.62471e-24
-2.09 -0.443933 -0.445748 -0.0419586 1.08751 -0.305538 -0.894413 -0.353917 -0.0241751 0.103617 -0.0101844 -0.0064334 -0.000280338 2.00053e-05 2.33791e-06 1.88473e-08 -9.76492e-10 1.1602e-12 8.64947e-14 1.11314e-15 1.93644e-18 -3.50993e-20 6.89619e-24
-2.08 -0.468273 -0.470174 -0.0404506 1.06176 -0.302094 -0.895572 -0.35888 -0.0248258 0.107758 -0.0107261 -0.00686171 -0.000302803 2.18831e-05 2.58987e-06 2.11438e-08 -1.1094e-09 1.33487e-12 1.00782e-13 1.3135e-15 2.31403e-18 -4.24764e-20 8.45172e-24
-2.07 -0.491894 -0.493867 -0.0389813 1.0362 -0.298569 -0.896374 -0.363768 -0.0254837 0.11202 -0.0112921 -0.0073156 -0.000326936 2.39275e-05 2.86782e-06 2.37107e-08 -1.2599e-09 1.53522e-12 1.17382e-13 1.54929e-15 2.76413e-18 -5.13835e-20 1.0354e-23
-2.06 -0.514778 -0.51681 -0.0375503 1.01085 -0.294967 -0.896817 -0.368574 -0.0261487 0.116404 -0.0118832 -0.00779639 -0.000352852 2.61525e-05 3.17434e-06 2.65786e-08 -1.43024e-09 1.76494e-12 1.36661e-13 1.82669e-15 3.30046e-18 -6.21335e-20 1.26793e-23
-2.05 -0.536909 -0.538987 -0.0361574 0.985723 -0.291293 -0.896902 -0.373295 -0.0268202 0.120911 -0.0125002 -0.00830547 -0.00038067 2.85729e-05 3.51222e-06 2.97814e-08 -1.62296e-09 2.02822e-12 1.59044e-13 2.15289e-15 3.93928e-18 -7.51025e-20 1.55206e-23
-2.04 -0.558272 -0.560383 -0.0348023 0.960839 -0.287548 -0.896629 -0.377924 -0.027498 0.125543 -0.013144 -0.00884424 -0.000410517 3.12049e-05 3.8845e-06 3.33569e-08 -1.84092e-09 2.32984e-12 1.85018e-13 2.53632e-15 4.69987e-18 -9.07422e-20 1.89911e-23
-2.03 -0.578855 -0.580986 -0.0334845 0.936209 -0.283739 -0.895997 -0.382459 -0.0281817 0.1303 -0.0138154 -0.0094142 -0.000442527 3.40657e-05 4.29453e-06 3.73466e-08 -2.08731e-09 2.67525e-12 2.15148e-13 2.98685e-15 5.60508e-18 -1.09595e-19 2.32283e-23
-2.02 -0.598644 -0.600781 -0.0322037 0.911845 -0.279868 -0.895007 -0.386892 -0.0288708 0.135183 -0.0145153 -0.0100169 -0.000476843 3.71739e-05 4.74594e-06 4.17969e-08 -2.36573e-09 3.07064e-12 2.50085e-13 3.51601e-15 6.68195e-18 -1.32312e-19 2.83994e-23
-2.01 -0.617629 -0.619759 -0.0309596 0.88776 -0.275939 -0.893661 -0.391221 -0.0295649 0.140192 -0.0152446 -0.0106539 -0.000513613 4.05495e-05 5.2427e-06 4.67587e-08 -2.68021e-09 3.52305e-12 2.90578e-13 4.13725e-15 7.96253e-18 -1.59673e-19 3.4708e-23
-2 -0.635799 -0.63791 -0.0297516 0.863966 -0.271957 -0.89196 -0.39544 -0.0302636 0.14533 -0.0160041 -0.0113269 -0.000552998 4.42139e-05 5.78915e-06 5.22887e-08 -3.03529e-09 4.0405e-12 3.37494e-13 4.86631e-15 9.48473e-18 -1.92616e-19 4.24009e-23
-1.99 -0.653146 -0.655226 -0.0285793 0.840473 -0.267925 -0.889906 -0.399545 -0.0309664 0.150595 -0.0167948 -0.0120375 -0.000595165 4.81902e-05 6.38999e-06 5.84492e-08 -3.43603e-09 4.63211e-12 3.91827e-13 5.72156e-15 1.12934e-17 -2.32262e-19 5.17782e-23
-1.98 -0.669663 -0.671699 -0.0274422 0.817292 -0.263847 -0.887502 -0.40353 -0.0316729 0.155989 -0.0176174 -0.0127877 -0.000640291 5.2503e-05 7.05037e-06 6.53095e-08 -3.88812e-09 5.3082e-12 4.54726e-13 6.72443e-15 1.34416e-17 -2.79956e-19 6.32041e-23
-1.97 -0.685343 -0.687325 -0.0263398 0.794432 -0.259728 -0.88475 -0.407393 -0.0323825 0.161511 -0.018473 -0.0135791 -0.000688563 5.7179e-05 7.77588e-06 7.29458e-08 -4.39794e-09 6.08055e-12 5.2751e-13 7.89992e-15 1.59921e-17 -3.3731e-19 7.71205e-23
-1.96 -0.700181 -0.702099 -0.0252716 0.771903 -0.25557 -0.881654 -0.411128 -0.0330948 0.167162 -0.0193624 -0.0144138 -0.000740179 6.22465e-05 8.57263e-06 8.14423e-08 -4.97262e-09 6.96249e-12 6.117e-13 9.27718e-15 1.90189e-17 -4.06251e-19 9.40634e-23
-1.95 -0.714175 -0.716017 -0.024237 0.749713 -0.251378 -0.878218 -0.414731 -0.0338093 0.172941 -0.0202864 -0.0152937 -0.000795345 6.7736e-05 9.44723e-06 9.08922e-08 -5.62015e-09 7.96917e-12 7.09042e-13 1.08902e-14 2.26094e-17 -4.89086e-19 1.14683e-22
-1.94 -0.727321 -0.729079 -0.0232355 0.72787 -0.247157 -0.874445 -0.418199 -0.0345253 0.178849 -0.0212461 -0.0162208 -0.000854281 7.36802e-05 1.04069e-05 1.01398e-07 -6.34945e-09 9.11774e-12 8.21547e-13 1.27786e-14 2.68671e-17 -5.88576e-19 1.39766e-22
-1.93 -0.73962 -0.741284 -0.0222665 0.706381 -0.242909 -0.87034 -0.421527 -0.0352424 0.184885 -0.0222423 -0.0171972 -0.000917217 8.01139e-05 1.14595e-05 1.13073e-07 -7.17053e-09 1.04277e-11 9.51522e-13 1.49884e-14 3.19139e-17 -7.08022e-19 1.70267e-22
-1.92 -0.751071 -0.752634 -0.0213293 0.685251 -0.238638 -0.865908 -0.424711 -0.0359601 0.191047 -0.0232758 -0.0182251 -0.000984396 8.70746e-05 1.26135e-05 1.26041e-07 -8.09454e-09 1.19211e-11 1.10162e-12 1.75733e-14 3.78934e-17 -8.51367e-19 2.07342e-22
-1.91 -0.761676 -0.76313 -0.0204234 0.664488 -0.234349 -0.861154 -0.427749 -0.0366776 0.197337 -0.0243477 -0.0193067 -0.00105607 9.46022e-05 1.38781e-05 1.40441e-07 -9.13397e-09 1.36228e-11 1.27488e-12 2.05957e-14 4.49754e-17 -1.02332e-18 2.52388e-22
-1.9 -0.771438 -0.772777 -0.0195482 0.644097 -0.230045 -0.856084 -0.430636 -0.0373945 0.203751 -0.0254587 -0.0204443 -0.00113252 0.00010274 1.52634e-05 1.56424e-07 -1.03028e-08 1.55614e-11 1.47481e-12 2.41284e-14 5.33595e-17 -1.22952e-18 3.07099e-22
-1.89 -0.780361 -0.781578 -0.018703 0.624081 -0.22573 -0.850703 -0.433369 -0.0381102 0.21029 -0.0266098 -0.0216403 -0.00121401 0.000111532 1.67803e-05 1.74155e-07 -1.16164e-08 1.77686e-11 1.7054e-12 2.82557e-14 6.32812e-17 -1.47668e-18 3.73519e-22
-1.88 -0.78845 -0.789542 -0.0178871 0.604446 -0.221407 -0.845018 -0.435945 -0.0388241 0.216953 -0.0278018 -0.0228971 -0.00130084 0.000121029 1.84406e-05 1.93819e-07 -1.30924e-08 2.02808e-11 1.97127e-12 3.30757e-14 7.50178e-17 -1.7728e-18 4.54124e-22
-1.87 -0.795713 -0.796674 -0.0171001 0.585194 -0.21708 -0.839035 -0.43836 -0.0395355 0.223736 -0.0290356 -0.0242172 -0.00139333 0.000131282 2.0257e-05 2.15617e-07 -1.475e-08 2.31389e-11 2.27766e-12 3.87025e-14 8.88956e-17 -2.12746e-18 5.51901e-22
-1.86 -0.802157 -0.802985 -0.0163411 0.566329 -0.212752 -0.832761 -0.440613 -0.0402438 0.23064 -0.030312 -0.0256031 -0.00149179 0.000142346 2.22435e-05 2.39771e-07 -1.66108e-08 2.63893e-11 2.63063e-12 4.52684e-14 1.05298e-16 -2.55206e-18 6.70464e-22
-1.85 -0.807791 -0.808483 -0.0156095 0.547853 -0.208427 -0.826204 -0.442701 -0.0409485 0.237662 -0.0316318 -0.0270576 -0.00159658 0.000154281 2.44149e-05 2.66524e-07 -1.86989e-08 3.00842e-11 3.03708e-12 5.29271e-14 1.24678e-16 -3.06016e-18 8.1417e-22
-1.84 -0.812625 -0.81318 -0.0149048 0.529768 -0.204109 -0.819371 -0.44462 -0.0416488 0.244799 -0.0329959 -0.0285832 -0.00170804 0.00016715 2.67877e-05 2.96143e-07 -2.1041e-08 3.42828e-11 3.50493e-12 6.18567e-14 1.47566e-16 -3.66796e-18 9.88283e-22
-1.83 -0.816671 -0.817088 -0.0142262 0.512074 -0.1998 -0.812269 -0.446369 -0.0423441 0.25205 -0.0344051 -0.0301828 -0.00182655 0.00018102 2.93793e-05 3.28922e-07 -2.36671e-08 3.90517e-11 4.04323e-12 7.2264e-14 1.74585e-16 -4.39472e-18 1.19915e-21
-1.82 -0.819942 -0.820221 -0.013573 0.494774 -0.195504 -0.804906 -0.447946 -0.0430339 0.259412 -0.0358602 -0.0318591 -0.00195251 0.000195962 3.22087e-05 3.65184e-07 -2.66102e-08 4.44661e-11 4.66234e-12 8.43885e-14 2.06468e-16 -5.26338e-18 1.45443e-21
-1.81 -0.822452 -0.822593 -0.0129446 0.477867 -0.191224 -0.797292 -0.449349 -0.0437174 0.266882 -0.0373618 -0.0336152 -0.00208632 0.000212054 3.52965e-05 4.0528e-07 -2.99074e-08 5.0611e-11 5.3741e-12 9.85079e-14 2.44077e-16 -6.30121e-18 1.76335e-21
-1.8 -0.824214 -0.824219 -0.0123404 0.461354 -0.186962 -0.789433 -0.450576 -0.044394 0.274457 -0.0389107 -0.0354538 -0.0022284 0.000229374 3.86649e-05 4.496e-07 -3.35997e-08 5.75821e-11 6.19204e-12 1.14944e-13 2.88421e-16 -7.54066e-18 2.13702e-21
-1.79 -0.825245 -0.825117 -0.0117597 0.445232 -0.182723 -0.78134 -0.451625 -0.045063 0.282135 -0.0405076 -0.037378 -0.00237921 0.00024801 4.23378e-05 4.98567e-07 -3.77327e-08 6.54871e-11 7.13162e-12 1.34068e-13 3.40685e-16 -9.0203e-18 2.58885e-21
-1.78 -0.825562 -0.825304 -0.0112019 0.429503 -0.178508 -0.77302 -0.452496 -0.0457238 0.289911 -0.0421532 -0.0393909 -0.00253921 0.000268053 4.6341e-05 5.52645e-07 -4.23572e-08 7.44476e-11 8.21049e-12 1.56312e-13 4.02258e-16 -1.0786e-17 3.13495e-21
-1.77 -0.825183 -0.824799 -0.0106662 0.414163 -0.174321 -0.764483 -0.453187 -0.0463758 0.297783 -0.0438481 -0.0414956 -0.00270888 0.0002896 5.07025e-05 6.12345e-07 -4.75294e-08 8.46003e-11 9.44879e-12 1.82173e-13 4.7477e-16 -1.28921e-17 3.79473e-21
-1.76 -0.824127 -0.823621 -0.0101521 0.399211 -0.170163 -0.755738 -0.453698 -0.0470182 0.305745 -0.0455929 -0.0436953 -0.00288874 0.000312754 5.54522e-05 6.78222e-07 -5.33118e-08 9.60991e-11 1.08695e-11 2.12228e-13 5.60129e-16 -1.54033e-17 4.59153e-21
-1.75 -0.822414 -0.82179 -0.00965893 0.384646 -0.166039 -0.746794 -0.454027 -0.0476505 0.313796 -0.0473882 -0.0459932 -0.00307931 0.000337624 6.06227e-05 7.50885e-07 -5.97739e-08 1.09117e-10 1.24988e-11 2.47143e-13 6.60571e-16 -1.83963e-17 5.55342e-21
-1.74 -0.820063 -0.819328 -0.00918602 0.370463 -0.16195 -0.737661 -0.454175 -0.048272 0.321929 -0.0492345 -0.0483925 -0.00328113 0.000364326 6.62487e-05 8.31002e-07 -6.69924e-08 1.23849e-10 1.43666e-11 2.87687e-13 7.78712e-16 -2.19621e-17 6.71413e-21
-1.73 -0.817098 -0.816258 -0.00873277 0.356661 -0.157898 -0.728348 -0.454142 -0.048882 0.330142 -0.0511323 -0.0508967 -0.00349479 0.000392983 7.2368e-05 9.19299e-07 -7.50527e-08 1.40514e-10 1.65069e-11 3.34748e-13 9.17615e-16 -2.62086e-17 8.11419e-21
-1.72 -0.81354 -0.812601 -0.00829856 0.343236 -0.153886 -0.718865 -0.453927 -0.0494799 0.338428 -0.053082 -0.053509 -0.00372087 0.000423724 7.90208e-05 1.01657e-06 -8.4049e-08 1.59357e-10 1.89585e-11 3.89352e-13 1.08086e-15 -3.12637e-17 9.80227e-21
-1.71 -0.809413 -0.808382 -0.00788279 0.330184 -0.149916 -0.709222 -0.453531 -0.0500651 0.346783 -0.0550839 -0.056233 -0.00395999 0.000456686 8.62507e-05 1.12369e-06 -9.40862e-08 1.80655e-10 2.17655e-11 4.52682e-13 1.27264e-15 -3.72788e-17 1.18368e-20
-1.7 -0.80474 -0.803625 -0.00748486 0.317501 -0.14599 -0.699428 -0.452953 -0.050637 0.355203 -0.0571386 -0.0590719 -0.00421279 0.000492017 9.41045e-05 1.24159e-06 -1.0528e-07 2.04718e-10 2.49782e-11 5.26102e-13 1.49785e-15 -4.44335e-17 1.42879e-20
-1.69 -0.799547 -0.798355 -0.00710417 0.305183 -0.14211 -0.689494 -0.452196 -0.0511949 0.363682 -0.0592461 -0.0620294 -0.00447994 0.000529868 0.000102632 1.37132e-06 -1.17758e-07 2.31893e-10 2.86535e-11 6.11185e-13 1.76221e-15 -5.29402e-17 1.72397e-20
-1.68 -0.793858 -0.792598 -0.00674015 0.293226 -0.138278 -0.679429 -0.451259 -0.0517383 0.372214 -0.0614069 -0.0651089 -0.00476213 0.000570404 0.000111888 1.51399e-06 -1.31663e-07 2.6257e-10 3.28565e-11 7.09744e-13 2.0724e-15 -6.30502e-17 2.0793e-20
-1.67 -0.7877 -0.78638 -0.00639223 0.281625 -0.134495 -0.669243 -0.450144 -0.0522665 0.380794 -0.0636209 -0.0683139 -0.00506006 0.000613794 0.00012193 1.67084e-06 -1.4715e-07 2.97186e-10 3.76609e-11 8.23868e-13 2.43621e-15 -7.50608e-17 2.50686e-20
-1.66 -0.781099 -0.779727 -0.00605983 0.270374 -0.130764 -0.658946 -0.448852 -0.052779 0.389416 -0.0658885 -0.0716481 -0.00537448 0.000660222 0.00013282 1.84321e-06 -1.64394e-07 3.36232e-10 4.31506e-11 9.5596e-13 2.86274e-15 -8.93237e-17 3.02112e-20
-1.65 -0.774082 -0.772667 -0.00574243 0.259469 -0.127085 -0.648548 -0.447385 -0.0532753 0.398074 -0.0682096 -0.0751149 -0.00570616 0.000709877 0.000144625 2.03254e-06 -1.83584e-07 3.80255e-10 4.94208e-11 1.10879e-12 3.36261e-15 -1.06254e-16 3.63944e-20
-1.64 -0.766677 -0.765228 -0.00543947 0.248905 -0.12346 -0.638059 -0.445745 -0.0537546 0.406761 -0.0705842 -0.078718 -0.00605589 0.000762961 0.000157416 2.24043e-06 -2.04933e-07 4.29871e-10 5.65794e-11 1.28553e-12 3.94818e-15 -1.26343e-16 4.38254e-20
-1.63 -0.758912 -0.757437 -0.00515044 0.238675 -0.119891 -0.627489 -0.443933 -0.0542166 0.415472 -0.0730122 -0.0824609 -0.00642448 0.000819688 0.000171269 2.46859e-06 -2.28673e-07 4.85766e-10 6.4749e-11 1.48985e-12 4.63386e-15 -1.50171e-16 5.27527e-20
-1.62 -0.750814 -0.749322 -0.00487482 0.228774 -0.116378 -0.616847 -0.441951 -0.0546607 0.4242 -0.0754936 -0.0863473 -0.00681278 0.000880279 0.000186268 2.71889e-06 -2.55062e-07 5.4871e-10 7.40686e-11 1.72596e-12 5.43646e-15 -1.7842e-16 6.3473e-20
-1.61 -0.742413 -0.740913 -0.0046121 0.219196 -0.112923 -0.606143 -0.439802 -0.0550864 0.432938 -0.0780281 -0.0903806 -0.00722165 0.000944972 0.000202498 2.99338e-06 -2.84381e-07 6.19561e-10 8.46957e-11 1.99868e-12 6.37551e-15 -2.11899e-16 7.63413e-20
-1.6 -0.733738 -0.732238 -0.00436179 0.209935 -0.109527 -0.595386 -0.437489 -0.0554933 0.44168 -0.0806154 -0.0945645 -0.00765201 0.00101401 0.000220055 3.29426e-06 -3.16945e-07 6.99282e-10 9.68089e-11 2.31357e-12 7.47379e-15 -2.51559e-16 9.17818e-20
-1.59 -0.724817 -0.723326 -0.00412342 0.200985 -0.10619 -0.584587 -0.435014 -0.0558807 0.450417 -0.0832552 -0.0989025 -0.00810477 0.00108766 0.000239039 3.62394e-06 -3.53095e-07 7.88944e-10 1.1061e-10 2.677e-12 8.75775e-15 -2.98523e-16 1.10301e-19
-1.58 -0.715681 -0.714207 -0.00389651 0.192339 -0.102914 -0.573753 -0.43238 -0.0562484 0.459144 -0.0859471 -0.103398 -0.00858088 0.0011662 0.000259557 3.98501e-06 -3.93212e-07 8.89748e-10 1.26329e-10 3.09628e-12 1.02582e-14 -3.54113e-16 1.32504e-19
-1.57 -0.706358 -0.704908 -0.00368062 0.183992 -0.0996994 -0.562896 -0.42959 -0.0565958 0.467852 -0.0886905 -0.108055 -0.00908133 0.0012499 0.000281722 4.38031e-06 -4.37711e-07 1.00303e-09 1.44223e-10 3.5798e-12 1.20109e-14 -4.19886e-16 1.59113e-19
-1.56 -0.696879 -0.695461 -0.00347531 0.175936 -0.0965463 -0.552023 -0.426647 -0.0569226 0.476536 -0.0914849 -0.112876 -0.00960712 0.00133907 0.000305659 4.81289e-06 -4.87051e-07 1.13028e-09 1.64586e-10 4.13717e-12 1.40574e-14 -4.97677e-16 1.90989e-19
-1.55 -0.687272 -0.685894 -0.00328013 0.168166 -0.0934555 -0.541143 -0.423555 -0.0572284 0.485186 -0.0943296 -0.117866 -0.0101593 0.00143404 0.000331496 5.28608e-06 -5.41736e-07 1.27317e-09 1.87749e-10 4.77942e-12 1.64461e-14 -5.89645e-16 2.29159e-19
-1.54 -0.677568 -0.676237 -0.00309467 0.160675 -0.0904276 -0.530266 -0.420317 -0.0575129 0.493795 -0.0972239 -0.123026 -0.0107389 0.00153512 0.000359374 5.80347e-06 -6.02321e-07 1.43355e-09 2.14087e-10 5.51915e-12 1.92329e-14 -6.98328e-16 2.74847e-19
-1.53 -0.667796 -0.666518 -0.00291854 0.153457 -0.0874627 -0.5194 -0.416937 -0.0577756 0.502357 -0.100167 -0.128362 -0.011347 0.00164267 0.000389441 6.36895e-06 -6.69412e-07 1.61348e-09 2.44021e-10 6.37082e-12 2.2483e-14 -8.26712e-16 3.29512e-19
-1.52 -0.657986 -0.656767 -0.00275132 0.146503 -0.0845612 -0.508552 -0.413419 -0.0580163 0.510862 -0.103158 -0.133875 -0.0119848 0.00175706 0.000421854 6.98674e-06 -7.4368e-07 1.81527e-09 2.7803e-10 7.35098e-12 2.62718e-14 -9.78309e-16 3.94893e-19
-1.51 -0.648166 -0.647012 -0.00259265 0.139809 -0.0817232 -0.497733 -0.409767 -0.0582348 0.519304 -0.106195 -0.139569 -0.0126534 0.00187866 0.000456782 7.66138e-06 -8.25857e-07 2.04148e-09 3.16652e-10 8.47855e-12 3.06868e-14 -1.15724e-15 4.73056e-19
-1.5 -0.638365 -0.637281 -0.00244216 0.133368 -0.078949 -0.486948 -0.405985 -0.0584306 0.527674 -0.109279 -0.145447 -0.0133539 0.00200787 0.000494404 8.39781e-06 -9.16747e-07 2.29497e-09 3.60494e-10 9.77516e-12 3.58294e-14 -1.36835e-15 5.66464e-19
-1.49 -0.628614 -0.627605 -0.00229948 0.127172 -0.0762384 -0.476207 -0.402076 -0.0586037 0.535965 -0.112406 -0.151511 -0.0140876 0.00214511 0.000534911 9.20135e-06 -1.01723e-06 2.5789e-09 4.10243e-10 1.12656e-11 4.18172e-14 -1.61733e-15 6.78045e-19
-1.48 -0.618939 -0.618009 -0.00216427 0.121216 -0.0735914 -0.465516 -0.398046 -0.0587538 0.544168 -0.115578 -0.157766 -0.0148556 0.00229081 0.000578506 1.00777e-05 -1.12828e-06 2.89679e-09 4.6667e-10 1.2978e-11 4.8786e-14 -1.91084e-15 8.11281e-19
-1.47 -0.609369 -0.608522 -0.00203619 0.115493 -0.0710079 -0.454884 -0.393899 -0.0588807 0.552276 -0.118791 -0.164213 -0.0156593 0.00244543 0.000625403 1.10332e-05 -1.25096e-06 3.25257e-09 5.30647e-10 1.49448e-11 5.68935e-14 -2.25672e-15 9.70309e-19
-1.46 -0.599931 -0.59917 -0.00191493 0.109995 -0.0684877 -0.444316 -0.389639 -0.0589843 0.56028 -0.122044 -0.170856 -0.0164998 0.00260944 0.000675831 1.20744e-05 -1.38641e-06 3.65059e-09 6.03153e-10 1.72027e-11 6.63217e-14 -2.66414e-15 1.16005e-18
-1.45 -0.590654 -0.589981 -0.00180017 0.104718 -0.0660305 -0.433821 -0.385271 -0.0590645 0.568173 -0.125337 -0.177696 -0.0173785 0.00278334 0.000730033 1.32086e-05 -1.53592e-06 4.09567e-09 6.85291e-10 1.97938e-11 7.72815e-14 -3.14385e-15 1.38633e-18
-1.44 -0.581563 -0.580981 -0.00169161 0.0996537 -0.0636361 -0.423404 -0.3808 -0.0591211 0.575947 -0.128667 -0.184735 -0.0182966 0.00296764 0.000788268 1.44435e-05 -1.70087e-06 4.59318e-09 7.78305e-10 2.27662e-11 9.00163e-14 -3.70846e-15 1.65609e-18
-1.43 -0.572684 -0.572195 -0.00158896 0.0947966 -0.0613039 -0.413072 -0.37623 -0.0591541 0.583594 -0.132032 -0.191977 -0.0192556 0.00316288 0.000850807 1.57876e-05 -1.88278e-06 5.14906e-09 8.83589e-10 2.61744e-11 1.04808e-13 -4.37272e-15 1.97755e-18
-1.42 -0.564044 -0.563648 -0.00149195 0.0901401 -0.0590336 -0.40283 -0.371566 -0.0591634 0.591106 -0.135432 -0.199423 -0.0202567 0.00336962 0.00091794 1.72498e-05 -2.08332e-06 5.76991e-09 1.00271e-09 3.00808e-11 1.21981e-13 -5.1539e-15 2.36047e-18
-1.41 -0.555666 -0.555365 -0.00140029 0.085678 -0.0568246 -0.392686 -0.366813 -0.0591491 0.598475 -0.138863 -0.207075 -0.0213013 0.00358843 0.000989975 1.884e-05 -2.30429e-06 6.46303e-09 1.13744e-09 3.45564e-11 1.41911e-13 -6.07221e-15 2.8164e-18
-1.4 -0.547576 -0.547369 -0.00131375 0.0814043 -0.0546765 -0.382644 -0.361976 -0.0591111 0.605693 -0.142325 -0.214935 -0.0223908 0.00381993 0.00106724 2.05685e-05 -2.54768e-06 7.23652e-09 1.28976e-09 3.9682e-11 1.65032e-13 -7.15128e-15 3.35905e-18
-1.39 -0.539797 -0.539683 -0.00123205 0.0773128 -0.0525884 -0.37271 -0.35706 -0.0590496 0.612754 -0.145814 -0.223004 -0.0235267 0.00406473 0.00115007 2.24466e-05 -2.81565e-06 8.09934e-09 1.46189e-09 4.55496e-11 1.91843e-13 -8.41873e-15 4.00466e-18
-1.38 -0.532351 -0.53233 -0.00115498 0.0733976 -0.0505599 -0.362888 -0.35207 -0.0589645 0.619649 -0.149329 -0.231283 -0.0247103 0.00432349 0.00123883 2.44864e-05 -3.11056e-06 9.06141e-09 1.65633e-09 5.2264e-11 2.2292e-13 -9.90686e-15 4.77245e-18
-1.37 -0.52526 -0.52533 -0.00108229 0.0696528 -0.0485902 -0.353184 -0.347011 -0.058856 0.626371 -0.152868 -0.239773 -0.0259431 0.00459688 0.00133391 2.67009e-05 -3.43499e-06 1.01337e-08 1.87588e-09 5.99441e-11 2.58928e-13 -1.16534e-14 5.68516e-18
-1.36 -0.518546 -0.518705 -0.00101378 0.0660726 -0.0466786 -0.343602 -0.341888 -0.0587241 0.632912 -0.156428 -0.248476 -0.0272265 0.00488561 0.00143571 2.9104e-05 -3.79174e-06 1.13284e-08 2.12368e-09 6.87254e-11 3.00632e-13 -1.37023e-14 6.76971e-18
-1.35 -0.512228 -0.512474 -0.000949217 0.0626514 -0.0448242 -0.334146 -0.336706 -0.0585692 0.639267 -0.160007 -0.257391 -0.0285619 0.0051904 0.00154467 3.17107e-05 -4.18386e-06 1.26588e-08 2.40326e-09 7.87614e-11 3.48913e-13 -1.61051e-14 8.05795e-18
-1.34 -0.506327 -0.506657 -0.000888414 0.0593836 -0.0430263 -0.324821 -0.33147 -0.0583913 0.645426 -0.163602 -0.26652 -0.0299508 0.00551199 0.00166123 3.45371e-05 -4.61469e-06 1.41398e-08 2.71855e-09 9.0227e-11 4.04786e-13 -1.89216e-14 9.58749e-18
-1.33 -0.50086 -0.50127 -0.000831173 0.0562637 -0.041284 -0.315629 -0.326184 -0.0581906 0.651385 -0.167211 -0.275863 -0.0313948 0.00585117 0.00178587 3.76004e-05 -5.08785e-06 1.57878e-08 3.07398e-09 1.0332e-10 4.69419e-13 -2.22217e-14 1.14028e-17
-1.32 -0.495844 -0.496332 -0.000777309 0.0532864 -0.0395964 -0.306575 -0.320855 -0.0579675 0.657135 -0.170832 -0.285418 -0.0328952 0.00620874 0.00191909 4.09189e-05 -5.60728e-06 1.76208e-08 3.47449e-09 1.18266e-10 5.44155e-13 -2.6087e-14 1.35564e-17
-1.31 -0.491297 -0.491857 -0.000726645 0.0504464 -0.0379626 -0.297662 -0.315486 -0.0577221 0.662671 -0.174461 -0.295187 -0.0344535 0.00658552 0.00206143 4.45126e-05 -6.17727e-06 1.96587e-08 3.92561e-09 1.3532e-10 6.30536e-13 -3.06125e-14 1.61103e-17
-1.3 -0.487232 -0.487862 -0.000679011 0.0477388 -0.0363817 -0.288892 -0.310083 -0.0574548 0.667987 -0.178096 -0.305168 -0.0360712 0.00698237 0.00221343 4.84024e-05 -6.80248e-06 2.19236e-08 4.43352e-09 1.54771e-10 7.30338e-13 -3.59085e-14 1.91377e-17
-1.29 -0.483666 -0.48436 -0.000634247 0.0451584 -0.0348526 -0.280268 -0.304651 -0.0571658 0.673076 -0.181734 -0.31536 -0.0377497 0.00740018 0.0023757 5.26112e-05 -7.48797e-06 2.44396e-08 5.00515e-09 1.76948e-10 8.45598e-13 -4.2104e-14 2.27248e-17
-1.28 -0.48061 -0.481364 -0.000592196 0.0427003 -0.0333745 -0.271793 -0.299195 -0.0568556 0.677933 -0.185372 -0.325762 -0.0394906 0.00783986 0.00254884 5.71631e-05 -8.23924e-06 2.72334e-08 5.64823e-09 2.02221e-10 9.78656e-13 -4.93487e-14 2.69736e-17
-1.27 -0.478078 -0.478886 -0.000552712 0.04036 -0.0319462 -0.263469 -0.293718 -0.0565244 0.682551 -0.189007 -0.336372 -0.0412952 0.00830233 0.00273351 6.20839e-05 -9.06226e-06 3.03346e-08 6.37137e-09 2.31011e-10 1.1322e-12 -5.78169e-14 3.20039e-17
-1.26 -0.476079 -0.476936 -0.000515655 0.0381326 -0.0305669 -0.255298 -0.288227 -0.0561726 0.686926 -0.192637 -0.34719 -0.043165 0.00878857 0.00293039 6.74014e-05 -9.96351e-06 3.37753e-08 7.18423e-09 2.63795e-10 1.30931e-12 -6.7711e-14 3.79572e-17
-1.25 -0.474624 -0.475525 -0.00048089 0.0360138 -0.0292354 -0.247281 -0.282725 -0.0558008 0.691053 -0.196257 -0.358212 -0.0451015 0.00929957 0.00314019 7.31451e-05 -1.095e-05 3.75913e-08 8.09756e-09 3.0111e-10 1.51352e-12 -7.92666e-14 4.49998e-17
-1.24 -0.473721 -0.474661 -0.000448289 0.0339991 -0.0279507 -0.23942 -0.277217 -0.0554092 0.694926 -0.199866 -0.369436 -0.047106 0.00983634 0.00336366 7.93465e-05 -1.20294e-05 4.18216e-08 9.12334e-09 3.43567e-10 1.74887e-12 -9.27572e-14 5.33279e-17
-1.23 -0.473378 -0.47435 -0.000417731 0.0320842 -0.0267118 -0.231717 -0.271707 -0.0549984 0.698542 -0.20346 -0.380859 -0.0491798 0.0103999 0.0036016 8.60392e-05 -1.32098e-05 4.65095e-08 1.0275e-08 3.91853e-10 2.02002e-12 -1.085e-13 6.31719e-17
-1.22 -0.473601 -0.474601 -0.000389101 0.0302651 -0.0255176 -0.224171 -0.266201 -0.0545688 0.701896 -0.207035 -0.392479 -0.0513245 0.0109914 0.00385482 9.32591e-05 -1.45003e-05 5.17021e-08 1.15673e-08 4.46747e-10 2.33228e-12 -1.26865e-13 7.48031e-17
-1.21 -0.474396 -0.475417 -0.000362287 0.0285378 -0.0243671 -0.216785 -0.260702 -0.0541208 0.704983 -0.21059 -0.404291 -0.0535412 0.0116119 0.0041242 0.000101044 -1.59105e-05 5.74515e-08 1.3017e-08 5.09127e-10 2.69173e-12 -1.48278e-13 8.85404e-17
-1.2 -0.475765 -0.476802 -0.000337187 0.0268982 -0.0232591 -0.209558 -0.255215 -0.0536551 0.707801 -0.214119 -0.416292 -0.0558314 0.0122625 0.00441064 0.000109436 -1.74509e-05 6.38146e-08 1.46425e-08 5.79985e-10 3.10533e-12 -1.73237e-13 1.04759e-16
-1.19 -0.477713 -0.478759 -0.0003137 0.0253427 -0.0221926 -0.202491 -0.249743 -0.0531722 0.710347 -0.217621 -0.428478 -0.0581962 0.0129444 0.00471508 0.000118477 -1.91328e-05 7.08542e-08 1.64645e-08 6.60441e-10 3.58105e-12 -2.02315e-13 1.23898e-16
-1.18 -0.480239 -0.48129 -0.000291733 0.0238676 -0.0211666 -0.195584 -0.24429 -0.0526725 0.712616 -0.221091 -0.440845 -0.060637 0.0136587 0.00503853 0.000128214 -2.09683e-05 7.86389e-08 1.85057e-08 7.51757e-10 4.128e-12 -2.3618e-13 1.46476e-16
-1.17 -0.483345 -0.484394 -0.000271195 0.0224694 -0.0201799 -0.188837 -0.238861 -0.0521566 0.714606 -0.224527 -0.453387 -0.0631548 0.0144067 0.00538201 0.000138695 -2.29708e-05 8.7244e-08 2.07917e-08 8.55356e-10 4.75659e-12 -2.75604e-13 1.73098e-16
-1.16 -0.487029 -0.488071 -0.000252002 0.0211446 -0.0192315 -0.18225 -0.23346 -0.0516251 0.716316 -0.227925 -0.466099 -0.0657509 0.0151896 0.0057466 0.000149973 -2.51544e-05 9.6752e-08 2.33507e-08 9.72844e-10 5.4787e-12 -3.21479e-13 2.04478e-16
-1.15 -0.491289 -0.492319 -0.000234074 0.01989 -0.0183203 -0.175822 -0.228089 -0.0510787 0.717743 -0.231282 -0.478976 -0.0684263 0.0160086 0.00613344 0.000162103 -2.75346e-05 1.07253e-07 2.62142e-08 1.10603e-09 6.30791e-12 -3.74841e-13 2.41449e-16
-1.14 -0.496121 -0.497135 -0.000217335 0.0187023 -0.0174454 -0.169553 -0.222753 -0.0505177 0.718884 -0.234594 -0.492012 -0.0711821 0.016865 0.0065437 0.000175145 -3.0128e-05 1.18847e-07 2.9417e-08 1.25694e-09 7.25972e-12 -4.36885e-13 2.84991e-16
-1.13 -0.501522 -0.502513 -0.000201711 0.0175786 -0.0166056 -0.163443 -0.217454 -0.049943 0.71974 -0.237859 -0.505201 -0.0740193 0.0177602 0.00697862 0.00018916 -3.29525e-05 1.31641e-07 3.2998e-08 1.42787e-09 8.35181e-12 -5.08995e-13 3.36251e-16
-1.12 -0.507484 -0.508449 -0.000187136 0.0165157 -0.0157999 -0.157489 -0.212197 -0.0493551 0.720308 -0.241073 -0.518536 -0.0769388 0.0186953 0.00743946 0.000204215 -3.60273e-05 1.45754e-07 3.70001e-08 1.6214e-09 9.60434e-12 -5.9277e-13 3.96572e-16
-1.11 -0.514001 -0.514934 -0.000173545 0.0155109 -0.0150272 -0.151692 -0.206984 -0.0487545 0.720589 -0.244233 -0.532009 -0.0799414 0.0196719 0.00792756 0.000220379 -3.93733e-05 1.61315e-07 4.1471e-08 1.84042e-09 1.10403e-11 -6.90058e-13 4.67528e-16
-1.1 -0.521064 -0.521962 -0.000160877 0.0145614 -0.0142867 -0.14605 -0.201818 -0.0481421 0.720581 -0.247335 -0.545615 -0.083028 0.0206911 0.00844431 0.000237729 -4.30128e-05 1.78467e-07 4.64635e-08 2.08819e-09 1.26859e-11 -8.02991e-13 5.50958e-16
-1.09 -0.528664 -0.529523 -0.000149073 0.0136646 -0.0135772 -0.140561 -0.196703 -0.0475183 0.720286 -0.250376 -0.559345 -0.0861994 0.0217545 0.00899114 0.000256341 -4.697e-05 1.97363e-07 5.20363e-08 2.36838e-09 1.45709e-11 -9.34033e-13 6.49017e-16
-1.08 -0.536791 -0.537607 -0.000138081 0.0128178 -0.0128978 -0.135225 -0.19164 -0.0468838 0.719702 -0.253353 -0.573191 -0.089456 0.0228634 0.00956956 0.0002763 -5.12707e-05 2.18173e-07 5.82541e-08 2.68508e-09 1.67293e-11 -1.08603e-12 7.64222e-16
-1.07 -0.545431 -0.546201 -0.000127847 0.0120188 -0.0122474 -0.130039 -0.186633 -0.0462393 0.718831 -0.256263 -0.587145 -0.0927986 0.0240192 0.0101811 0.000297694 -5.59428e-05 2.4108e-07 6.51889e-08 3.04291e-09 1.91998e-11 -1.26225e-12 8.99518e-16
-1.06 -0.554574 -0.555294 -0.000118325 0.011265 -0.0116253 -0.125002 -0.181685 -0.0455854 0.717675 -0.259103 -0.601198 -0.0962275 0.0252233 0.0108274 0.000320616 -6.10162e-05 2.66286e-07 7.292e-08 3.44706e-09 2.20263e-11 -1.46648e-12 1.05834e-15
-1.05 -0.564203 -0.564871 -0.000109469 0.0105543 -0.0110303 -0.120112 -0.176797 -0.0449228 0.716233 -0.26187 -0.615341 -0.0997433 0.0264772 0.0115102 0.000345166 -6.65232e-05 2.9401e-07 8.15353e-08 3.90331e-09 2.52588e-11 -1.70307e-12 1.24471e-15
-1.04 -0.574305 -0.574918 -0.000101234 0.00988447 -0.0104616 -0.115367 -0.171971 -0.0442521 0.714509 -0.26456 -0.629565 -0.103346 0.0277823 0.012231 0.000371446 -7.24981e-05 3.2449e-07 9.11321e-08 4.4182e-09 2.8954e-11 -1.97704e-12 1.46331e-15
-1.03 -0.584863 -0.585419 -9.3582e-05 0.00925345 -0.00991819 -0.110765 -0.16721 -0.043574 0.712503 -0.267171 -0.643861 -0.107036 0.0291401 0.0129919 0.000399567 -7.89782e-05 3.57988e-07 1.01818e-07 4.99899e-09 3.31767e-11 -2.29416e-12 1.71962e-15
-1.02 -0.595859 -0.596357 -8.64735e-05 0.00865925 -0.00939928 -0.106304 -0.162516 -0.0428892 0.710219 -0.2697 -0.658217 -0.110814 0.030552 0.0137945 0.000429646 -8.6003e-05 3.94785e-07 1.13711e-07 5.65388e-09 3.79999e-11 -2.66109e-12 2.02001e-15
-1.01 -0.607276 -0.607714 -7.9873e-05 0.00809996 -0.00890396 -0.101982 -0.157891 -0.0421982 0.70766 -0.272144 -0.672625 -0.114679 0.0320196 0.0146409 0.000461804 -9.36152e-05 4.3519e-07 1.26942e-07 6.392e-09 4.35069e-11 -3.08547e-12 2.37193e-15
-1 -0.619094 -0.619471 -7.37468e-05 0.00757377 -0.00843137 -0.0977971 -0.153336 -0.0415017 0.704827 -0.2745 -0.687073 -0.118631 0.0335442 0.015533 0.00049617 -0.00010186 4.79539e-07 1.41656e-07 7.22359e-09 4.97921e-11 -3.5761e-12 2.78404e-15
-0.99 -0.631293 -0.631608 -6.80633e-05 0.00707893 -0.00798067 -0.093746 -0.148853 -0.0408004 0.701726 -0.276766 -0.70155 -0.122671 0.0351273 0.0164729 0.000532881 -0.000110787 5.28196e-07 1.58013e-07 8.16011e-09 5.69625e-11 -4.14309e-12 3.26645e-15
-0.98 -0.643851 -0.644105 -6.27926e-05 0.00661377 -0.00755104 -0.0898269 -0.144443 -0.040095 0.698358 -0.27894 -0.716047 -0.126797 0.0367704 0.0174626 0.000572079 -0.000120449 5.81557e-07 1.76188e-07 9.21436e-09 6.51395e-11 -4.79805e-12 3.83091e-15
-0.97 -0.656748 -0.656939 -5.7907e-05 0.00617671 -0.00714169 -0.0860371 -0.140107 -0.0393859 0.694729 -0.281017 -0.73055 -0.13101 0.0384751 0.0185044 0.000613914 -0.0001309 6.40053e-07 1.96375e-07 1.04006e-08 7.44604e-11 -5.55433e-12 4.49113e-15
-0.96 -0.669959 -0.670088 -5.33801e-05 0.00576622 -0.00675182 -0.0823743 -0.135848 -0.038674 0.690842 -0.282997 -0.74505 -0.135309 0.0402426 0.0196005 0.000658546 -0.000142202 7.04151e-07 2.18787e-07 1.1735e-08 8.5081e-11 -6.42725e-12 5.26301e-15
-0.95 -0.683462 -0.683529 -4.91874e-05 0.00538086 -0.00638068 -0.0788359 -0.131665 -0.0379597 0.686702 -0.284877 -0.759533 -0.139692 0.0420745 0.0207533 0.00070614 -0.000154417 7.74359e-07 2.4366e-07 1.32352e-08 9.71777e-11 -7.43438e-12 6.1651e-15
-0.94 -0.697231 -0.697238 -4.53059e-05 0.00501925 -0.00602754 -0.0754193 -0.12756 -0.0372437 0.682314 -0.286655 -0.773988 -0.14416 0.0439722 0.021965 0.000756871 -0.000167614 8.51226e-07 2.71252e-07 1.49212e-08 1.1095e-10 -8.59588e-12 7.21891e-15
-0.93 -0.711242 -0.71119 -4.1714e-05 0.00468007 -0.00569166 -0.0721219 -0.123534 -0.0365266 0.677683 -0.288328 -0.788402 -0.148712 0.0459371 0.0232382 0.000810922 -0.000181867 9.35349e-07 3.01847e-07 1.68153e-08 1.26623e-10 -9.93488e-12 8.44947e-15
-0.92 -0.725469 -0.725359 -3.83916e-05 0.00436206 -0.00537235 -0.0689411 -0.119587 -0.035809 0.672814 -0.289896 -0.802764 -0.153346 0.0479706 0.0245754 0.000868485 -0.000197253 1.02737e-06 3.35759e-07 1.89422e-08 1.44453e-10 -1.14779e-11 9.88584e-15
-0.91 -0.739885 -0.739718 -3.53196e-05 0.00406403 -0.00506892 -0.0658742 -0.115719 -0.0350914 0.667713 -0.291355 -0.817061 -0.158061 0.0500741 0.0259791 0.000929763 -0.000213855 1.128e-06 3.73332e-07 2.13297e-08 1.64727e-10 -1.32552e-11 1.15618e-14
-0.9 -0.754463 -0.754242 -3.24804e-05 0.00378485 -0.00478072 -0.0629186 -0.111932 -0.0343745 0.662386 -0.292704 -0.83128 -0.162855 0.052249 0.027452 0.000994966 -0.000231761 1.23799e-06 4.14943e-07 2.40084e-08 1.87771e-10 -1.53016e-11 1.35164e-14
-0.89 -0.769176 -0.768902 -2.98575e-05 0.00352344 -0.0045071 -0.0600716 -0.108226 -0.0336587 0.656838 -0.293943 -0.845408 -0.167729 0.0544965 0.0289969 0.00106432 -0.000251067 1.35816e-06 4.61008e-07 2.70128e-08 2.13954e-10 -1.76569e-11 1.57952e-14
-0.88 -0.783995 -0.783671 -2.74355e-05 0.00327878 -0.00424744 -0.0573304 -0.1046 -0.0329447 0.651076 -0.295068 -0.859432 -0.172678 0.0568179 0.0306164 0.00113804 -0.000271871 1.4894e-06 5.11982e-07 3.03809e-08 2.43691e-10 -2.03665e-11 1.84507e-14
-0.87 -0.798891 -0.79852 -2.51998e-05 0.00304988 -0.00400114 -0.0546925 -0.101056 -0.0322329 0.645107 -0.296079 -0.87334 -0.177703 0.0592146 0.0323134 0.00121639 -0.000294282 1.63267e-06 5.68364e-07 3.41554e-08 2.77449e-10 -2.34827e-11 2.15441e-14
-0.86 -0.813836 -0.813421 -2.31371e-05 0.00283583 -0.00376762 -0.052155 -0.0975924 -0.0315239 0.638937 -0.296975 -0.887117 -0.182801 0.0616877 0.0340909 0.00129962 -0.000318413 1.789e-06 6.30704e-07 3.83834e-08 3.15757e-10 -2.70647e-11 2.51461e-14
-0.85 -0.8288 -0.828343 -2.12347e-05 0.00263574 -0.00354631 -0.0497154 -0.0942099 -0.0308181 0.632573 -0.297754 -0.900752 -0.18797 0.0642383 0.0359517 0.00138798 -0.000344385 1.95952e-06 6.99601e-07 4.31176e-08 3.59211e-10 -3.11807e-11 2.93386e-14
-0.84 -0.843753 -0.843257 -1.9481e-05 0.0024488 -0.00333666 -0.047371 -0.0909084 -0.0301161 0.626021 -0.298416 -0.91423 -0.193208 0.0668677 0.037899 0.00148175 -0.000372327 2.14544e-06 7.75714e-07 4.84163e-08 4.08481e-10 -3.59083e-11 3.42163e-14
-0.83 -0.858665 -0.858134 -1.78649e-05 0.0022742 -0.00313815 -0.0451191 -0.0876874 -0.0294184 0.61929 -0.29896 -0.927539 -0.198513 0.0695768 0.0399357 0.00158123 -0.000402374 2.34805e-06 8.59763e-07 5.43444e-08 4.64324e-10 -4.13361e-11 3.98891e-14
-0.82 -0.873506 -0.872942 -1.63763e-05 0.00211121 -0.00295027 -0.042957 -0.0845468 -0.0287253 0.612386 -0.299385 -0.940665 -0.203881 0.0723667 0.0420651 0.00168672 -0.000434672 2.56877e-06 9.52539e-07 6.0974e-08 5.2759e-10 -4.75653e-11 4.64838e-14
-0.81 -0.888245 -0.887653 -1.50058e-05 0.00195911 -0.00277253 -0.0408822 -0.081486 -0.0280373 0.605317 -0.299691 -0.953596 -0.209311 0.0752385 0.0442903 0.00179852 -0.000469375 2.80911e-06 1.0549e-06 6.83849e-08 5.99237e-10 -5.47114e-11 5.41471e-14
-0.8 -0.902852 -0.902234 -1.37445e-05 0.00181725 -0.00260445 -0.038892 -0.0785046 -0.0273548 0.598091 -0.299878 -0.966318 -0.214799 0.0781929 0.0466146 0.00191696 -0.000506647 3.07072e-06 1.1678e-06 7.66659e-08 6.80341e-10 -6.2906e-11 6.30485e-14
-0.79 -0.917296 -0.916656 -1.25841e-05 0.00168498 -0.00244559 -0.0369839 -0.0756021 -0.0266783 0.590714 -0.299944 -0.978818 -0.220344 0.0812308 0.0490412 0.00204239 -0.000546658 3.35534e-06 1.29227e-06 8.59154e-08 7.72113e-10 -7.22989e-11 7.33838e-14
-0.78 -0.931546 -0.930888 -1.15172e-05 0.00156172 -0.0022955 -0.0351554 -0.0727777 -0.0260081 0.583195 -0.29989 -0.991083 -0.225941 0.084353 0.0515735 0.00217516 -0.000589594 3.66488e-06 1.42942e-06 9.62422e-08 8.75914e-10 -8.30612e-11 8.53793e-14
-0.77 -0.945572 -0.944899 -1.05364e-05 0.00144689 -0.00215375 -0.0334039 -0.0700309 -0.0253446 0.575541 -0.299717 -1.0031 -0.231587 0.0875601 0.0542149 0.00231562 -0.000635648 4.00137e-06 1.5805e-06 1.07767e-07 9.93272e-10 -9.53874e-11 9.92958e-14
-0.76 -0.959342 -0.958658 -9.63534e-06 0.00133997 -0.00201996 -0.031727 -0.0673608 -0.0246882 0.567761 -0.299423 -1.01486 -0.23728 0.0908529 0.0569688 0.00246418 -0.000685025 4.36702e-06 1.74686e-06 1.20624e-07 1.1259e-09 -1.09499e-10 1.15435e-13
-0.75 -0.972828 -0.972136 -8.8078e-06 0.00124046 -0.00189371 -0.0301222 -0.0647665 -0.0240391 0.559862 -0.299011 -1.02634 -0.243016 0.0942318 0.0598386 0.00262121 -0.000737943 4.76416e-06 1.92995e-06 1.34961e-07 1.27574e-09 -1.25648e-10 1.34143e-13
-0.74 -0.985997 -0.985301 -8.04811e-06 0.00114787 -0.00177465 -0.0285872 -0.0622473 -0.0233978 0.551852 -0.298479 -1.03754 -0.24879 0.0976972 0.0628278 0.00278714 -0.00079463 5.19535e-06 2.13137e-06 1.50941e-07 1.44493e-09 -1.44121e-10 1.5582e-13
-0.73 -0.99882 -0.998123 -7.35101e-06 0.00106178 -0.0016624 -0.0271195 -0.0598021 -0.0227644 0.543739 -0.29783 -1.04844 -0.2546 0.10125 0.06594 0.00296239 -0.00085533 5.6633e-06 2.35288e-06 1.68746e-07 1.63591e-09 -1.65243e-10 1.80929e-13
-0.72 -1.01127 -1.01057 -6.7116e-06 0.000981744 -0.00155664 -0.0257169 -0.0574301 -0.0221393 0.535531 -0.297062 -1.05904 -0.260442 0.104889 0.0691787 0.00314739 -0.000920298 6.17092e-06 2.59637e-06 1.88576e-07 1.85138e-09 -1.89386e-10 2.09999e-13
-0.71 -1.02331 -1.02262 -6.12536e-06 0.000907381 -0.00145702 -0.024377 -0.05513 -0.0215228 0.527236 -0.296179 -1.06931 -0.26631 0.108616 0.0725474 0.00334261 -0.000989805 6.72136e-06 2.86391e-06 2.10651e-07 2.09441e-09 -2.1697e-10 2.43643e-13
-0.7 -1.03492 -1.03424 -5.58809e-06 0.000838315 -0.00136323 -0.0230978 -0.0529009 -0.0209151 0.518862 -0.29518 -1.07925 -0.272203 0.112431 0.0760497 0.00354852 -0.00106414 7.31797e-06 3.15775e-06 2.35217e-07 2.36838e-09 -2.48471e-10 2.82564e-13
-0.69 -1.04606 -1.04539 -5.09591e-06 0.000774196 -0.00127496 -0.0218769 -0.0507416 -0.0203164 0.510416 -0.294066 -1.08884 -0.278114 0.116332 0.0796893 0.00376561 -0.00114359 7.96434e-06 3.48035e-06 2.62543e-07 2.67713e-09 -2.84432e-10 3.27571e-13
-0.68 -1.05672 -1.05606 -4.64522e-06 0.000714696 -0.00119194 -0.0207123 -0.048651 -0.019727 0.501908 -0.29284 -1.09809 -0.28404 0.120322 0.0834696 0.00399439 -0.00122849 8.66435e-06 3.83438e-06 2.92926e-07 3.02491e-09 -3.25467e-10 3.79594e-13
-0.67 -1.06685 -1.06621 -4.23269e-06 0.000659504 -0.00111387 -0.0196018 -0.0466279 -0.019147 0.493343 -0.291502 -1.10696 -0.289976 0.124398 0.0873943 0.00423536 -0.00131916 9.42211e-06 4.22273e-06 3.26695e-07 3.4165e-09 -3.72274e-10 4.39705e-13
-0.66 -1.07644 -1.07582 -3.85526e-06 0.000608331 -0.00104051 -0.0185434 -0.0446711 -0.0185766 0.484731 -0.290054 -1.11547 -0.295918 0.12856 0.0914669 0.00448908 -0.00141596 1.0242e-05 4.64855e-06 3.6421e-07 3.85725e-09 -4.25642e-10 5.0913e-13
-0.65 -1.08545 -1.08486 -3.51008e-06 0.000560905 -0.000971582 -0.0175352 -0.0427792 -0.018016 0.476079 -0.288498 -1.12359 -0.301861 0.132809 0.095691 0.00475609 -0.00151925 1.11289e-05 5.11526e-06 4.05871e-07 4.35311e-09 -4.86466e-10 5.89281e-13
-0.64 -1.09387 -1.0933 -3.19452e-06 0.000516969 -0.00090686 -0.0165752 -0.0409511 -0.0174654 0.467395 -0.286836 -1.13131 -0.307801 0.137144 0.10007 0.00503697 -0.00162942 1.20877e-05 5.62658e-06 4.52117e-07 4.91076e-09 -5.5576e-10 6.81778e-13
-0.63 -1.10166 -1.10112 -2.90617e-06 0.000476284 -0.000846112 -0.0156614 -0.0391854 -0.0169248 0.458685 -0.285069 -1.13864 -0.313731 0.141563 0.104608 0.00533231 -0.00174689 1.31238e-05 6.18654e-06 5.03431e-07 5.53762e-09 -6.34669e-10 7.88477e-13
-0.62 -1.10881 -1.10829 -2.6428e-06 0.000438626 -0.000789117 -0.0147921 -0.0374809 -0.0163943 0.449957 -0.2832 -1.14555 -0.319648 0.146067 0.109308 0.0056427 -0.00187208 1.42431e-05 6.7995e-06 5.60345e-07 6.24201e-09 -7.24493e-10 9.11511e-13
-0.61 -1.11528 -1.1148 -2.40233e-06 0.000403783 -0.000735667 -0.0139655 -0.0358362 -0.0158742 0.441219 -0.28123 -1.15204 -0.325546 0.150653 0.114173 0.00596878 -0.00200543 1.54516e-05 7.47021e-06 6.23443e-07 7.03318e-09 -8.26699e-10 1.05332e-12
-0.6 -1.12106 -1.12061 -2.18286e-06 0.00037156 -0.000685563 -0.0131798 -0.0342499 -0.0153644 0.432478 -0.279163 -1.15811 -0.331421 0.155321 0.119207 0.00631117 -0.00214742 1.6756e-05 8.20379e-06 6.93369e-07 7.92146e-09 -9.42946e-10 1.21671e-12
-0.59 -1.12612 -1.1257 -1.98266e-06 0.000341771 -0.000638617 -0.0124333 -0.0327208 -0.014865 0.423741 -0.277 -1.16374 -0.337266 0.16007 0.124413 0.00667054 -0.00229855 1.81632e-05 9.00581e-06 7.7083e-07 8.91836e-09 -1.07511e-09 1.40487e-12
-0.58 -1.13044 -1.13006 -1.80009e-06 0.000314245 -0.000594647 -0.0117244 -0.0312474 -0.0143761 0.415013 -0.274743 -1.16894 -0.343078 0.164898 0.129795 0.00704755 -0.00245933 1.96807e-05 9.88229e-06 8.56602e-07 1.00367e-08 -1.22531e-09 1.62149e-12
-0.57 -1.13401 -1.13367 -1.63368e-06 0.00028882 -0.000553483 -0.0110515 -0.0298284 -0.0138977 0.406303 -0.272396 -1.17368 -0.34885 0.169803 0.135355 0.00744288 -0.00263031 2.13165e-05 1.08397e-05 9.51537e-07 1.12908e-08 -1.39593e-09 1.87077e-12
-0.56 -1.1368 -1.13649 -1.48207e-06 0.000265346 -0.000514962 -0.0104131 -0.0284625 -0.0134299 0.397617 -0.269961 -1.17798 -0.354577 0.174785 0.141097 0.00785725 -0.00281204 2.3079e-05 1.18852e-05 1.05657e-06 1.26965e-08 -1.58967e-09 2.1575e-12
-0.55 -1.1388 -1.13853 -1.34398e-06 0.000243683 -0.000478931 -0.0098076 -0.0271483 -0.0129726 0.388961 -0.267441 -1.18182 -0.360254 0.179841 0.147024 0.00829138 -0.00300513 2.49772e-05 1.30262e-05 1.17273e-06 1.42714e-08 -1.80958e-09 2.48718e-12
-0.54 -1.13998 -1.13975 -1.21828e-06 0.000223698 -0.000445243 -0.00923363 -0.0258844 -0.0125259 0.380341 -0.264839 -1.18519 -0.365876 0.184969 0.153139 0.00874599 -0.0032102 2.70208e-05 1.42711e-05 1.30114e-06 1.60354e-08 -2.05909e-09 2.86609e-12
-0.53 -1.14033 -1.14014 -1.10389e-06 0.000205271 -0.000413759 -0.00868978 -0.0246695 -0.0120897 0.371764 -0.262157 -1.1881 -0.371437 0.190167 0.159444 0.00922184 -0.00342788 2.92198e-05 1.56288e-05 1.44303e-06 1.80101e-08 -2.34207e-09 3.30141e-12
-0.52 -1.13985 -1.13969 -9.99838e-07 0.000188286 -0.000384347 -0.00817468 -0.0235022 -0.0116641 0.363234 -0.259398 -1.19055 -0.376931 0.195434 0.165942 0.00971968 -0.00365887 3.15853e-05 1.71087e-05 1.59975e-06 2.022e-08 -2.66286e-09 3.80132e-12
-0.51 -1.1385 -1.13838 -9.05234e-07 0.000172637 -0.000356884 -0.00768705 -0.0223812 -0.0112489 0.354758 -0.256566 -1.19251 -0.382354 0.200765 0.172636 0.0102403 -0.00390385 3.41285e-05 1.87213e-05 1.77279e-06 2.26919e-08 -3.02639e-09 4.37518e-12
-0.5 -1.13629 -1.13621 -8.19253e-07 0.000158226 -0.00033125 -0.00722561 -0.0213051 -0.0108442 0.346342 -0.253663 -1.19401 -0.3877 0.20616 0.179529 0.0107845 -0.00416357 3.68618e-05 2.04776e-05 1.96376e-06 2.54558e-08 -3.43817e-09 5.03366e-12
-0.49 -1.13319 -1.13315 -7.41143e-07 0.00014496 -0.000307334 -0.00678915 -0.0202727 -0.0104499 0.33799 -0.250692 -1.19503 -0.392963 0.211615 0.186621 0.0113531 -0.0044388 3.9798e-05 2.23898e-05 2.17443e-06 2.8545e-08 -3.90441e-09 5.78893e-12
-0.48 -1.12921 -1.1292 -6.70211e-07 0.000132753 -0.000285031 -0.00637651 -0.0192825 -0.0100658 0.329707 -0.247658 -1.19557 -0.398138 0.217127 0.193917 0.0119469 -0.00473033 4.2951e-05 2.44708e-05 2.40673e-06 3.19962e-08 -4.43211e-09 6.65487e-12
-0.47 -1.12432 -1.12436 -6.05826e-07 0.000121525 -0.000264241 -0.00598655 -0.0183334 -0.00969203 0.321499 -0.244562 -1.19563 -0.403221 0.222694 0.201417 0.0125667 -0.00503899 4.63352e-05 2.67345e-05 2.66279e-06 3.58504e-08 -5.02911e-09 7.64727e-12
-0.46 -1.11853 -1.1186 -5.47407e-07 0.000111202 -0.000244869 -0.00561819 -0.0174241 -0.00932838 0.31337 -0.241408 -1.19522 -0.408204 0.228313 0.209123 0.0132133 -0.00536564 4.9966e-05 2.91959e-05 2.94492e-06 4.01528e-08 -5.70425e-09 8.78414e-12
-0.45 -1.11182 -1.11193 -4.94424e-07 0.000101716 -0.000226827 -0.00527039 -0.0165532 -0.00897479 0.305324 -0.2382 -1.19432 -0.413085 0.233979 0.217038 0.0138877 -0.00571119 5.38598e-05 3.18712e-05 3.25563e-06 4.49535e-08 -6.46744e-09 1.0086e-11
-0.44 -1.10419 -1.10433 -4.4639e-07 9.30014e-05 -0.00021003 -0.00494215 -0.0157195 -0.00863115 0.297366 -0.23494 -1.19295 -0.417856 0.23969 0.225162 0.0145907 -0.00607655 5.80339e-05 3.47777e-05 3.59769e-06 5.0308e-08 -7.32981e-09 1.15762e-11
-0.43 -1.09564 -1.09581 -4.02862e-07 8.49996e-05 -0.000194399 -0.00463249 -0.0149219 -0.00829734 0.289499 -0.231633 -1.19111 -0.422513 0.245442 0.233496 0.0153231 -0.0064627 6.25064e-05 3.79341e-05 3.9741e-06 5.62779e-08 -8.30383e-09 1.32812e-11
-0.42 -1.08617 -1.08637 -3.63432e-07 7.76551e-05 -0.00017986 -0.0043405 -0.0141591 -0.00797326 0.281728 -0.22828 -1.18879 -0.427052 0.251232 0.242043 0.0160859 -0.00687065 6.72967e-05 4.13604e-05 4.38813e-06 6.2931e-08 -9.40354e-09 1.52312e-11
-0.41 -1.07576 -1.07599 -3.27731e-07 7.09169e-05 -0.000166341 -0.00406529 -0.0134299 -0.00765877 0.274056 -0.224886 -1.186 -0.431466 0.257056 0.250801 0.0168799 -0.00730142 7.24251e-05 4.50781e-05 4.84335e-06 7.03424e-08 -1.06446e-08 1.74606e-11
-0.4 -1.06443 -1.06469 -2.95419e-07 6.47375e-05 -0.000153777 -0.003806 -0.0127332 -0.00735374 0.266486 -0.221454 -1.18275 -0.435752 0.26291 0.259773 0.0177059 -0.0077561 7.79132e-05 4.91104e-05 5.34367e-06 7.85953e-08 -1.20447e-08 2.00083e-11
-0.39 -1.05217 -1.05246 -2.66185e-07 5.90729e-05 -0.000142105 -0.00356183 -0.0120677 -0.00705803 0.259021 -0.217987 -1.17903 -0.439904 0.268789 0.268958 0.018565 -0.00823579 8.37836e-05 5.34819e-05 5.89331e-06 8.77813e-08 -1.36234e-08 2.29186e-11
-0.38 -1.03899 -1.0393 -2.39749e-07 5.38824e-05 -0.000131267 -0.00333198 -0.0114325 -0.00677151 0.251665 -0.214489 -1.17486 -0.443919 0.27469 0.278357 0.019458 -0.00874166 9.00603e-05 5.82194e-05 6.49689e-06 9.80018e-08 -1.5403e-08 2.62417e-11
-0.37 -1.02488 -1.02522 -2.15852e-07 4.91283e-05 -0.000121206 -0.00311573 -0.0108264 -0.00649402 0.24442 -0.210962 -1.17023 -0.447791 0.280608 0.287968 0.0203858 -0.00927489 9.67685e-05 6.33511e-05 7.15942e-06 1.09368e-07 -1.7408e-08 3.00345e-11
-0.36 -1.00987 -1.01022 -1.94259e-07 4.47758e-05 -0.000111872 -0.00291234 -0.0102483 -0.00622542 0.237289 -0.207411 -1.16515 -0.451516 0.286539 0.297793 0.0213492 -0.00983671 0.000103935 6.89075e-05 7.88635e-06 1.22005e-07 -1.96661e-08 3.43619e-11
-0.35 -0.993938 -0.994312 -1.74756e-07 4.07925e-05 -0.000103216 -0.00272114 -0.00969724 -0.00596553 0.230274 -0.203837 -1.15964 -0.45509 0.292478 0.307829 0.0223493 -0.0104284 0.000111587 7.49213e-05 8.68363e-06 1.36046e-07 -2.22083e-08 3.9297e-11
-0.34 -0.97711 -0.977501 -1.57149e-07 3.71488e-05 -9.51908e-05 -0.00254148 -0.00917211 -0.00571421 0.223376 -0.200245 -1.15368 -0.458508 0.298421 0.318077 0.0233869 -0.0110512 0.000119755 8.14275e-05 9.55767e-06 1.51644e-07 -2.5069e-08 4.49229e-11
-0.33 -0.959389 -0.959796 -1.41259e-07 3.38169e-05 -8.77548e-05 -0.00237273 -0.00867195 -0.00547129 0.216599 -0.196638 -1.1473 -0.461768 0.304363 0.328534 0.0244628 -0.0117066 0.000128469 8.84632e-05 1.05155e-05 1.68961e-07 -2.8287e-08 5.13337e-11
-0.32 -0.940787 -0.941208 -1.26925e-07 3.07716e-05 -8.08673e-05 -0.0022143 -0.00819579 -0.0052366 0.209943 -0.193018 -1.1405 -0.464865 0.310299 0.339199 0.025578 -0.0123959 0.000137763 9.60684e-05 1.15647e-05 1.88181e-07 -3.19052e-08 5.8636e-11
-0.31 -0.921315 -0.921747 -1.13999e-07 2.79894e-05 -7.44906e-05 -0.00206562 -0.00774267 -0.00500997 0.203411 -0.189389 -1.13328 -0.467795 0.316224 0.350071 0.0267333 -0.0131205 0.000147669 0.000104286 1.27134e-05 2.09504e-07 -3.59719e-08 6.69501e-11
-0.3 -0.900985 -0.901427 -1.02349e-07 2.54485e-05 -6.85893e-05 -0.00192616 -0.00731168 -0.00479123 0.197002 -0.185755 -1.12566 -0.470556 0.322134 0.361146 0.0279297 -0.0138819 0.000158225 0.000113161 1.39707e-05 2.3315e-07 -4.05407e-08 7.64127e-11
-0.29 -0.879812 -0.880261 -9.18533e-08 2.3129e-05 -6.31302e-05 -0.00179539 -0.00690192 -0.00458021 0.19072 -0.182117 -1.11764 -0.473144 0.328023 0.372423 0.0291679 -0.0146816 0.000169467 0.000122742 1.53462e-05 2.5936e-07 -4.56715e-08 8.71777e-11
-0.28 -0.857811 -0.858266 -8.24006e-08 2.10126e-05 -5.80824e-05 -0.00167283 -0.00651252 -0.00437674 0.184564 -0.178479 -1.10924 -0.475556 0.333886 0.383898 0.0304488 -0.0155212 0.000181436 0.000133081 1.68504e-05 2.88402e-07 -5.14311e-08 9.94195e-11
-0.27 -0.834998 -0.835456 -7.38911e-08 1.90821e-05 -5.34168e-05 -0.00155801 -0.00614262 -0.00418063 0.178535 -0.174843 -1.10046 -0.477788 0.339718 0.395569 0.0317733 -0.0164022 0.000194172 0.000144233 1.84946e-05 3.20567e-07 -5.78939e-08 1.13335e-10
-0.26 -0.811391 -0.811851 -6.62339e-08 1.73221e-05 -4.91064e-05 -0.0014505 -0.00579142 -0.00399171 0.172634 -0.171213 -1.09131 -0.47984 0.345513 0.407431 0.0331421 -0.0173263 0.000207719 0.000156257 2.02912e-05 3.56177e-07 -6.51427e-08 1.29147e-10
-0.25 -0.787008 -0.787468 -5.93465e-08 1.57181e-05 -4.51257e-05 -0.00134986 -0.00545812 -0.0038098 0.166861 -0.167592 -1.08181 -0.481707 0.351267 0.419481 0.0345561 -0.0182952 0.000222122 0.000169216 2.22533e-05 3.95585e-07 -7.32698e-08 1.47105e-10
-0.24 -0.76187 -0.762328 -5.3154e-08 1.4257e-05 -4.14511e-05 -0.0012557 -0.00514194 -0.00363473 0.161217 -0.163981 -1.07196 -0.483388 0.356974 0.431715 0.036016 -0.0193105 0.000237429 0.000183176 2.43955e-05 4.39177e-07 -8.23779e-08 1.67494e-10
-0.23 -0.735997 -0.736451 -4.75886e-08 1.29265e-05 -3.80605e-05 -0.00116765 -0.00484214 -0.00346632 0.155702 -0.160385 -1.06177 -0.484882 0.362628 0.444128 0.0375226 -0.020374 0.00025369 0.000198209 2.67331e-05 4.87377e-07 -9.25812e-08 1.90633e-10
-0.22 -0.709412 -0.709861 -4.25889e-08 1.17155e-05 -3.49333e-05 -0.00108533 -0.004558 -0.00330439 0.150315 -0.156804 -1.05126 -0.486185 0.368225 0.456716 0.0390765 -0.0214874 0.000270955 0.00021439 2.9283e-05 5.40652e-07 -1.04007e-07 2.16881e-10
-0.21 -0.682138 -0.682579 -3.80992e-08 1.06137e-05 -3.20502e-05 -0.00100841 -0.00428881 -0.00314876 0.145056 -0.153242 -1.04044 -0.487297 0.373759 0.469472 0.0406785 -0.0226527 0.00028928 0.000231799 3.20633e-05 5.9951e-07 -1.16795e-07 2.46645e-10
-0.2 -0.654198 -0.65463 -3.40692e-08 9.61162e-06 -2.93933e-05 -0.000936574 -0.00403391 -0.00299926 0.139926 -0.149701 -1.02932 -0.488216 0.379224 0.482391 0.0423293 -0.0238716 0.000308721 0.000250521 3.50936e-05 6.64509e-07 -1.31104e-07 2.80381e-10
-0.19 -0.625618 -0.626039 -3.04533e-08 8.70071e-06 -2.69459e-05 -0.000869504 -0.00379264 -0.00285572 0.134922 -0.146183 -1.01791 -0.488941 0.384615 0.495468 0.0440294 -0.025146 0.000329336 0.000270648 3.83949e-05 7.36262e-07 -1.47107e-07 3.18604e-10
-0.18 -0.596424 -0.596832 -2.72102e-08 7.87297e-06 -2.46924e-05 -0.000806915 -0.00356438 -0.00271796 0.130046 -0.142691 -1.00622 -0.489471 0.389926 0.508696 0.0457795 -0.0264779 0.000351188 0.000292274 4.19899e-05 8.15436e-07 -1.64997e-07 3.61893e-10
-0.17 -0.566642 -0.567036 -2.43028e-08 7.12114e-06 -2.26182e-05 -0.000748531 -0.00334851 -0.00258581 0.125296 -0.139226 -0.99427 -0.489806 0.395153 0.522068 0.0475802 -0.0278692 0.00037434 0.000315502 4.59032e-05 9.02763e-07 -1.84989e-07 4.10899e-10
-0.16 -0.5363 -0.536679 -2.16974e-08 6.43852e-06 -2.07101e-05 -0.000694094 -0.00314446 -0.00245911 0.120671 -0.135792 -0.982069 -0.489946 0.40029 0.535577 0.0494319 -0.0293218 0.000398858 0.00034044 5.01611e-05 9.99042e-07 -2.0732e-07 4.66356e-10
-0.15 -0.505428 -0.50579 -1.93636e-08 5.81901e-06 -1.89553e-05 -0.000643359 -0.00295166 -0.00233767 0.11617 -0.132389 -0.969629 -0.489889 0.405331 0.549217 0.0513351 -0.0308378 0.000424813 0.000367202 5.4792e-05 1.10515e-06 -2.32254e-07 5.29085e-10
-0.14 -0.474053 -0.474397 -1.72738e-08 5.25701e-06 -1.73423e-05 -0.000596093 -0.00276958 -0.00222135 0.111793 -0.129019 -0.956965 -0.489636 0.410272 0.562978 0.0532902 -0.0324193 0.000452275 0.00039591 5.98266e-05 1.22203e-06 -2.60083e-07 6.00011e-10
-0.13 -0.442207 -0.442531 -1.54035e-08 4.74738e-06 -1.58601e-05 -0.000552079 -0.00259768 -0.00210997 0.107537 -0.125686 -0.944088 -0.489188 0.415107 0.576853 0.0552977 -0.0340682 0.00048132 0.000426691 6.52976e-05 1.35074e-06 -2.9113e-07 6.80174e-10
-0.12 -0.409919 -0.410223 -1.37301e-08 4.28545e-06 -1.44989e-05 -0.000511111 -0.00243549 -0.00200337 0.103402 -0.122389 -0.931012 -0.488545 0.419831 0.590834 0.0573579 -0.0357866 0.000512026 0.000459681 7.12404e-05 1.4924e-06 -3.25753e-07 7.70738e-10
-0.11 -0.377222 -0.377505 -1.22337e-08 3.86691e-06 -1.32492e-05 -0.000472993 -0.0022825 -0.00190139 0.0993865 -0.119131 -0.917749 -0.487707 0.424439 0.604912 0.0594711 -0.0375767 0.000544472 0.000495025 7.7693e-05 1.64827e-06 -3.64347e-07 8.73011e-10
-0.1 -0.344147 -0.344407 -1.0896e-08 3.48786e-06 -1.21023e-05 -0.000437543 -0.00213827 -0.00180389 0.0954885 -0.115914 -0.904314 -0.486676 0.428926 0.619077 0.0616374 -0.0394406 0.000578743 0.000532872 8.46962e-05 1.81968e-06 -4.07351e-07 9.8846e-10
-0.09 -0.310727 -0.310964 -9.70065e-09 3.1447e-06 -1.10504e-05 -0.000404589 -0.00200236 -0.0017107 0.0917067 -0.112738 -0.89072 -0.485454 0.433287 0.633321 0.0638571 -0.0413803 0.000614925 0.000573383 9.22937e-05 2.00812e-06 -4.55249e-07 1.11873e-09
-0.08 -0.276995 -0.277208 -8.63301e-09 2.83418e-06 -1.00858e-05 -0.000373966 -0.00187433 -0.00162168 0.0880394 -0.109606 -0.876978 -0.48404 0.437517 0.647633 0.0661303 -0.0433981 0.000653108 0.000616728 0.000100533 2.21518e-06 -5.08575e-07 1.26566e-09
-0.07 -0.242985 -0.243172 -7.6798e-09 2.55329e-06 -9.2017e-06 -0.000345523 -0.00175379 -0.00153667 0.084485 -0.106518 -0.863104 -0.482438 0.441612 0.662004 0.068457 -0.0454961 0.000693385 0.000663084 0.000109463 2.44262e-06 -5.6792e-07 1.43131e-09
-0.06 -0.20873 -0.208892 -6.8291e-09 2.29932e-06 -8.39177e-06 -0.000319116 -0.00164034 -0.00145554 0.0810417 -0.103475 -0.849109 -0.480649 0.445567 0.676423 0.0708372 -0.0476764 0.000735851 0.00071264 0.000119139 2.69234e-06 -6.33937e-07 1.618e-09
-0.05 -0.174264 -0.1744 -6.07021e-09 2.06979e-06 -7.65007e-06 -0.000294609 -0.00153362 -0.00137814 0.0777076 -0.100479 -0.835007 -0.478674 0.449377 0.69088 0.0732709 -0.0499413 0.000780605 0.000765592 0.000129619 2.96639e-06 -7.07344e-07 1.82831e-09
-0.04 -0.139623 -0.139732 -5.39349e-09 1.86242e-06 -6.97113e-06 -0.000271876 -0.00143327 -0.00130433 0.0744809 -0.0975314 -0.820811 -0.476518 0.453039 0.705364 0.0757579 -0.0522928 0.00082775 0.00082215 0.000140964 3.26704e-06 -7.88936e-07 2.06513e-09
-0.03 -0.104841 -0.104923 -4.7903e-09 1.67516e-06 -6.34991e-06 -0.000250796 -0.00133895 -0.00123399 0.0713596 -0.0946319 -0.806534 -0.474181 0.456548 0.719863 0.078298 -0.0547331 0.000877392 0.000882534 0.00015324 3.59671e-06 -8.79589e-07 2.33169e-09
-0.02 -0.0699528 -0.0700078 -4.25287e-09 1.50613e-06 -5.78174e-06 -0.000231258 -0.00125033 -0.00116697 0.0683418 -0.091782 -0.792187 -0.471667 0.4599 0.734367 0.0808908 -0.0572644 0.000929638 0.000946973 0.00016652 3.95807e-06 -9.80265e-07 2.6316e-09
-0.01 -0.0349941 -0.0350216 -3.77422e-09 1.35361e-06 -5.2623e-06 -0.000213157 -0.00116712 -0.00110315 0.0654254 -0.0889823 -0.777785 -0.468979 0.463092 0.748863 0.0835361 -0.0598888 0.000984602 0.00101571 0.000180877 4.35399e-06 -1.09203e-06 2.9689e-09
0 0 5.56777e-14 -3.3481e-09 1.21605e-06 -4.78761e-06 -0.000196394 -0.001089 -0.0010424 0.0626085 -0.0862335 -0.76334 -0.466119 0.466119 0.76334 0.0862335 -0.0626085 0.0010424 0.001089 0.000196394 4.78761e-06 -1.21605e-06 3.3481e-09
0.01 0.0349941 0.0350216 -2.9689e-09 1.09203e-06 -4.35399e-06 -0.000180877 -0.00101571 -0.000984602 0.0598888 -0.0835361 -0.748863 -0.463092 0.468979 0.777785 0.0889823 -0.0654254 0.00110315 0.00116712 0.000213157 5.2623e-06 -1.35361e-06 3.77422e-09
0.02 0.0699528 0.0700078 -2.6316e-09 9.80265e-07 -3.95807e-06 -0.00016652 -0.000946973 -0.000929638 0.0572644 -0.0808908 -0.734367 -0.4599 0.471667 0.792187 0.091782 -0.0683418 0.00116697 0.00125033 0.000231258 5.78174e-06 -1.50613e-06 4.25287e-09
0.03 0.104841 0.104923 -2.33169e-09 8.79589e-07 -3.59671e-06 -0.00015324 -0.000882534 -0.000877392 0.0547331 -0.078298 -0.719863 -0.456548 0.474181 0.806534 0.0946319 -0.0713596 0.00123399 0.00133895 0.000250796 6.34991e-06 -1.67516e-06 4.7903e-09
0.04 0.139623 0.139732 -2.06513e-09 7.88936e-07 -3.26704e-06 -0.000140964 -0.00082215 -0.00082775 0.0522928 -0.0757579 -0.705364 -0.453039 0.476518 0.820811 0.0975314 -0.0744809 0.00130433 0.00143327 0.000271876 6.97113e-06 -1.86242e-06 5.39349e-09
0.05 0.174264 0.1744 -1.82831e-09 7.07344e-07 -2.96639e-06 -0.000129619 -0.000765592 -0.000780605 0.0499413 -0.0732709 -0.69088 -0.449377 0.478674 0.835007 0.100479 -0.0777076 0.00137814 0.00153362 0.000294609 7.65007e-06 -2.06979e-06 6.07021e-09
0.06 0.20873 0.208892 -1.618e-09 6.33937e-07 -2.69234e-06 -0.000119139 -0.00071264 -0.000735851 0.0476764 -0.0708372 -0.676423 -0.445567 0.480649 0.849109 0.103475 -0.0810417 0.00145554 0.00164034 0.000319116 8.39177e-06 -2.29932e-06 6.8291e-09
0.07 0.242985 0.243172 -1.43131e-09 5.6792e-07 -2.44262e-06 -0.000109463 -0.000663084 -0.000693385 0.0454961 -0.068457 -0.662004 -0.441612 0.482438 0.863104 0.106518 -0.084485 0.00153667 0.00175379 0.000345523 9.2017e-06 -2.55329e-06 7.6798e-09
0.08 0.276995 0.277208 -1.26566e-09 5.08575e-07 -2.21518e-06 -0.000100533 -0.000616728 -0.000653108 0.0433981 -0.0661303 -0.647633 -0.437517 0.48404 0.876978 0.109606 -0.0880394 0.00162168 0.00187433 0.000373966 1.00858e-05 -2.83418e-06 8.63301e-09
0.09 0.310727 0.310964 -1.11873e-09 4.55249e-07 -2.00812e-06 -9.22937e-05 -0.000573383 -0.000614925 0.0413803 -0.0638571 -0.633321 -0.433287 0.485454 0.89072 0.112738 -0.0917067 0.0017107 0.00200236 0.000404589 1.10504e-05 -3.1447e-06 9.70065e-09
0.1 0.344147 0.344407 -9.8846e-10 4.07351e-07 -1.81968e-06 -8.46962e-05 -0.000532872 -0.000578743 0.0394406 -0.0616374 -0.619077 -0.428926 0.486676 0.904314 0.115914 -0.0954885 0.00180389 0.00213827 0.000437543 1.21023e-05 -3.48786e-06 1.0896e-08
0.11 0.377222 0.377505 -8.73011e-10 3.64347e-07 -1.64827e-06 -7.7693e-05 -0.000495025 -0.000544472 0.0375767 -0.0594711 -0.604912 -0.424439 0.487707 0.917749 0.119131 -0.0993865 0.00190139 0.0022825 0.000472993 1.32492e-05 -3.86691e-06 1.22337e-08
0.12 0.409919 0.410223 -7.70738e-10 3.25753e-07 -1.4924e-06 -7.12404e-05 -0.000459681 -0.000512026 0.0357866 -0.0573579 -0.590834 -0.419831 0.488545 0.931012 0.122389 -0.103402 0.00200337 0.00243549 0.000511111 1.44989e-05 -4.28545e-06 1.37301e-08
0.13 0.442207 0.442531 -6.80174e-10 2.9113e-07 -1.35074e-06 -6.52976e-05 -0.000426691 -0.00048132 0.0340682 -0.0552977 -0.576853 -0.415107 0.489188 0.944088 0.125686 -0.107537 0.00210997 0.00259768 0.000552079 1.58601e-05 -4.74738e-06 1.54035e-08
0.14 0.474053 0.474397 -6.00011e-10 2.60083e-07 -1.22203e-06 -5.98266e-05 -0.00039591 -0.000452275 0.0324193 -0.0532902 -0.562978 -0.410272 0.489636 0.956965 0.129019 -0.111793 0.00222135 0.00276958 0.000596093 1.73423e-05 -5.25701e-06 1.72738e-08
0.15 0.505428 0.50579 -5.29085e-10 2.32254e-07 -1.10515e-06 -5.4792e-05 -0.000367202 -0.000424813 0.0308378 -0.0513351 -0.549217 -0.405331 0.489889 0.969629 0.132389 -0.11617 0.00233767 0.00295166 0.000643359 1.89553e-05 -5.81901e-06 1.93636e-08
0.16 0.5363 0.536679 -4.66356e-10 2.0732e-07 -9.99042e-07 -5.01611e-05 -0.00034044 -0.000398858 0.0293218 -0.0494319 -0.535577 -0.40029 0.489946 0.982069 0.135792 -0.120671 0.00245911 0.00314446 0.000694094 2.07101e-05 -6.43852e-06 2.16974e-08
0.17 0.566642 0.567036 -4.10899e-10 1.84989e-07 -9.02763e-07 -4.59032e-05 -0.000315502 -0.00037434 0.0278692 -0.0475802 -0.522068 -0.395153 0.489806 0.99427 0.139226 -0.125296 0.00258581 0.00334851 0.000748531 2.26182e-05 -7.12114e-06 2.43028e-08
0.18 0.596424 0.596832 -3.61893e-10 1.64997e-07 -8.15436e-07 -4.19899e-05 -0.000292274 -0.000351188 0.0264779 -0.0457795 -0.508696 -0.389926 0.489471 1.00622 0.142691 -0.130046 0.00271796 0.00356438 0.000806915 2.46924e-05 -7.87297e-06 2.72102e-08
0.19 0.625618 0.626039 -3.18604e-10 1.47107e-07 -7.36262e-07 -3.83949e-05 -0.000270648 -0.000329336 0.025146 -0.0440294 -0.495468 -0.384615 0.488941 1.01791 0.146183 -0.134922 0.00285572 0.00379264 0.000869504 2.69459e-05 -8.70071e-06 3.04533e-08
0.2 0.654198 0.65463 -2.80381e-10 1.31104e-07 -6.64509e-07 -3.50936e-05 -0.000250521 -0.000308721 0.0238716 -0.0423293 -0.482391 -0.379224 0.488216 1.02932 0.149701 -0.139926 0.00299926 0.00403391 0.000936574 2.93933e-05 -9.61162e-06 3.40692e-08
0.21 0.682138 0.682579 -2.46645e-10 1.16795e-07 -5.9951e-07 -3.20633e-05 -0.000231799 -0.00028928 0.0226527 -0.0406785 -0.469472 -0.373759 0.487297 1.04044 0.153242 -0.145056 0.00314876 0.00428881 0.00100841 3.20502e-05 -1.06137e-05 3.80992e-08
0.22 0.709412 0.709861 -2.16881e-10 1.04007e-07 -5.40652e-07 -2.9283e-05 -0.00021439 -0.000270955 0.0214874 -0.0390765 -0.456716 -0.368225 0.486185 1.05126 0.156804 -0.150315 0.00330439 0.004558 0.00108533 3.49333e-05 -1.17155e-05 4.25889e-08
0.23 0.735997 0.736451 -1.90633e-10 9.25812e-08 -4.87377e-07 -2.67331e-05 -0.000198209 -0.00025369 0.020374 -0.0375226 -0.444128 -0.362628 0.484882 1.06177 0.160385 -0.155702 0.00346632 0.00484214 0.00116765 3.80605e-05 -1.29265e-05 4.75886e-08
0.24 0.76187 0.762328 -1.67494e-10 8.23779e-08 -4.39177e-07 -2.43955e-05 -0.000183176 -0.000237429 0.0193105 -0.036016 -0.431715 -0.356974 0.483388 1.07196 0.163981 -0.161217 0.00363473 0.00514194 0.0012557 4.14511e-05 -1.4257e-05 5.3154e-08
0.25 0.787008 0.787468 -1.47105e-10 7.32698e-08 -3.95585e-07 -2.22533e-05 -0.000169216 -0.000222122 0.0182952 -0.0345561 -0.419481 -0.351267 0.481707 1.08181 0.167592 -0.166861 0.0038098 0.00545812 0.00134986 4.51257e-05 -1.57181e-05 5.93465e-08
0.26 0.811391 0.811851 -1.29147e-10 6.51427e-08 -3.56177e-07 -2.02912e-05 -0.000156257 -0.000207719 0.0173263 -0.0331421 -0.407431 -0.345513 0.47984 1.09131 0.171213 -0.172634 0.00399171 0.00579142 0.0014505 4.91064e-05 -1.73221e-05 6.62339e-08
0.27 0.834998 0.835456 -1.13335e-10 5.78939e-08 -3.20567e-07 -1.84946e-05 -0.000144233 -0.000194172 0.0164022 -0.0317733 -0.395569 -0.339718 0.477788 1.10046 0.174843 -0.178535 0.00418063 0.00614262 0.00155801 5.34168e-05 -1.90821e-05 7.38911e-08
0.28 0.857811 0.858266 -9.94195e-11 5.14311e-08 -2.88402e-07 -1.68504e-05 -0.000133081 -0.000181436 0.0155212 -0.0304488 -0.383898 -0.333886 0.475556 1.10924 0.178479 -0.184564 0.00437674 0.00651252 0.00167283 5.80824e-05 -2.10126e-05 8.24006e-08
0.29 0.879812 0.880261 -8.71777e-11 4.56715e-08 -2.5936e-07 -1.53462e-05 -0.000122742 -0.000169467 0.0146816 -0.0291679 -0.372423 -0.328023 0.473144 1.11764 0.182117 -0.19072 0.00458021 0.00690192 0.00179539 6.31302e-05 -2.3129e-05 9.18533e-08
0.3 0.900985 0.901427 -7.64127e-11 4.05407e-08 -2.3315e-07 -1.39707e-05 -0.000113161 -0.000158225 0.0138819 -0.0279297 -0.361146 -0.322134 0.470556 1.12566 0.185755 -0.197002 0.00479123 0.00731168 0.00192616 6.85893e-05 -2.54485e-05 1.02349e-07
0.31 0.921315 0.921747 -6.69501e-11 3.59719e-08 -2.09504e-07 -1.27134e-05 -0.000104286 -0.000147669 0.0131205 -0.0267333 -0.350071 -0.316224 0.467795 1.13328 0.189389 -0.203411 0.00500997 0.00774267 0.00206562 7.44906e-05 -2.79894e-05 1.13999e-07
0.32 0.940787 0.941208 -5.8636e-11 3.19052e-08 -1.88181e-07 -1.15647e-05 -9.60684e-05 -0.000137763 0.0123959 -0.025578 -0.339199 -0.310299 0.464865 1.1405 0.193018 -0.209943 0.0052366 0.00819579 0.0022143 8.08673e-05 -3.07716e-05 1.26925e-07
0.33 0.959389 0.959796 -5.13337e-11 2.8287e-08 -1.68961e-07 -1.05155e-05 -8.84632e-05 -0.000128469 0.0117066 -0.0244628 -0.328534 -0.304363 0.461768 1.1473 0.196638 -0.216599 0.00547129 0.00867195 0.00237273 8.77548e-05 -3.38169e-05 1.41259e-07
0.34 0.97711 0.977501 -4.49229e-11 2.5069e-08 -1.51644e-07 -9.55767e-06 -8.14275e-05 -0.000119755 0.0110512 -0.0233869 -0.318077 -0.298421 0.458508 1.15368 0.200245 -0.223376 0.00571421 0.00917211 0.00254148 9.51908e-05 -3.71488e-05 1.57149e-07
0.35 0.993938 0.994312 -3.9297e-11 2.22083e-08 -1.36046e-07 -8.68363e-06 -7.49213e-05 -0.000111587 0.0104284 -0.0223493 -0.307829 -0.292478 0.45509 1.15964 0.203837 -0.230274 0.00596553 0.00969724 0.00272114 0.000103216 -4.07925e-05 1.74756e-07
0.36 1.00987 1.01022 -3.43619e-11 1.96661e-08 -1.22005e-07 -7.88635e-06 -6.89075e-05 -0.000103935 0.00983671 -0.0213492 -0.297793 -0.286539 0.451516 1.16515 0.207411 -0.237289 0.00622542 0.0102483 0.00291234 0.000111872 -4.47758e-05 1.94259e-07
0.37 1.02488 1.02522 -3.00345e-11 1.7408e-08 -1.09368e-07 -7.15942e-06 -6.33511e-05 -9.67685e-05 0.00927489 -0.0203858 -0.287968 -0.280608 0.447791 1.17023 0.210962 -0.24442 0.00649402 0.0108264 0.00311573 0.000121206 -4.91283e-05 2.15852e-07
0.38 1.03899 1.0393 -2.62417e-11 1.5403e-08 -9.80018e-08 -6.49689e-06 -5.82194e-05 -9.00603e-05 0.00874166 -0.019458 -0.278357 -0.27469 0.443919 1.17486 0.214489 -0.251665 0.00677151 0.0114325 0.00333198 0.000131267 -5.38824e-05 2.39749e-07
0.39 1.05217 1.05246 -2.29186e-11 1.36234e-08 -8.77813e-08 -5.89331e-06 -5.34819e-05 -8.37836e-05 0.00823579 -0.018565 -0.268958 -0.268789 0.439904 1.17903 0.217987 -0.259021 0.00705803 0.0120677 0.00356183 0.000142105 -5.90729e-05 2.66185e-07
0.4 1.06443 1.06469 -2.00083e-11 1.20447e-08 -7.85953e-08 -5.34367e-06 -4.91104e-05 -7.79132e-05 0.0077561 -0.0177059 -0.259773 -0.26291 0.435752 1.18275 0.221454 -0.266486 0.00735374 0.0127332 0.003806 0.000153777 -6.47375e-05 2.95419e-07
0.41 1.07576 1.07599 -1.74606e-11 1.06446e-08 -7.03424e-08 -4.84335e-06 -4.50781e-05 -7.24251e-05 0.00730142 -0.0168799 -0.250801 -0.257056 0.431466 1.186 0.224886 -0.274056 0.00765877 0.0134299 0.00406529 0.000166341 -7.09169e-05 3.27731e-07
0.42 1.08617 1.08637 -1.52312e-11 9.40354e-09 -6.2931e-08 -4.38813e-06 -4.13604e-05 -6.72967e-05 0.00687065 -0.0160859 -0.242043 -0.251232 0.427052 1.18879 0.22828 -0.281728 0.00797326 0.0141591 0.0043405 0.00017986 -7.76551e-05 3.63432e-07
0.43 1.09564 1.09581 -1.32812e-11 8.30383e-09 -5.62779e-08 -3.9741e-06 -3.79341e-05 -6.25064e-05 0.0064627 -0.0153231 -0.233496 -0.245442 0.422513 1.19111 0.231633 -0.289499 0.00829734 0.0149219 0.00463249 0.000194399 -8.49996e-05 4.02862e-07
0.44 1.10419 1.10433 -1.15762e-11 7.32981e-09 -5.0308e-08 -3.59769e-06 -3.47777e-05 -5.80339e-05 0.00607655 -0.0145907 -0.225162 -0.23969 0.417856 1.19295 0.23494 -0.297366 0.00863115 0.0157195 0.00494215 0.00021003 -9.30014e-05 4.4639e-07
0.45 1.11182 1.11193 -1.0086e-11 6.46744e-09 -4.49535e-08 -3.25563e-06 -3.18712e-05 -5.38598e-05 0.00571119 -0.0138877 -0.217038 -0.233979 0.413085 1.19432 0.2382 -0.305324 0.00897479 0.0165532 0.00527039 0.000226827 -0.000101716 4.94424e-07
0.46 1.11853 1.1186 -8.78414e-12 5.70425e-09 -4.01528e-08 -2.94492e-06 -2.91959e-05 -4.9966e-05 0.00536564 -0.0132133 -0.209123 -0.228313 0.408204 1.19522 0.241408 -0.31337 0.00932838 0.0174241 0.00561819 0.000244869 -0.000111202 5.47407e-07
0.47 1.12432 1.12436 -7.64727e-12 5.02911e-09 -3.58504e-08 -2.66279e-06 -2.67345e-05 -4.63352e-05 0.00503899 -0.0125667 -0.201417 -0.222694 0.403221 1.19563 0.244562 -0.321499 0.00969203 0.0183334 0.00598655 0.000264241 -0.000121525 6.05826e-07
0.48 1.12921 1.1292 -6.65487e-12 4.43211e-09 -3.19962e-08 -2.40673e-06 -2.44708e-05 -4.2951e-05 0.00473033 -0.0119469 -0.193917 -0.217127 0.398138 1.19557 0.247658 -0.329707 0.0100658 0.0192825 0.00637651 0.000285031 -0.000132753 6.70211e-07
0.49 1.13319 1.13315 -5.78893e-12 3.90441e-09 -2.8545e-08 -2.17443e-06 -2.23898e-05 -3.9798e-05 0.0044388 -0.0113531 -0.186621 -0.211615 0.392963 1.19503 0.250692 -0.33799 0.0104499 0.0202727 0.00678915 0.000307334 -0.00014496 7.41143e-07
0.5 1.13629 1.13621 -5.03366e-12 3.43817e-09 -2.54558e-08 -1.96376e-06 -2.04776e-05 -3.68618e-05 0.00416357 -0.0107845 -0.179529 -0.20616 0.3877 1.19401 0.253663 -0.346342 0.0108442 0.0213051 0.00722561 0.00033125 -0.000158226 8.19253e-07
0.51 1.1385 1.13838 -4.37518e-12 3.02639e-09 -2.26919e-08 -1.77279e-06 -1.87213e-05 -3.41285e-05 0.00390385 -0.0102403 -0.172636 -0.200765 0.382354 1.19251 0.256566 -0.354758 0.0112489 0.0223812 0.00768705 0.000356884 -0.000172637 9.05234e-07
0.52 1.13985 1.13969 -3.80132e-12 2.66286e-09 -2.022e-08 -1.59975e-06 -1.71087e-05 -3.15853e-05 0.00365887 -0.00971968 -0.165942 -0.195434 0.376931 1.19055 0.259398 -0.363234 0.0116641 0.0235022 0.00817468 0.000384347 -0.000188286 9.99838e-07
0.53 1.14033 1.14014 -3.30141e-12 2.34207e-09 -1.80101e-08 -1.44303e-06 -1.56288e-05 -2.92198e-05 0.00342788 -0.00922184 -0.159444 -0.190167 0.371437 1.1881 0.262157 -0.371764 0.0120897 0.0246695 0.00868978 0.000413759 -0.000205271 1.10389e-06
0.54 1.13998 1.13975 -2.86609e-12 2.05909e-09 -1.60354e-08 -1.30114e-06 -1.42711e-05 -2.70208e-05 0.0032102 -0.00874599 -0.153139 -0.184969 0.365876 1.18519 0.264839 -0.380341 0.0125259 0.0258844 0.00923363 0.000445243 -0.000223698 1.21828e-06
0.55 1.1388 1.13853 -2.48718e-12 1.80958e-09 -1.42714e-08 -1.17273e-06 -1.30262e-05 -2.49772e-05 0.00300513 -0.00829138 -0.147024 -0.179841 0.360254 1.18182 0.267441 -0.388961 0.0129726 0.0271483 0.0098076 0.000478931 -0.000243683 1.34398e-06
0.56 1.1368 1.13649 -2.1575e-12 1.58967e-09 -1.26965e-08 -1.05657e-06 -1.18852e-05 -2.3079e-05 0.00281204 -0.00785725 -0.141097 -0.174785 0.354577 1.17798 0.269961 -0.397617 0.0134299 0.0284625 0.0104131 0.000514962 -0.000265346 1.48207e-06
0.57 1.13401 1.13367 -1.87077e-12 1.39593e-09 -1.12908e-08 -9.51537e-07 -1.08397e-05 -2.13165e-05 0.00263031 -0.00744288 -0.135355 -0.169803 0.34885 1.17368 0.272396 -0.406303 0.0138977 0.0298284 0.0110515 0.000553483 -0.00028882 1.63368e-06
0.58 1.13044 1.13006 -1.62149e-12 1.22531e-09 -1.00367e-08 -8.56602e-07 -9.88229e-06 -1.96807e-05 0.00245933 -0.00704755 -0.129795 -0.164898 0.343078 1.16894 0.274743 -0.415013 0.0143761 0.0312474 0.0117244 0.000594647 -0.000314245 1.80009e-06
0.59 1.12612 1.1257 -1.40487e-12 1.07511e-09 -8.91836e-09 -7.7083e-07 -9.00581e-06 -1.81632e-05 0.00229855 -0.00667054 -0.124413 -0.16007 0.337266 1.16374 0.277 -0.423741 0.014865 0.0327208 0.0124333 0.000638617 -0.000341771 1.98266e-06
0.6 1.12106 1.12061 -1.21671e-12 9.42946e-10 -7.92146e-09 -6.93369e-07 -8.20379e-06 -1.6756e-05 0.00214742 -0.00631117 -0.119207 -0.155321 0.331421 1.15811 0.279163 -0.432478 0.0153644 0.0342499 0.0131798 0.000685563 -0.00037156 2.18286e-06
0.61 1.11528 1.1148 -1.05332e-12 8.26699e-10 -7.03318e-09 -6.23443e-07 -7.47021e-06 -1.54516e-05 0.00200543 -0.00596878 -0.114173 -0.150653 0.325546 1.15204 0.28123 -0.441219 0.0158742 0.0358362 0.0139655 0.000735667 -0.000403783 2.40233e-06
0.62 1.10881 1.10829 -9.11511e-13 7.24493e-10 -6.24201e-09 -5.60345e-07 -6.7995e-06 -1.42431e-05 0.00187208 -0.0056427 -0.109308 -0.146067 0.319648 1.14555 0.2832 -0.449957 0.0163943 0.0374809 0.0147921 0.000789117 -0.000438626 2.6428e-06
0.63 1.10166 1.10112 -7.88477e-13 6.34669e-10 -5.53762e-09 -5.03431e-07 -6.18654e-06 -1.31238e-05 0.00174689 -0.00533231 -0.104608 -0.141563 0.313731 1.13864 0.285069 -0.458685 0.0169248 0.0391854 0.0156614 0.000846112 -0.000476284 2.90617e-06
0.64 1.09387 1.0933 -6.81778e-13 5.5576e-10 -4.91076e-09 -4.52117e-07 -5.62658e-06 -1.20877e-05 0.00162942 -0.00503697 -0.10007 -0.137144 0.307801 1.13131 0.286836 -0.467395 0.0174654 0.0409511 0.0165752 0.00090686 -0.000516969 3.19452e-06
0.65 1.08545 1.08486 -5.89281e-13 4.86466e-10 -4.35311e-09 -4.05871e-07 -5.11526e-06 -1.11289e-05 0.00151925 -0.00475609 -0.095691 -0.132809 0.301861 1.12359 0.288498 -0.476079 0.018016 0.0427792 0.0175352 0.000971582 -0.000560905 3.51008e-06
0.66 1.07644 1.07582 -5.0913e-13 4.25642e-10 -3.85725e-09 -3.6421e-07 -4.64855e-06 -1.0242e-05 0.00141596 -0.00448908 -0.0914669 -0.12856 0.295918 1.11547 0.290054 -0.484731 0.0185766 0.0446711 0.0185434 0.00104051 -0.000608331 3.85526e-06
0.67 1.06685 1.06621 -4.39705e-13 3.72274e-10 -3.4165e-09 -3.26695e-07 -4.22273e-06 -9.42211e-06 0.00131916 -0.00423536 -0.0873943 -0.124398 0.289976 1.10696 0.291502 -0.493343 0.019147 0.0466279 0.0196018 0.00111387 -0.000659504 4.23269e-06
0.68 1.05672 1.05606 -3.79594e-13 3.25467e-10 -3.02491e-09 -2.92926e-07 -3.83438e-06 -8.66435e-06 0.00122849 -0.00399439 -0.0834696 -0.120322 0.28404 1.09809 0.29284 -0.501908 0.019727 0.048651 0.0207123 0.00119194 -0.000714696 4.64522e-06
0.69 1.04606 1.04539 -3.27571e-13 2.84432e-10 -2.67713e-09 -2.62543e-07 -3.48035e-06 -7.96434e-06 0.00114359 -0.00376561 -0.0796893 -0.116332 0.278114 1.08884 0.294066 -0.510416 0.0203164 0.0507416 0.0218769 0.00127496 -0.000774196 5.09591e-06
0.7 1.03492 1.03424 -2.82564e-13 2.48471e-10 -2.36838e-09 -2.35217e-07 -3.15775e-06 -7.31797e-06 0.00106414 -0.00354852 -0.0760497 -0.112431 0.272203 1.07925 0.29518 -0.518862 0.0209151 0.0529009 0.0230978 0.00136323 -0.000838315 5.58809e-06
0.71 1.02331 1.02262 -2.43643e-13 2.1697e-10 -2.09441e-09 -2.10651e-07 -2.86391e-06 -6.72136e-06 0.000989805 -0.00334261 -0.0725474 -0.108616 0.26631 1.06931 0.296179 -0.527236 0.0215228 0.05513 0.024377 0.00145702 -0.000907381 6.12536e-06
0.72 1.01127 1.01057 -2.09999e-13 1.89386e-10 -1.85138e-09 -1.88576e-07 -2.59637e-06 -6.17092e-06 0.000920298 -0.00314739 -0.0691787 -0.104889 0.260442 1.05904 0.297062 -0.535531 0.0221393 0.0574301 0.0257169 0.00155664 -0.000981744 6.7116e-06
0.73 0.99882 0.998123 -1.80929e-13 1.65243e-10 -1.63591e-09 -1.68746e-07 -2.35288e-06 -5.6633e-06 0.00085533 -0.00296239 -0.06594 -0.10125 0.2546 1.04844 0.29783 -0.543739 0.0227644 0.0598021 0.0271195 0.0016624 -0.00106178 7.35101e-06
0.74 0.985997 0.985301 -1.5582e-13 1.44121e-10 -1.44493e-09 -1.50941e-07 -2.13137e-06 -5.19535e-06 0.00079463 -0.00278714 -0.0628278 -0.0976972 0.24879 1.03754 0.298479 -0.551852 0.0233978 0.0622473 0.0285872 0.00177465 -0.00114787 8.04811e-06
0.75 0.972828 0.972136 -1.34143e-13 1.25648e-10 -1.27574e-09 -1.34961e-07 -1.92995e-06 -4.76416e-06 0.000737943 -0.00262121 -0.0598386 -0.0942318 0.243016 1.02634 0.299011 -0.559862 0.0240391 0.0647665 0.0301222 0.00189371 -0.00124046 8.8078e-06
0.76 0.959342 0.958658 -1.15435e-13 1.09499e-10 -1.1259e-09 -1.20624e-07 -1.74686e-06 -4.36702e-06 0.000685025 -0.00246418 -0.0569688 -0.0908529 0.23728 1.01486 0.299423 -0.567761 0.0246882 0.0673608 0.031727 0.00201996 -0.00133997 9.63534e-06
0.77 0.945572 0.944899 -9.92958e-14 9.53874e-11 -9.93272e-10 -1.07767e-07 -1.5805e-06 -4.00137e-06 0.000635648 -0.00231562 -0.0542149 -0.0875601 0.231587 1.0031 0.299717 -0.575541 0.0253446 0.0700309 0.0334039 0.00215375 -0.00144689 1.05364e-05
0.78 0.931546 0.930888 -8.53793e-14 8.30612e-11 -8.75914e-10 -9.62422e-08 -1.42942e-06 -3.66488e-06 0.000589594 -0.00217516 -0.0515735 -0.084353 0.225941 0.991083 0.29989 -0.583195 0.0260081 0.0727777 0.0351554 0.0022955 -0.00156172 1.15172e-05
0.79 0.917296 0.916656 -7.33838e-14 7.22989e-11 -7.72113e-10 -8.59154e-08 -1.29227e-06 -3.35534e-06 0.000546658 -0.00204239 -0.0490412 -0.0812308 0.220344 0.978818 0.299944 -0.590714 0.0266783 0.0756021 0.0369839 0.00244559 -0.00168498 1.25841e-05
0.8 0.902852 0.902234 -6.30485e-14 6.2906e-11 -6.80341e-10 -7.66659e-08 -1.1678e-06 -3.07072e-06 0.000506647 -0.00191696 -0.0466146 -0.0781929 0.214799 0.966318 0.299878 -0.598091 0.0273548 0.0785046 0.038892 0.00260445 -0.00181725 1.37445e-05
0.81 0.888245 0.887653 -5.41471e-14 5.47114e-11 -5.99237e-10 -6.83849e-08 -1.0549e-06 -2.80911e-06 0.000469375 -0.00179852 -0.0442903 -0.0752385 0.209311 0.953596 0.299691 -0.605317 0.0280373 0.081486 0.0408822 0.00277253 -0.00195911 1.50058e-05
0.82 0.873506 0.872942 -4.64838e-14 4.75653e-11 -5.2759e-10 -6.0974e-08 -9.52539e-07 -2.56877e-06 0.000434672 -0.00168672 -0.0420651 -0.0723667 0.203881 0.940665 0.299385 -0.612386 0.0287253 0.0845468 0.042957 0.00295027 -0.00211121 1.63763e-05
0.83 0.858665 0.858134 -3.98891e-14 4.13361e-11 -4.64324e-10 -5.43444e-08 -8.59763e-07 -2.34805e-06 0.000402374 -0.00158123 -0.0399357 -0.0695768 0.198513 0.927539 0.29896 -0.61929 0.0294184 0.0876874 0.0451191 0.00313815 -0.0022742 1.78649e-05
0.84 0.843753 0.843257 -3.42163e-14 3.59083e-11 -4.08481e-10 -4.84163e-08 -7.75714e-07 -2.14544e-06 0.000372327 -0.00148175 -0.037899 -0.0668677 0.193208 0.91423 0.298416 -0.626021 0.0301161 0.0909084 0.047371 0.00333666 -0.0024488 1.9481e-05
0.85 0.8288 0.828343 -2.93386e-14 3.11807e-11 -3.59211e-10 -4.31176e-08 -6.99601e-07 -1.95952e-06 0.000344385 -0.00138798 -0.0359517 -0.0642383 0.18797 0.900752 0.297754 -0.632573 0.0308181 0.0942099 0.0497154 0.00354631 -0.00263574 2.12347e-05
0.86 0.813836 0.813421 -2.51461e-14 2.70647e-11 -3.15757e-10 -3.83834e-08 -6.30704e-07 -1.789e-06 0.000318413 -0.00129962 -0.0340909 -0.0616877 0.182801 0.887117 0.296975 -0.638937 0.0315239 0.0975924 0.052155 0.00376762 -0.00283583 2.31371e-05
0.87 0.798891 0.79852 -2.15441e-14 2.34827e-11 -2.77449e-10 -3.41554e-08 -5.68364e-07 -1.63267e-06 0.000294282 -0.00121639 -0.0323134 -0.0592146 0.177703 0.87334 0.296079 -0.645107 0.0322329 0.101056 0.0546925 0.00400114 -0.00304988 2.51998e-05
0.88 0.783995 0.783671 -1.84507e-14 2.03665e-11 -2.43691e-10 -3.03809e-08 -5.11982e-07 -1.4894e-06 0.000271871 -0.00113804 -0.0306164 -0.0568179 0.172678 0.859432 0.295068 -0.651076 0.0329447 0.1046 0.0573304 0.00424744 -0.00327878 2.74355e-05
0.89 0.769176 0.768902 -1.57952e-14 1.76569e-11 -2.13954e-10 -2.70128e-08 -4.61008e-07 -1.35816e-06 0.000251067 -0.00106432 -0.0289969 -0.0544965 0.167729 0.845408 0.293943 -0.656838 0.0336587 0.108226 0.0600716 0.0045071 -0.00352344 2.98575e-05
0.9 0.754463 0.754242 -1.35164e-14 1.53016e-11 -1.87771e-10 -2.40084e-08 -4.14943e-07 -1.23799e-06 0.000231761 -0.000994966 -0.027452 -0.052249 0.162855 0.83128 0.292704 -0.662386 0.0343745 0.111932 0.0629186 0.00478072 -0.00378485 3.24804e-05
0.91 0.739885 0.739718 -1.15618e-14 1.32552e-11 -1.64727e-10 -2.13297e-08 -3.73332e-07 -1.128e-06 0.000213855 -0.000929763 -0.0259791 -0.0500741 0.158061 0.817061 0.291355 -0.667713 0.0350914 0.115719 0.0658742 0.00506892 -0.00406403 3.53196e-05
0.92 0.725469 0.725359 -9.88584e-15 1.14779e-11 -1.44453e-10 -1.89422e-08 -3.35759e-07 -1.02737e-06 0.000197253 -0.000868485 -0.0245754 -0.0479706 0.153346 0.802764 0.289896 -0.672814 0.035809 0.119587 0.0689411 0.00537235 -0.00436206 3.83916e-05
0.93 0.711242 0.71119 -8.44947e-15 9.93488e-12 -1.26623e-10 -1.68153e-08 -3.01847e-07 -9.35349e-07 0.000181867 -0.000810922 -0.0232382 -0.0459371 0.148712 0.788402 0.288328 -0.677683 0.0365266 0.123534 0.0721219 0.00569166 -0.00468007 4.1714e-05
0.94 0.697231 0.697238 -7.21891e-15 8.59588e-12 -1.1095e-10 -1.49212e-08 -2.71252e-07 -8.51226e-07 0.000167614 -0.000756871 -0.021965 -0.0439722 0.14416 0.773988 0.286655 -0.682314 0.0372437 0.12756 0.0754193 0.00602754 -0.00501925 4.53059e-05
0.95 0.683462 0.683529 -6.1651e-15 7.43438e-12 -9.71777e-11 -1.32352e-08 -2.4366e-07 -7.74359e-07 0.000154417 -0.00070614 -0.0207533 -0.0420745 0.139692 0.759533 0.284877 -0.686702 0.0379597 0.131665 0.0788359 0.00638068 -0.00538086 4.91874e-05
0.96 0.669959 0.670088 -5.26301e-15 6.42725e-12 -8.5081e-11 -1.1735e-08 -2.18787e-07 -7.04151e-07 0.000142202 -0.000658546 -0.0196005 -0.0402426 0.135309 0.74505 0.282997 -0.690842 0.038674 0.135848 0.0823743 0.00675182 -0.00576622 5.33801e-05
0.97 0.656748 0.656939 -4.49113e-15 5.55433e-12 -7.44604e-11 -1.04006e-08 -1.96375e-07 -6.40053e-07 0.0001309 -0.000613914 -0.0185044 -0.0384751 0.13101 0.73055 0.281017 -0.694729 0.0393859 0.140107 0.0860371 0.00714169 -0.00617671 5.7907e-05
0.98 0.643851 0.644105 -3.83091e-15 4.79805e-12 -6.51395e-11 -9.21436e-09 -1.76188e-07 -5.81557e-07 0.000120449 -0.000572079 -0.0174626 -0.0367704 0.126797 0.716047 0.27894 -0.698358 0.040095 0.144443 0.0898269 0.00755104 -0.00661377 6.27926e-05
0.99 0.631293 0.631608 -3.26645e-15 4.14309e-12 -5.69625e-11 -8.16011e-09 -1.58013e-07 -5.28196e-07 0.000110787 -0.000532881 -0.0164729 -0.0351273 0.122671 0.70155 0.276766 -0.701726 0.0408004 0.148853 0.093746 0.00798067 -0.00707893 6.80633e-05
1 0.619094 0.619471 -2.78404e-15 3.5761e-12 -4.97921e-11 -7.22359e-09 -1.41656e-07 -4.79539e-07 0.00010186 -0.00049617 -0.015533 -0.0335442 0.118631 0.687073 0.2745 -0.704827 0.0415017 0.153336 0.0977971 0.00843137 -0.00757377 7.37468e-05
1.01 0.607276 0.607714 -2.37193e-15 3.08547e-12 -4.35069e-11 -6.392e-09 -1.26942e-07 -4.3519e-07 9.36152e-05 -0.000461804 -0.0146409 -0.0320196 0.114679 0.672625 0.272144 -0.70766 0.0421982 0.157891 0.101982 0.00890396 -0.00809996 7.9873e-05
1.02 0.595859 0.596357 -2.02001e-15 2.66109e-12 -3.79999e-11 -5.65388e-09 -1.13711e-07 -3.94785e-07 8.6003e-05 -0.000429646 -0.0137945 -0.030552 0.110814 0.658217 0.2697 -0.710219 0.0428892 0.162516 0.106304 0.00939928 -0.00865925 8.64735e-05
1.03 0.584863 0.585419 -1.71962e-15 2.29416e-12 -3.31767e-11 -4.99899e-09 -1.01818e-07 -3.57988e-07 7.89782e-05 -0.000399567 -0.0129919 -0.0291401 0.107036 0.643861 0.267171 -0.712503 0.043574 0.16721 0.110765 0.00991819 -0.00925345 9.3582e-05
1.04 0.574305 0.574918 -1.46331e-15 1.97704e-12 -2.8954e-11 -4.4182e-09 -9.11321e-08 -3.2449e-07 7.24981e-05 -0.000371446 -0.012231 -0.0277823 0.103346 0.629565 0.26456 -0.714509 0.0442521 0.171971 0.115367 0.0104616 -0.00988447 0.000101234
1.05 0.564203 0.564871 -1.24471e-15 1.70307e-12 -2.52588e-11 -3.90331e-09 -8.15353e-08 -2.9401e-07 6.65232e-05 -0.000345166 -0.0115102 -0.0264772 0.0997433 0.615341 0.26187 -0.716233 0.0449228 0.176797 0.120112 0.0110303 -0.0105543 0.000109469
1.06 0.554574 0.555294 -1.05834e-15 1.46648e-12 -2.20263e-11 -3.44706e-09 -7.292e-08 -2.66286e-07 6.10162e-05 -0.000320616 -0.0108274 -0.0252233 0.0962275 0.601198 0.259103 -0.717675 0.0455854 0.181685 0.125002 0.0116253 -0.011265 0.000118325
1.07 0.545431 0.546201 -8.99518e-16 1.26225e-12 -1.91998e-11 -3.04291e-09 -6.51889e-08 -2.4108e-07 5.59428e-05 -0.000297694 -0.0101811 -0.0240192 0.0927986 0.587145 0.256263 -0.718831 0.0462393 0.186633 0.130039 0.0122474 -0.0120188 0.000127847
1.08 0.536791 0.537607 -7.64222e-16 1.08603e-12 -1.67293e-11 -2.68508e-09 -5.82541e-08 -2.18173e-07 5.12707e-05 -0.0002763 -0.00956956 -0.0228634 0.089456 0.573191 0.253353 -0.719702 0.0468838 0.19164 0.135225 0.0128978 -0.0128178 0.000138081
1.09 0.528664 0.529523 -6.49017e-16 9.34033e-13 -1.45709e-11 -2.36838e-09 -5.20363e-08 -1.97363e-07 4.697e-05 -0.000256341 -0.00899114 -0.0217545 0.0861994 0.559345 0.250376 -0.720286 0.0475183 0.196703 0.140561 0.0135772 -0.0136646 0.000149073
1.1 0.521064 0.521962 -5.50958e-16 8.02991e-13 -1.26859e-11 -2.08819e-09 -4.64635e-08 -1.78467e-07 4.30128e-05 -0.000237729 -0.00844431 -0.0206911 0.083028 0.545615 0.247335 -0.720581 0.0481421 0.201818 0.14605 0.0142867 -0.0145614 0.000160877
1.11 0.514001 0.514934 -4.67528e-16 6.90058e-13 -1.10403e-11 -1.84042e-09 -4.1471e-08 -1.61315e-07 3.93733e-05 -0.000220379 -0.00792756 -0.0196719 0.0799414 0.532009 0.244233 -0.720589 0.0487545 0.206984 0.151692 0.0150272 -0.0155109 0.000173545
1.12 0.507484 0.508449 -3.96572e-16 5.9277e-13 -9.60434e-12 -1.6214e-09 -3.70001e-08 -1.45754e-07 3.60273e-05 -0.000204215 -0.00743946 -0.0186953 0.0769388 0.518536 0.241073 -0.720308 0.0493551 0.212197 0.157489 0.0157999 -0.0165157 0.000187136
1.13 0.501522 0.502513 -3.36251e-16 5.08995e-13 -8.35181e-12 -1.42787e-09 -3.2998e-08 -1.31641e-07 3.29525e-05 -0.00018916 -0.00697862 -0.0177602 0.0740193 0.505201 0.237859 -0.71974 0.049943 0.217454 0.163443 0.0166056 -0.0175786 0.000201711
1.14 0.496121 0.497135 -2.84991e-16 4.36885e-13 -7.25972e-12 -1.25694e-09 -2.9417e-08 -1.18847e-07 3.0128e-05 -0.000175145 -0.0065437 -0.016865 0.0711821 0.492012 0.234594 -0.718884 0.0505177 0.222753 0.169553 0.0174454 -0.0187023 0.000217335
1.15 0.491289 0.492319 -2.41449e-16 3.74841e-13 -6.30791e-12 -1.10603e-09 -2.62142e-08 -1.07253e-07 2.75346e-05 -0.000162103 -0.00613344 -0.0160086 0.0684263 0.478976 0.231282 -0.717743 0.0510787 0.228089 0.175822 0.0183203 -0.01989 0.000234074
1.16 0.487029 0.488071 -2.04478e-16 3.21479e-13 -5.4787e-12 -9.72844e-10 -2.33507e-08 -9.6752e-08 2.51544e-05 -0.000149973 -0.0057466 -0.0151896 0.0657509 0.466099 0.227925 -0.716316 0.0516251 0.23346 0.18225 0.0192315 -0.0211446 0.000252002
1.17 0.483345 0.484394 -1.73098e-16 2.75604e-13 -4.75659e-12 -8.55356e-10 -2.07917e-08 -8.7244e-08 2.29708e-05 -0.000138695 -0.00538201 -0.0144067 0.0631548 0.453387 0.224527 -0.714606 0.0521566 0.238861 0.188837 0.0201799 -0.0224694 0.000271195
1.18 0.480239 0.48129 -1.46476e-16 2.3618e-13 -4.128e-12 -7.51757e-10 -1.85057e-08 -7.86389e-08 2.09683e-05 -0.000128214 -0.00503853 -0.0136587 0.060637 0.440845 0.221091 -0.712616 0.0526725 0.24429 0.195584 0.0211666 -0.0238676 0.000291733
1.19 0.477713 0.478759 -1.23898e-16 2.02315e-13 -3.58105e-12 -6.60441e-10 -1.64645e-08 -7.08542e-08 1.91328e-05 -0.000118477 -0.00471508 -0.0129444 0.0581962 0.428478 0.217621 -0.710347 0.0531722 0.249743 0.202491 0.0221926 -0.0253427 0.0003137
1.2 0.475765 0.476802 -1.04759e-16 1.73237e-13 -3.10533e-12 -5.79985e-10 -1.46425e-08 -6.38146e-08 1.74509e-05 -0.000109436 -0.00441064 -0.0122625 0.0558314 0.416292 0.214119 -0.707801 0.0536551 0.255215 0.209558 0.0232591 -0.0268982 0.000337187
1.21 0.474396 0.475417 -8.85404e-17 1.48278e-13 -2.69173e-12 -5.09127e-10 -1.3017e-08 -5.74515e-08 1.59105e-05 -0.000101044 -0.0041242 -0.0116119 0.0535412 0.404291 0.21059 -0.704983 0.0541208 0.260702 0.216785 0.0243671 -0.0285378 0.000362287
1.22 0.473601 0.474601 -7.48031e-17 1.26865e-13 -2.33228e-12 -4.46747e-10 -1.15673e-08 -5.17021e-08 1.45003e-05 -9.32591e-05 -0.00385482 -0.0109914 0.0513245 0.392479 0.207035 -0.701896 0.0545688 0.266201 0.224171 0.0255176 -0.0302651 0.000389101
1.23 0.473378 0.47435 -6.31719e-17 1.085e-13 -2.02002e-12 -3.91853e-10 -1.0275e-08 -4.65095e-08 1.32098e-05 -8.60392e-05 -0.0036016 -0.0103999 0.0491798 0.380859 0.20346 -0.698542 0.0549984 0.271707 0.231717 0.0267118 -0.0320842 0.000417731
1.24 0.473721 0.474661 -5.33279e-17 9.27572e-14 -1.74887e-12 -3.43567e-10 -9.12334e-09 -4.18216e-08 1.20294e-05 -7.93465e-05 -0.00336366 -0.00983634 0.047106 0.369436 0.199866 -0.694926 0.0554092 0.277217 0.23942 0.0279507 -0.0339991 0.000448289
1.25 0.474624 0.475525 -4.49998e-17 7.92666e-14 -1.51352e-12 -3.0111e-10 -8.09756e-09 -3.75913e-08 1.095e-05 -7.31451e-05 -0.00314019 -0.00929957 0.0451015 0.358212 0.196257 -0.691053 0.0558008 0.282725 0.247281 0.0292354 -0.0360138 0.00048089
1.26 0.476079 0.476936 -3.79572e-17 6.7711e-14 -1.30931e-12 -2.63795e-10 -7.18423e-09 -3.37753e-08 9.96351e-06 -6.74014e-05 -0.00293039 -0.00878857 0.043165 0.34719 0.192637 -0.686926 0.0561726 0.288227 0.255298 0.0305669 -0.0381326 0.000515655
1.27 0.478078 0.478886 -3.20039e-17 5.78169e-14 -1.1322e-12 -2.31011e-10 -6.37137e-09 -3.03346e-08 9.06226e-06 -6.20839e-05 -0.00273351 -0.00830233 0.0412952 0.336372 0.189007 -0.682551 0.0565244 0.293718 0.263469 0.0319462 -0.04036 0.000552712
1.28 0.48061 0.481364 -2.69736e-17 4.93487e-14 -9.78656e-13 -2.02221e-10 -5.64823e-09 -2.72334e-08 8.23924e-06 -5.71631e-05 -0.00254884 -0.00783986 0.0394906 0.325762 0.185372 -0.677933 0.0568556 0.299195 0.271793 0.0333745 -0.0427003 0.000592196
1.29 0.483666 0.48436 -2.27248e-17 4.2104e-14 -8.45598e-13 -1.76948e-10 -5.00515e-09 -2.44396e-08 7.48797e-06 -5.26112e-05 -0.0023757 -0.00740018 0.0377497 0.31536 0.181734 -0.673076 0.0571658 0.304651 0.280268 0.0348526 -0.0451584 0.000634247
1.3 0.487232 0.487862 -1.91377e-17 3.59085e-14 -7.30338e-13 -1.54771e-10 -4.43352e-09 -2.19236e-08 6.80248e-06 -4.84024e-05 -0.00221343 -0.00698237 0.0360712 0.305168 0.178096 -0.667987 0.0574548 0.310083 0.288892 0.0363817 -0.0477388 0.000679011
1.31 0.491297 0.491857 -1.61103e-17 3.06125e-14 -6.30536e-13 -1.3532e-10 -3.92561e-09 -1.96587e-08 6.17727e-06 -4.45126e-05 -0.00206143 -0.00658552 0.0344535 0.295187 0.174461 -0.662671 0.0577221 0.315486 0.297662 0.0379626 -0.0504464 0.000726645
1.32 0.495844 0.496332 -1.35564e-17 2.6087e-14 -5.44155e-13 -1.18266e-10 -3.47449e-09 -1.76208e-08 5.60728e-06 -4.09189e-05 -0.00191909 -0.00620874 0.0328952 0.285418 0.170832 -0.657135 0.0579675 0.320855 0.306575 0.0395964 -0.0532864 0.000777309
1.33 0.50086 0.50127 -1.14028e-17 2.22217e-14 -4.69419e-13 -1.0332e-10 -3.07398e-09 -1.57878e-08 5.08785e-06 -3.76004e-05 -0.00178587 -0.00585117 0.0313948 0.275863 0.167211 -0.651385 0.0581906 0.326184 0.315629 0.041284 -0.0562637 0.000831173
1.34 0.506327 0.506657 -9.58749e-18 1.89216e-14 -4.04786e-13 -9.0227e-11 -2.71855e-09 -1.41398e-08 4.61469e-06 -3.45371e-05 -0.00166123 -0.00551199 0.0299508 0.26652 0.163602 -0.645426 0.0583913 0.33147 0.324821 0.0430263 -0.0593836 0.000888414
1.35 0.512228 0.512474 -8.05795e-18 1.61051e-14 -3.48913e-13 -7.87614e-11 -2.40326e-09 -1.26588e-08 4.18386e-06 -3.17107e-05 -0.00154467 -0.0051904 0.0285619 0.257391 0.160007 -0.639267 0.0585692 0.336706 0.334146 0.0448242 -0.0626514 0.000949217
1.36 0.518546 0.518705 -6.76971e-18 1.37023e-14 -3.00632e-13 -6.87254e-11 -2.12368e-09 -1.13284e-08 3.79174e-06 -2.9104e-05 -0.00143571 -0.00488561 0.0272265 0.248476 0.156428 -0.632912 0.0587241 0.341888 0.343602 0.0466786 -0.0660726 0.00101378
1.37 0.52526 0.52533 -5.68516e-18 1.16534e-14 -2.58928e-13 -5.99441e-11 -1.87588e-09 -1.01337e-08 3.43499e-06 -2.67009e-05 -0.00133391 -0.00459688 0.0259431 0.239773 0.152868 -0.626371 0.058856 0.347011 0.353184 0.0485902 -0.0696528 0.00108229
1.38 0.532351 0.53233 -4.77245e-18 9.90686e-15 -2.2292e-13 -5.2264e-11 -1.65633e-09 -9.06141e-09 3.11056e-06 -2.44864e-05 -0.00123883 -0.00432349 0.0247103 0.231283 0.149329 -0.619649 0.0589645 0.35207 0.362888 0.0505599 -0.0733976 0.00115498
1.39 0.539797 0.539683 -4.00466e-18 8.41873e-15 -1.91843e-13 -4.55496e-11 -1.46189e-09 -8.09934e-09 2.81565e-06 -2.24466e-05 -0.00115007 -0.00406473 0.0235267 0.223004 0.145814 -0.612754 0.0590496 0.35706 0.37271 0.0525884 -0.0773128 0.00123205
1.4 0.547576 0.547369 -3.35905e-18 7.15128e-15 -1.65032e-13 -3.9682e-11 -1.28976e-09 -7.23652e-09 2.54768e-06 -2.05685e-05 -0.00106724 -0.00381993 0.0223908 0.214935 0.142325 -0.605693 0.0591111 0.361976 0.382644 0.0546765 -0.0814043 0.00131375
1.41 0.555666 0.555365 -2.8164e-18 6.07221e-15 -1.41911e-13 -3.45564e-11 -1.13744e-09 -6.46303e-09 2.30429e-06 -1.884e-05 -0.000989975 -0.00358843 0.0213013 0.207075 0.138863 -0.598475 0.0591491 0.366813 0.392686 0.0568246 -0.085678 0.00140029
1.42 0.564044 0.563648 -2.36047e-18 5.1539e-15 -1.21981e-13 -3.00808e-11 -1.00271e-09 -5.76991e-09 2.08332e-06 -1.72498e-05 -0.00091794 -0.00336962 0.0202567 0.199423 0.135432 -0.591106 0.0591634 0.371566 0.40283 0.0590336 -0.0901401 0.00149195
1.43 0.572684 0.572195 -1.97755e-18 4.37272e-15 -1.04808e-13 -2.61744e-11 -8.83589e-10 -5.14906e-09 1.88278e-06 -1.57876e-05 -0.000850807 -0.00316288 0.0192556 0.191977 0.132032 -0.583594 0.0591541 0.37623 0.413072 0.0613039 -0.0947966 0.00158896
1.44 0.581563 0.580981 -1.65609e-18 3.70846e-15 -9.00163e-14 -2.27662e-11 -7.78305e-10 -4.59318e-09 1.70087e-06 -1.44435e-05 -0.000788268 -0.00296764 0.0182966 0.184735 0.128667 -0.575947 0.0591211 0.3808 0.423404 0.0636361 -0.0996537 0.00169161
1.45 0.590654 0.589981 -1.38633e-18 3.14385e-15 -7.72815e-14 -1.97938e-11 -6.85291e-10 -4.09567e-09 1.53592e-06 -1.32086e-05 -0.000730033 -0.00278334 0.0173785 0.177696 0.125337 -0.568173 0.0590645 0.385271 0.433821 0.0660305 -0.104718 0.00180017
1.46 0.599931 0.59917 -1.16005e-18 2.66414e-15 -6.63217e-14 -1.72027e-11 -6.03153e-10 -3.65059e-09 1.38641e-06 -1.20744e-05 -0.000675831 -0.00260944 0.0164998 0.170856 0.122044 -0.56028 0.0589843 0.389639 0.444316 0.0684877 -0.109995 0.00191493
1.47 0.609369 0.608522 -9.70309e-19 2.25672e-15 -5.68935e-14 -1.49448e-11 -5.30647e-10 -3.25257e-09 1.25096e-06 -1.10332e-05 -0.000625403 -0.00244543 0.0156593 0.164213 0.118791 -0.552276 0.0588807 0.393899 0.454884 0.0710079 -0.115493 0.00203619
1.48 0.618939 0.618009 -8.11281e-19 1.91084e-15 -4.8786e-14 -1.2978e-11 -4.6667e-10 -2.89679e-09 1.12828e-06 -1.00777e-05 -0.000578506 -0.00229081 0.0148556 0.157766 0.115578 -0.544168 0.0587538 0.398046 0.465516 0.0735914 -0.121216 0.00216427
1.49 0.628614 0.627605 -6.78045e-19 1.61733e-15 -4.18172e-14 -1.12656e-11 -4.10243e-10 -2.5789e-09 1.01723e-06 -9.20135e-06 -0.000534911 -0.00214511 0.0140876 0.151511 0.112406 -0.535965 0.0586037 0.402076 0.476207 0.0762384 -0.127172 0.00229948
1.5 0.638365 0.637281 -5.66464e-19 1.36835e-15 -3.58294e-14 -9.77516e-12 -3.60494e-10 -2.29497e-09 9.16747e-07 -8.39781e-06 -0.000494404 -0.00200787 0.0133539 0.145447 0.109279 -0.527674 0.0584306 0.405985 0.486948 0.078949 -0.133368 0.00244216
1.51 0.648166 0.647012 -4.73056e-19 1.15724e-15 -3.06868e-14 -8.47855e-12 -3.16652e-10 -2.04148e-09 8.25857e-07 -7.66138e-06 -0.000456782 -0.00187866 0.0126534 0.139569 0.106195 -0.519304 0.0582348 0.409767 0.497733 0.0817232 -0.139809 0.00259265
1.52 0.657986 0.656767 -3.94893e-19 9.78309e-16 -2.62718e-14 -7.35098e-12 -2.7803e-10 -1.81527e-09 7.4368e-07 -6.98674e-06 -0.000421854 -0.00175706 0.0119848 0.133875 0.103158 -0.510862 0.0580163 0.413419 0.508552 0.0845612 -0.146503 0.00275132
1.53 0.667796 0.666518 -3.29512e-19 8.26712e-16 -2.2483e-14 -6.37082e-12 -2.44021e-10 -1.61348e-09 6.69412e-07 -6.36895e-06 -0.000389441 -0.00164267 0.011347 0.128362 0.100167 -0.502357 0.0577756 0.416937 0.5194 0.0874627 -0.153457 0.00291854
1.54 0.677568 0.676237 -2.74847e-19 6.98328e-16 -1.92329e-14 -5.51915e-12 -2.14087e-10 -1.43355e-09 6.02321e-07 -5.80347e-06 -0.000359374 -0.00153512 0.0107389 0.123026 0.0972239 -0.493795 0.0575129 0.420317 0.530266 0.0904276 -0.160675 0.00309467
1.55 0.687272 0.685894 -2.29159e-19 5.89645e-16 -1.64461e-14 -4.77942e-12 -1.87749e-10 -1.27317e-09 5.41736e-07 -5.28608e-06 -0.000331496 -0.00143404 0.0101593 0.117866 0.0943296 -0.485186 0.0572284 0.423555 0.541143 0.0934555 -0.168166 0.00328013
1.56 0.696879 0.695461 -1.90989e-19 4.97677e-16 -1.40574e-14 -4.13717e-12 -1.64586e-10 -1.13028e-09 4.87051e-07 -4.81289e-06 -0.000305659 -0.00133907 0.00960712 0.112876 0.0914849 -0.476536 0.0569226 0.426647 0.552023 0.0965463 -0.175936 0.00347531
1.57 0.706358 0.704908 -1.59113e-19 4.19886e-16 -1.20109e-14 -3.5798e-12 -1.44223e-10 -1.00303e-09 4.37711e-07 -4.38031e-06 -0.000281722 -0.0012499 0.00908133 0.108055 0.0886905 -0.467852 0.0565958 0.42959 0.562896 0.0996994 -0.183992 0.00368062
1.58 0.715681 0.714207 -1.32504e-19 3.54113e-16 -1.02582e-14 -3.09628e-12 -1.26329e-10 -8.89748e-10 3.93212e-07 -3.98501e-06 -0.000259557 -0.0011662 0.00858088 0.103398 0.0859471 -0.459144 0.0562484 0.43238 0.573753 0.102914 -0.192339 0.00389651
1.59 0.724817 0.723326 -1.10301e-19 2.98523e-16 -8.75775e-15 -2.677e-12 -1.1061e-10 -7.88944e-10 3.53095e-07 -3.62394e-06 -0.000239039 -0.00108766 0.00810477 0.0989025 0.0832552 -0.450417 0.0558807 0.435014 0.584587 0.10619 -0.200985 0.00412342
1.6 0.733738 0.732238 -9.17818e-20 2.51559e-16 -7.47379e-15 -2.31357e-12 -9.68089e-11 -6.99282e-10 3.16945e-07 -3.29426e-06 -0.000220055 -0.00101401 0.00765201 0.0945645 0.0806154 -0.44168 0.0554933 0.437489 0.595386 0.109527 -0.209935 0.00436179
1.61 0.742413 0.740913 -7.63413e-20 2.11899e-16 -6.37551e-15 -1.99868e-12 -8.46957e-11 -6.19561e-10 2.84381e-07 -2.99338e-06 -0.000202498 -0.000944972 0.00722165 0.0903806 0.0780281 -0.432938 0.0550864 0.439802 0.606143 0.112923 -0.219196 0.0046121
1.62 0.750814 0.749322 -6.3473e-20 1.7842e-16 -5.43646e-15 -1.72596e-12 -7.40686e-11 -5.4871e-10 2.55062e-07 -2.71889e-06 -0.000186268 -0.000880279 0.00681278 0.0863473 0.0754936 -0.4242 0.0546607 0.441951 0.616847 0.116378 -0.228774 0.00487482
1.63 0.758912 0.757437 -5.27527e-20 1.50171e-16 -4.63386e-15 -1.48985e-12 -6.4749e-11 -4.85766e-10 2.28673e-07 -2.46859e-06 -0.000171269 -0.000819688 0.00642448 0.0824609 0.0730122 -0.415472 0.0542166 0.443933 0.627489 0.119891 -0.238675 0.00515044
1.64 0.766677 0.765228 -4.38254e-20 1.26343e-16 -3.94818e-15 -1.28553e-12 -5.65794e-11 -4.29871e-10 2.04933e-07 -2.24043e-06 -0.000157416 -0.000762961 0.00605589 0.078718 0.0705842 -0.406761 0.0537546 0.445745 0.638059 0.12346 -0.248905 0.00543947
1.65 0.774082 0.772667 -3.63944e-20 1.06254e-16 -3.36261e-15 -1.10879e-12 -4.94208e-11 -3.80255e-10 1.83584e-07 -2.03254e-06 -0.000144625 -0.000709877 0.00570616 0.0751149 0.0682096 -0.398074 0.0532753 0.447385 0.648548 0.127085 -0.259469 0.00574243
1.66 0.781099 0.779727 -3.02112e-20 8.93237e-17 -2.86274e-15 -9.5596e-13 -4.31506e-11 -3.36232e-10 1.64394e-07 -1.84321e-06 -0.00013282 -0.000660222 0.00537448 0.0716481 0.0658885 -0.389416 0.052779 0.448852 0.658946 0.130764 -0.270374 0.00605983
1.67 0.7877 0.78638 -2.50686e-20 7.50608e-17 -2.43621e-15 -8.23868e-13 -3.76609e-11 -2.97186e-10 1.4715e-07 -1.67084e-06 -0.00012193 -0.000613794 0.00506006 0.0683139 0.0636209 -0.380794 0.0522665 0.450144 0.669243 0.134495 -0.281625 0.00639223
1.68 0.793858 0.792598 -2.0793e-20 6.30502e-17 -2.0724e-15 -7.09744e-13 -3.28565e-11 -2.6257e-10 1.31663e-07 -1.51399e-06 -0.000111888 -0.000570404 0.00476213 0.0651089 0.0614069 -0.372214 0.0517383 0.451259 0.679429 0.138278 -0.293226 0.00674015
1.69 0.799547 0.798355 -1.72397e-20 5.29402e-17 -1.76221e-15 -6.11185e-13 -2.86535e-11 -2.31893e-10 1.17758e-07 -1.37132e-06 -0.000102632 -0.000529868 0.00447994 0.0620294 0.0592461 -0.363682 0.0511949 0.452196 0.689494 0.14211 -0.305183 0.00710417
1.7 0.80474 0.803625 -1.42879e-20 4.44335e-17 -1.49785e-15 -5.26102e-13 -2.49782e-11 -2.04718e-10 1.0528e-07 -1.24159e-06 -9.41045e-05 -0.000492017 0.00421279 0.0590719 0.0571386 -0.355203 0.050637 0.452953 0.699428 0.14599 -0.317501 0.00748486
1.71 0.809413 0.808382 -1.18368e-20 3.72788e-17 -1.27264e-15 -4.52682e-13 -2.17655e-11 -1.80655e-10 9.40862e-08 -1.12369e-06 -8.62507e-05 -0.000456686 0.00395999 0.056233 0.0550839 -0.346783 0.0500651 0.453531 0.709222 0.149916 -0.330184 0.00788279
1.72 0.81354 0.812601 -9.80227e-21 3.12637e-17 -1.08086e-15 -3.89352e-13 -1.89585e-11 -1.59357e-10 8.4049e-08 -1.01657e-06 -7.90208e-05 -0.000423724 0.00372087 0.053509 0.053082 -0.338428 0.0494799 0.453927 0.718865 0.153886 -0.343236 0.00829856
1.73 0.817098 0.816258 -8.11419e-21 2.62086e-17 -9.17615e-16 -3.34748e-13 -1.65069e-11 -1.40514e-10 7.50527e-08 -9.19299e-07 -7.2368e-05 -0.000392983 0.00349479 0.0508967 0.0511323 -0.330142 0.048882 0.454142 0.728348 0.157898 -0.356661 0.00873277
1.74 0.820063 0.819328 -6.71413e-21 2.19621e-17 -7.78712e-16 -2.87687e-13 -1.43666e-11 -1.23849e-10 6.69924e-08 -8.31002e-07 -6.62487e-05 -0.000364326 0.00328113 0.0483925 0.0492345 -0.321929 0.048272 0.454175 0.737661 0.16195 -0.370463 0.00918602
1.75 0.822414 0.82179 -5.55342e-21 1.83963e-17 -6.60571e-16 -2.47143e-13 -1.24988e-11 -1.09117e-10 5.97739e-08 -7.50885e-07 -6.06227e-05 -0.000337624 0.00307931 0.0459932 0.0473882 -0.313796 0.0476505 0.454027 0.746794 0.166039 -0.384646 0.00965893
1.76 0.824127 0.823621 -4.59153e-21 1.54033e-17 -5.60129e-16 -2.12228e-13 -1.08695e-11 -9.60991e-11 5.33118e-08 -6.78222e-07 -5.54522e-05 -0.000312754 0.00288874 0.0436953 0.0455929 -0.305745 0.0470182 0.453698 0.755738 0.170163 -0.399211 0.0101521
1.77 0.825183 0.824799 -3.79473e-21 1.28921e-17 -4.7477e-16 -1.82173e-13 -9.44879e-12 -8.46003e-11 4.75294e-08 -6.12345e-07 -5.07025e-05 -0.0002896 0.00270888 0.0414956 0.0438481 -0.297783 0.0463758 0.453187 0.764483 0.174321 -0.414163 0.0106662
1.78 0.825562 0.825304 -3.13495e-21 1.0786e-17 -4.02258e-16 -1.56312e-13 -8.21049e-12 -7.44476e-11 4.23572e-08 -5.52645e-07 -4.6341e-05 -0.000268053 0.00253921 0.0393909 0.0421532 -0.289911 0.0457238 0.452496 0.77302 0.178508 -0.429503 0.0112019
1.79 0.825245 0.825117 -2.58885e-21 9.0203e-18 -3.40685e-16 -1.34068e-13 -7.13162e-12 -6.54871e-11 3.77327e-08 -4.98567e-07 -4.23378e-05 -0.00024801 0.00237921 0.037378 0.0405076 -0.282135 0.045063 0.451625 0.78134 0.182723 -0.445232 0.0117597
1.8 0.824214 0.824219 -2.13702e-21 7.54066e-18 -2.88421e-16 -1.14944e-13 -6.19204e-12 -5.75821e-11 3.35997e-08 -4.496e-07 -3.86649e-05 -0.000229374 0.0022284 0.0354538 0.0389107 -0.274457 0.044394 0.450576 0.789433 0.186962 -0.461354 0.0123404
1.81 0.822452 0.822593 -1.76335e-21 6.30121e-18 -2.44077e-16 -9.85079e-14 -5.3741e-12 -5.0611e-11 2.99074e-08 -4.0528e-07 -3.52965e-05 -0.000212054 0.00208632 0.0336152 0.0373618 -0.266882 0.0437174 0.449349 0.797292 0.191224 -0.477867 0.0129446
1.82 0.819942 0.820221 -1.45443e-21 5.26338e-18 -2.06468e-16 -8.43885e-14 -4.66234e-12 -4.44661e-11 2.66102e-08 -3.65184e-07 -3.22087e-05 -0.000195962 0.00195251 0.0318591 0.0358602 -0.259412 0.0430339 0.447946 0.804906 0.195504 -0.494774 0.013573
1.83 0.816671 0.817088 -1.19915e-21 4.39472e-18 -1.74585e-16 -7.2264e-14 -4.04323e-12 -3.90517e-11 2.36671e-08 -3.28922e-07 -2.93793e-05 -0.00018102 0.00182655 0.0301828 0.0344051 -0.25205 0.0423441 0.446369 0.812269 0.1998 -0.512074 0.0142262
1.84 0.812625 0.81318 -9.88283e-22 3.66796e-18 -1.47566e-16 -6.18567e-14 -3.50493e-12 -3.42828e-11 2.1041e-08 -2.96143e-07 -2.67877e-05 -0.00016715 0.00170804 0.0285832 0.0329959 -0.244799 0.0416488 0.44462 0.819371 0.204109 -0.529768 0.0149048
1.85 0.807791 0.808483 -8.1417e-22 3.06016e-18 -1.24678e-16 -5.29271e-14 -3.03708e-12 -3.00842e-11 1.86989e-08 -2.66524e-07 -2.44149e-05 -0.000154281 0.00159658 0.0270576 0.0316318 -0.237662 0.0409485 0.442701 0.826204 0.208427 -0.547853 0.0156095
1.86 0.802157 0.802985 -6.70464e-22 2.55206e-18 -1.05298e-16 -4.52684e-14 -2.63063e-12 -2.63893e-11 1.66108e-08 -2.39771e-07 -2.22435e-05 -0.000142346 0.00149179 0.0256031 0.030312 -0.23064 0.0402438 0.440613 0.832761 0.212752 -0.566329 0.0163411
1.87 0.795713 0.796674 -5.51901e-22 2.12746e-18 -8.88956e-17 -3.87025e-14 -2.27766e-12 -2.31389e-11 1.475e-08 -2.15617e-07 -2.0257e-05 -0.000131282 0.00139333 0.0242172 0.0290356 -0.223736 0.0395355 0.43836 0.839035 0.21708 -0.585194 0.0171001
1.88 0.78845 0.789542 -4.54124e-22 1.7728e-18 -7.50178e-17 -3.30757e-14 -1.97127e-12 -2.02808e-11 1.30924e-08 -1.93819e-07 -1.84406e-05 -0.000121029 0.00130084 0.0228971 0.0278018 -0.216953 0.0388241 0.435945 0.845018 0.221407 -0.604446 0.0178871
1.89 0.780361 0.781578 -3.73519e-22 1.47668e-18 -6.32812e-17 -2.82557e-14 -1.7054e-12 -1.77686e-11 1.16164e-08 -1.74155e-07 -1.67803e-05 -0.000111532 0.00121401 0.0216403 0.0266098 -0.21029 0.0381102 0.433369 0.850703 0.22573 -0.624081 0.018703
1.9 0.771438 0.772777 -3.07099e-22 1.22952e-18 -5.33595e-17 -2.41284e-14 -1.47481e-12 -1.55614e-11 1.03028e-08 -1.56424e-07 -1.52634e-05 -0.00010274 0.00113252 0.0204443 0.0254587 -0.203751 0.0373945 0.430636 0.856084 0.230045 -0.644097 0.0195482
1.91 0.761676 0.76313 -2.52388e-22 1.02332e-18 -4.49754e-17 -2.05957e-14 -1.27488e-12 -1.36228e-11 9.13397e-09 -1.40441e-07 -1.38781e-05 -9.46022e-05 0.00105607 0.0193067 0.0243477 -0.197337 0.0366776 0.427749 0.861154 0.234349 -0.664488 0.0204234
1.92 0.751071 0.752634 -2.07342e-22 8.51367e-19 -3.78934e-17 -1.75733e-14 -1.10162e-12 -1.19211e-11 8.09454e-09 -1.26041e-07 -1.26135e-05 -8.70746e-05 0.000984396 0.0182251 0.0232758 -0.191047 0.0359601 0.424711 0.865908 0.238638 -0.685251 0.0213293
1.93 0.73962 0.741284 -1.70267e-22 7.08022e-19 -3.19139e-17 -1.49884e-14 -9.51522e-13 -1.04277e-11 7.17053e-09 -1.13073e-07 -1.14595e-05 -8.01139e-05 0.000917217 0.0171972 0.0222423 -0.184885 0.0352424 0.421527 0.87034 0.242909 -0.706381 0.0222665
1.94 0.727321 0.729079 -1.39766e-22 5.88576e-19 -2.68671e-17 -1.27786e-14 -8.21547e-13 -9.11774e-12 6.34945e-09 -1.01398e-07 -1.04069e-05 -7.36802e-05 0.000854281 0.0162208 0.0212461 -0.178849 0.0345253 0.418199 0.874445 0.247157 -0.72787 0.0232355
1.95 0.714175 0.716017 -1.14683e-22 4.89086e-19 -2.26094e-17 -1.08902e-14 -7.09042e-13 -7.96917e-12 5.62015e-09 -9.08922e-08 -9.44723e-06 -6.7736e-05 0.000795345 0.0152937 0.0202864 -0.172941 0.0338093 0.414731 0.878218 0.251378 -0.749713 0.024237
1.96 0.700181 0.702099 -9.40634e-23 4.06251e-19 -1.90189e-17 -9.27718e-15 -6.117e-13 -6.96249e-12 4.97262e-09 -8.14423e-08 -8.57263e-06 -6.22465e-05 0.000740179 0.0144138 0.0193624 -0.167162 0.0330948 0.411128 0.881654 0.25557 -0.771903 0.0252716
1.97 0.685343 0.687325 -7.71205e-23 3.3731e-19 -1.59921e-17 -7.89992e-15 -5.2751e-13 -6.08055e-12 4.39794e-09 -7.29458e-08 -7.77588e-06 -5.7179e-05 0.000688563 0.0135791 0.018473 -0.161511 0.0323825 0.407393 0.88475 0.259728 -0.794432 0.0263398
1.98 0.669663 0.671699 -6.32041e-23 2.79956e-19 -1.34416e-17 -6.72443e-15 -4.54726e-13 -5.3082e-12 3.88812e-09 -6.53095e-08 -7.05037e-06 -5.2503e-05 0.000640291 0.0127877 0.0176174 -0.155989 0.0316729 0.40353 0.887502 0.263847 -0.817292 0.0274422
1.99 0.653146 0.655226 -5.17782e-23 2.32262e-19 -1.12934e-17 -5.72156e-15 -3.91827e-13 -4.63211e-12 3.43603e-09 -5.84492e-08 -6.38999e-06 -4.81902e-05 0.000595165 0.0120375 0.0167948 -0.150595 0.0309664 0.399545 0.889906 0.267925 -0.840473 0.0285793
2 0.635799 0.63791 -4.24009e-23 1.92616e-19 -9.48473e-18 -4.86631e-15 -3.37494e-13 -4.0405e-12 3.03529e-09 -5.22887e-08 -5.78915e-06 -4.42139e-05 0.000552998 0.0113269 0.0160041 -0.14533 0.0302636 0.39544 0.89196 0.271957 -0.863966 0.0297516
2.01 0.617629 0.619759 -3.4708e-23 1.59673e-19 -7.96253e-18 -4.13725e-15 -2.90578e-13 -3.52305e-12 2.68021e-09 -4.67587e-08 -5.2427e-06 -4.05495e-05 0.000513613 0.0106539 0.0152446 -0.140192 0.0295649 0.391221 0.893661 0.275939 -0.88776 0.0309596
2.02 0.598644 0.600781 -2.83994e-23 1.32312e-19 -6.68195e-18 -3.51601e-15 -2.50085e-13 -3.07064e-12 2.36573e-09 -4.17969e-08 -4.74594e-06 -3.71739e-05 0.000476843 0.0100169 0.0145153 -0.135183 0.0288708 0.386892 0.895007 0.279868 -0.911845 0.0322037
2.03 0.578855 0.580986 -2.32283e-23 1.09595e-19 -5.60508e-18 -2.98685e-15 -2.15148e-13 -2.67525e-12 2.08731e-09 -3.73466e-08 -4.29453e-06 -3.40657e-05 0.000442527 0.0094142 0.0138154 -0.1303 0.0281817 0.382459 0.895997 0.283739 -0.936209 0.0334845
2.04 0.558272 0.560383 -1.89911e-23 9.07422e-20 -4.69987e-18 -2.53632e-15 -1.85018e-13 -2.32984e-12 1.84092e-09 -3.33569e-08 -3.8845e-06 -3.12049e-05 0.000410517 0.00884424 0.013144 -0.125543 0.027498 0.377924 0.896629 0.287548 -0.960839 0.0348023
2.05 0.536909 0.538987 -1.55206e-23 7.51025e-20 -3.93928e-18 -2.15289e-15 -1.59044e-13 -2.02822e-12 1.62296e-09 -2.97814e-08 -3.51222e-06 -2.85729e-05 0.00038067 0.00830547 0.0125002 -0.120911 0.0268202 0.373295 0.896902 0.291293 -0.985723 0.0361574
2.06 0.514778 0.51681 -1.26793e-23 6.21335e-20 -3.30046e-18 -1.82669e-15 -1.36661e-13 -1.76494e-12 1.43024e-09 -2.65786e-08 -3.17434e-06 -2.61525e-05 0.000352852 0.00779639 0.0118832 -0.116404 0.0261487 0.368574 0.896817 0.294967 -1.01085 0.0375503
2.07 0.491894 0.493867 -1.0354e-23 5.13835e-20 -2.76413e-18 -1.54929e-15 -1.17382e-13 -1.53522e-12 1.2599e-09 -2.37107e-08 -2.86782e-06 -2.39275e-05 0.000326936 0.0073156 0.0112921 -0.11202 0.0254837 0.363768 0.896374 0.298569 -1.0362 0.0389813
2.08 0.468273 0.470174 -8.45172e-24 4.24764e-20 -2.31403e-18 -1.3135e-15 -1.00782e-13 -1.33487e-12 1.1094e-09 -2.11438e-08 -2.58987e-06 -2.18831e-05 0.000302803 0.00686171 0.0107261 -0.107758 0.0248258 0.35888 0.895572 0.302094 -1.06176 0.0404506
2.09 0.443933 0.445748 -6.89619e-24 3.50993e-20 -1.93644e-18 -1.11314e-15 -8.64947e-14 -1.1602e-12 9.76492e-10 -1.88473e-08 -2.33791e-06 -2.00053e-05 0.000280338 0.0064334 0.0101844 -0.103617 0.0241751 0.353917 0.894413 0.305538 -1.08751 0.0419586
2.1 0.418892 0.420609 -5.62471e-24 2.89918e-20 -1.61982e-18 -9.42975e-16 -7.42034e-14 -1.00798e-12 8.5916e-10 -1.67935e-08 -2.10963e-06 -1.82813e-05 0.000259437 0.00602942 0.00966622 -0.0995949 0.0235321 0.348883 0.892899 0.308898 -1.11345 0.0435053
2.11 0.393169 0.394775 -4.58582e-24 2.39374e-20 -1.35443e-18 -7.98499e-16 -6.36333e-14 -8.75383e-13 7.55625e-10 -1.49575e-08 -1.90287e-06 -1.66993e-05 0.000239997 0.00564855 0.00917072 -0.0956907 0.0228971 0.343783 0.891031 0.31217 -1.13955 0.045091
2.12 0.366786 0.368268 -3.73732e-24 1.97564e-20 -1.13206e-18 -6.75889e-16 -5.4547e-14 -7.59925e-13 6.64301e-10 -1.33169e-08 -1.71569e-06 -1.5248e-05 0.000221926 0.00528961 0.00869715 -0.0919028 0.0222702 0.338622 0.88881 0.315351 -1.16579 0.0467158
2.13 0.339762 0.34111 -3.0446e-24 1.62991e-20 -9.45827e-19 -5.71877e-16 -4.67395e-14 -6.59431e-13 5.8378e-10 -1.18515e-08 -1.54631e-06 -1.39173e-05 0.000205133 0.00495151 0.00824473 -0.0882296 0.0216519 0.333405 0.886241 0.318436 -1.19216 0.0483798
2.14 0.312122 0.313324 -2.47928e-24 1.34414e-20 -7.89913e-19 -4.83677e-16 -4.00334e-14 -5.71998e-13 5.12814e-10 -1.05431e-08 -1.39309e-06 -1.26977e-05 0.000189535 0.00463316 0.00781272 -0.0846693 0.0210423 0.328137 0.883326 0.321423 -1.21864 0.050083
2.15 0.283888 0.284934 -2.01813e-24 1.10803e-20 -6.59437e-19 -4.08917e-16 -3.42759e-14 -4.95959e-13 4.50295e-10 -9.37546e-09 -1.25455e-06 -1.15803e-05 0.000175054 0.00433355 0.00740038 -0.0812202 0.0204417 0.322823 0.880068 0.324309 -1.24521 0.0518255
2.16 0.255085 0.255966 -1.64209e-24 9.13033e-21 -5.50292e-19 -3.45574e-16 -2.93346e-14 -4.29856e-13 3.9524e-10 -8.33377e-09 -1.12933e-06 -1.0557e-05 0.000161613 0.00405169 0.00700701 -0.0778804 0.0198503 0.317468 0.876472 0.327089 -1.27185 0.0536071
2.17 0.22574 0.226445 -1.33558e-24 7.5205e-21 -4.59028e-19 -2.91927e-16 -2.50956e-14 -3.72415e-13 3.46777e-10 -7.40487e-09 -1.01621e-06 -9.62025e-06 0.000149146 0.00378665 0.00663189 -0.0746481 0.0192683 0.312078 0.872542 0.329762 -1.29854 0.0554279
2.18 0.195878 0.196401 -1.08586e-24 6.19204e-21 -3.82747e-19 -2.46509e-16 -2.14606e-14 -3.22521e-13 3.04135e-10 -6.57687e-09 -9.14052e-07 -8.76314e-06 0.000137585 0.00353753 0.00627434 -0.0715213 0.0186959 0.306656 0.868281 0.332323 -1.32526 0.0572875
2.19 0.165526 0.165859 -8.8247e-25 5.09621e-21 -3.19015e-19 -2.08074e-16 -1.83448e-14 -2.79199e-13 2.6663e-10 -5.83912e-09 -8.21835e-07 -7.97921e-06 0.000126869 0.00330348 0.0059337 -0.0684981 0.0181332 0.301208 0.863696 0.33477 -1.35199 0.0591858
2.2 0.134713 0.134851 -7.16892e-25 4.19263e-21 -2.65789e-19 -1.75561e-16 -1.56751e-14 -2.416e-13 2.33656e-10 -5.18205e-09 -7.38627e-07 -7.26249e-06 0.000116941 0.00308368 0.0056093 -0.0655764 0.0175805 0.295738 0.858791 0.3371 -1.37871 0.0611226
2.21 0.103468 0.103405 -5.82148e-25 3.44788e-21 -2.21354e-19 -1.48069e-16 -1.33885e-14 -2.0898e-13 2.04678e-10 -4.59708e-09 -6.63577e-07 -6.60751e-06 0.000107747 0.00287736 0.00530052 -0.0627543 0.0170377 0.290251 0.853573 0.339311 -1.40539 0.0630976
2.22 0.0718194 0.071553 -4.72541e-25 2.83429e-21 -1.84275e-19 -1.24833e-16 -1.1431e-14 -1.80693e-13 1.79223e-10 -4.07652e-09 -5.95915e-07 -6.0092e-06 9.92361e-05 0.00268376 0.00500674 -0.0600296 0.0165051 0.284753 0.848047 0.3414 -1.43202 0.0651103
2.23 0.039799 0.0393259 -3.83418e-25 2.32896e-21 -1.53345e-19 -1.05201e-16 -9.7557e-15 -1.56172e-13 1.5687e-10 -3.61345e-09 -5.34938e-07 -5.46288e-06 9.13609e-05 0.00250219 0.00472734 -0.0574002 0.0159828 0.279246 0.84222 0.343364 -1.45856 0.0671603
2.24 0.00743708 0.00675609 -3.10979e-25 1.91296e-21 -1.27556e-19 -8.86207e-17 -8.32263e-15 -1.34924e-13 1.37251e-10 -3.20171e-09 -4.80008e-07 -4.96424e-06 8.40771e-05 0.00233197 0.00446176 -0.054864 0.0154708 0.273737 0.836099 0.345201 -1.48501 0.0692472
2.25 -0.0252346 -0.0261235 -2.52125e-25 1.57064e-21 -1.06061e-19 -7.46239e-17 -7.09723e-15 -1.16521e-13 1.20037e-10 -2.83575e-09 -4.30547e-07 -4.50931e-06 7.7343e-05 0.00217246 0.00420941 -0.052419 0.0149693 0.268229 0.82969 0.34691 -1.51133 0.0713703
2.26 -0.0581838 -0.0592793 -2.04328e-25 1.28907e-21 -8.81536e-20 -6.28126e-17 -6.04984e-15 -1.00588e-13 1.0494e-10 -2.51061e-09 -3.86028e-07 -4.09443e-06 7.11198e-05 0.00202305 0.00396974 -0.0500629 0.0144781 0.262727 0.823001 0.348487 -1.5375 0.0735292
2.27 -0.091378 -0.0926774 -1.65525e-25 1.05754e-21 -7.32402e-20 -5.28496e-17 -5.15495e-15 -8.67984e-14 9.1705e-11 -2.22187e-09 -3.45973e-07 -3.71624e-06 6.53712e-05 0.00188317 0.00374222 -0.0477935 0.0139976 0.257235 0.81604 0.349932 -1.5635 0.075723
2.28 -0.124784 -0.126283 -1.34038e-25 8.67257e-22 -6.08254e-20 -4.44491e-17 -4.39068e-15 -7.48694e-14 8.01072e-11 -1.96554e-09 -3.09951e-07 -3.37163e-06 6.00632e-05 0.00175225 0.00352633 -0.0456088 0.0135275 0.251757 0.808813 0.351242 -1.5893 0.0779512
2.29 -0.158368 -0.160062 -1.08497e-25 7.10925e-22 -5.04948e-20 -3.73689e-17 -3.73822e-15 -6.45541e-14 6.99483e-11 -1.7381e-09 -2.77568e-07 -3.05776e-06 5.51641e-05 0.00162979 0.00332157 -0.0435065 0.013068 0.246297 0.80133 0.352416 -1.61488 0.0802127
2.3 -0.192097 -0.193978 -8.7788e-26 5.82541e-22 -4.1902e-20 -3.1404e-17 -3.18145e-15 -5.56377e-14 6.10532e-11 -1.53635e-09 -2.48469e-07 -2.77199e-06 5.06444e-05 0.00151528 0.00312744 -0.0414846 0.0126191 0.240859 0.793599 0.353452 -1.64022 0.0825069
2.31 -0.225935 -0.227996 -7.10032e-26 4.7715e-22 -3.47575e-20 -2.63806e-17 -2.70652e-15 -4.79337e-14 5.32679e-11 -1.35748e-09 -2.22332e-07 -2.51193e-06 4.64764e-05 0.00140825 0.00294349 -0.0395408 0.0121807 0.235446 0.785628 0.35435 -1.66529 0.0848328
2.32 -0.259849 -0.26208 -5.74046e-26 3.9067e-22 -2.88197e-20 -2.21519e-17 -2.30156e-15 -4.128e-14 4.64569e-11 -1.19896e-09 -1.98865e-07 -2.27535e-06 4.26343e-05 0.00130825 0.00276924 -0.037673 0.0117528 0.230064 0.777427 0.355108 -1.69007 0.0871894
2.33 -0.293803 -0.296194 -4.63919e-26 3.19735e-22 -2.38867e-20 -1.85936e-17 -1.95642e-15 -3.55356e-14 4.05005e-11 -1.05852e-09 -1.77803e-07 -2.06023e-06 3.90943e-05 0.00121487 0.00260427 -0.035879 0.0113355 0.224715 0.769003 0.355726 -1.71452 0.0895756
2.34 -0.327764 -0.330301 -3.74769e-26 2.61576e-22 -1.97902e-20 -1.56007e-17 -1.66237e-15 -3.05784e-14 3.52936e-11 -9.34163e-10 -1.58909e-07 -1.8647e-06 3.58338e-05 0.00112771 0.00244815 -0.0341569 0.0109285 0.219402 0.760366 0.356201 -1.73864 0.0919902
2.35 -0.361695 -0.364366 -3.0263e-26 2.1391e-22 -1.63896e-20 -1.30842e-17 -1.41194e-15 -2.63022e-14 3.07439e-11 -8.24083e-10 -1.41965e-07 -1.68706e-06 3.28321e-05 0.00104638 0.00230046 -0.0325044 0.010532 0.214129 0.751525 0.356535 -1.76239 0.0944322
2.36 -0.395562 -0.398351 -2.44279e-26 1.7486e-22 -1.3568e-20 -1.09693e-17 -1.19877e-15 -2.26149e-14 2.677e-11 -7.26685e-10 -1.26778e-07 -1.52573e-06 3.00699e-05 0.000970525 0.00216082 -0.0309194 0.0101458 0.208899 0.742491 0.356727 -1.78575 0.0969003
2.37 -0.429329 -0.432222 -1.971e-26 1.42882e-22 -1.12276e-20 -9.19258e-18 -1.01737e-15 -1.94368e-14 2.33004e-11 -6.40541e-10 -1.1317e-07 -1.37927e-06 2.7529e-05 0.000899811 0.00202885 -0.0294 0.00976987 0.203716 0.733271 0.356776 -1.8087 0.0993931
2.38 -0.462962 -0.465941 -1.58969e-26 1.16705e-22 -9.28721e-21 -7.70055e-18 -8.63075e-16 -1.66986e-14 2.02724e-11 -5.64384e-10 -1.00982e-07 -1.24637e-06 2.51927e-05 0.000833916 0.00190417 -0.0279441 0.0094041 0.198581 0.723876 0.356682 -1.83121 0.101909
2.39 -0.496425 -0.499472 -1.28164e-26 9.5286e-23 -7.6791e-21 -6.44811e-18 -7.31889e-16 -1.43404e-14 1.76309e-11 -4.97082e-10 -9.00705e-08 -1.12583e-06 2.30455e-05 0.000772537 0.00178644 -0.0265496 0.0090484 0.193499 0.714316 0.356445 -1.85326 0.104447
2.4 -0.529684 -0.532781 -1.03287e-26 7.77668e-23 -6.34689e-21 -5.39721e-18 -6.20394e-16 -1.23104e-14 1.53274e-11 -4.37631e-10 -8.03061e-08 -1.01654e-06 2.10729e-05 0.000715389 0.00167532 -0.0252147 0.00870267 0.188471 0.704601 0.356066 -1.87482 0.107006
2.41 -0.562704 -0.56583 -8.32052e-27 6.34433e-23 -5.2437e-21 -4.51577e-18 -5.25674e-16 -1.05634e-14 1.33195e-11 -3.85136e-10 -7.15716e-08 -9.17495e-07 1.92614e-05 0.000662204 0.00157049 -0.0239373 0.0083668 0.183501 0.694739 0.355546 -1.89588 0.109583
2.42 -0.59545 -0.598586 -6.70011e-27 5.17372e-23 -4.33054e-21 -3.77678e-18 -4.45237e-16 -9.06079e-15 1.157e-11 -3.38803e-10 -6.37616e-08 -8.27767e-07 1.75986e-05 0.000612728 0.00147162 -0.0227155 0.00804068 0.17859 0.684742 0.354884 -1.91641 0.112178
2.43 -0.627889 -0.631013 -5.39312e-27 4.21742e-23 -3.57496e-21 -3.15745e-18 -3.76958e-16 -7.76879e-15 1.00463e-11 -2.97924e-10 -5.67811e-08 -7.46515e-07 1.60729e-05 0.000566722 0.00137843 -0.0215475 0.00772418 0.173741 0.674618 0.354082 -1.93638 0.114787
2.44 -0.659987 -0.663078 -4.33935e-27 3.43651e-23 -2.95004e-21 -2.63863e-18 -3.19022e-16 -6.65835e-15 8.71981e-12 -2.61873e-10 -5.05446e-08 -6.72969e-07 1.46736e-05 0.000523961 0.00129062 -0.0204313 0.00741717 0.168957 0.664379 0.35314 -1.95578 0.117411
2.45 -0.69171 -0.694745 -3.49008e-27 2.79907e-23 -2.43338e-21 -2.20418e-18 -2.69882e-16 -5.70435e-15 7.56542e-12 -2.30093e-10 -4.49751e-08 -6.06427e-07 1.33908e-05 0.000484232 0.00120792 -0.0193652 0.00711952 0.164238 0.654033 0.35206 -1.97458 0.120047
2.46 -0.723025 -0.725983 -2.8059e-27 2.27896e-23 -2.0064e-21 -1.84052e-18 -2.28221e-16 -4.88509e-15 6.56122e-12 -2.02088e-10 -4.00033e-08 -5.46245e-07 1.22152e-05 0.000447337 0.00113007 -0.0183474 0.00683108 0.159587 0.643591 0.350843 -1.99277 0.122693
2.47 -0.753901 -0.756759 -2.25494e-27 1.85475e-23 -1.65369e-21 -1.53625e-18 -1.92913e-16 -4.18182e-15 5.68804e-12 -1.77421e-10 -3.55668e-08 -4.91839e-07 1.11384e-05 0.000413087 0.00105681 -0.0173762 0.0065517 0.155006 0.633062 0.34949 -2.01032 0.125347
2.48 -0.784305 -0.787041 -1.81144e-27 1.5089e-23 -1.36243e-21 -1.28177e-18 -1.63002e-16 -3.57836e-15 4.9291e-12 -1.55702e-10 -3.16098e-08 -4.42675e-07 1.01524e-05 0.000381307 0.000987911 -0.0164498 0.00628124 0.150496 0.622456 0.348003 -2.02721 0.128007
2.49 -0.814205 -0.816797 -1.45459e-27 1.22705e-23 -1.12202e-21 -1.06901e-18 -1.37674e-16 -3.06075e-15 4.26971e-12 -1.36588e-10 -2.80817e-08 -3.98266e-07 9.25005e-06 0.000351832 0.000923131 -0.0155665 0.00601953 0.146059 0.611784 0.346384 -2.04343 0.130671
2.5 -0.843572 -0.845997 -1.16757e-27 9.97449e-24 -9.23667e-22 -8.91214e-19 -1.16235e-16 -2.61698e-15 3.69705e-12 -1.19772e-10 -2.49375e-08 -3.58169e-07 8.4245e-06 0.000324505 0.000862254 -0.0147248 0.00576642 0.141696 0.601053 0.344635 -2.05896 0.133337
2.51 -0.872375 -0.874613 -9.3681e-28 8.10485e-24 -7.60073e-22 -7.4269e-19 -9.80958e-17 -2.23665e-15 3.19991e-12 -1.04984e-10 -2.21364e-08 -3.2198e-07 7.66957e-06 0.000299181 0.00080507 -0.013923 0.00552174 0.137408 0.590275 0.342757 -2.07377 0.136004
2.52 -0.900585 -0.902615 -7.51356e-28 6.58302e-24 -6.25204e-22 -6.18671e-19 -8.27538e-17 -1.91083e-15 2.76852e-12 -9.19854e-11 -1.96421e-08 -2.89332e-07 6.97949e-06 0.000275723 0.000751378 -0.0131596 0.00528533 0.133197 0.579459 0.340754 -2.08785 0.138668
2.53 -0.928173 -0.929975 -6.02375e-28 5.34481e-24 -5.14061e-22 -5.15155e-19 -6.97834e-17 -1.63182e-15 2.39433e-12 -8.05639e-11 -1.74219e-08 -2.5989e-07 6.34896e-06 0.000254002 0.000700986 -0.0124331 0.00505702 0.129064 0.568613 0.338626 -2.10119 0.141328
2.54 -0.955113 -0.956668 -4.82741e-28 4.33775e-24 -4.22506e-22 -4.28788e-19 -5.88224e-17 -1.39299e-15 2.06988e-12 -7.05324e-11 -1.54465e-08 -2.33351e-07 5.77309e-06 0.000233899 0.000653712 -0.011742 0.00483664 0.125008 0.557747 0.336377 -2.11377 0.143981
2.55 -0.981376 -0.982667 -3.86712e-28 3.51904e-24 -3.47119e-22 -3.56758e-19 -4.95632e-17 -1.18864e-15 1.78869e-12 -6.17252e-11 -1.36896e-08 -2.09438e-07 5.24735e-06 0.000215301 0.000609382 -0.0110849 0.00462401 0.121032 0.54687 0.33401 -2.12557 0.146626
2.56 -1.00694 -1.00795 -3.09662e-28 2.85371e-24 -2.85069e-22 -2.96709e-19 -4.17448e-17 -1.01386e-15 1.54507e-12 -5.39962e-11 -1.21276e-08 -1.879e-07 4.76758e-06 0.000198103 0.000567831 -0.0104604 0.00441896 0.117135 0.53599 0.331526 -2.13659 0.149259
2.57 -1.03177 -1.03249 -2.47864e-28 2.31325e-24 -2.34017e-22 -2.46669e-19 -3.51457e-17 -8.64438e-16 1.33411e-12 -4.72161e-11 -1.07396e-08 -1.6851e-07 4.32994e-06 0.000182205 0.000528902 -0.0098671 0.00422131 0.113318 0.525117 0.32893 -2.1468 0.151879
2.58 -1.05586 -1.05626 -1.9832e-28 1.87439e-24 -1.92031e-22 -2.04986e-19 -2.95779e-17 -7.36742e-16 1.15148e-12 -4.12708e-11 -9.50666e-09 -1.5106e-07 3.93091e-06 0.000167516 0.000492445 -0.00930374 0.00403089 0.109582 0.514258 0.326223 -2.1562 0.154483
2.59 -1.07917 -1.07925 -1.58615e-28 1.51818e-24 -1.57515e-22 -1.70279e-19 -2.48823e-17 -6.27658e-16 9.93461e-13 -3.60597e-11 -8.41188e-09 -1.35363e-07 3.56722e-06 0.00015395 0.000458317 -0.00876903 0.00384752 0.105927 0.503423 0.323409 -2.16477 0.157069
2.6 -1.10168 -1.10143 -1.26809e-28 1.22918e-24 -1.29151e-22 -1.41391e-19 -2.09237e-17 -5.34512e-16 8.56783e-13 -3.1494e-11 -7.4402e-09 -1.21249e-07 3.23588e-06 0.000141426 0.000426384 -0.00826176 0.00367103 0.102352 0.492619 0.320491 -2.17251 0.159634
2.61 -1.12338 -1.12279 -1.0134e-28 9.94792e-25 -1.05852e-22 -1.17358e-19 -1.75878e-17 -4.55006e-16 7.38613e-13 -2.74954e-11 -6.57813e-09 -1.08563e-07 2.93415e-06 0.000129868 0.000396517 -0.00778071 0.00350123 0.098859 0.481854 0.317472 -2.1794 0.162176
2.62 -1.14424 -1.14331 -8.09539e-29 8.04777e-25 -8.67222e-23 -9.73703e-20 -1.47779e-17 -3.87172e-16 6.36487e-13 -2.39949e-11 -5.81362e-09 -9.71655e-08 2.65949e-06 0.000119208 0.000368595 -0.00732474 0.00333795 0.0954467 0.471136 0.314357 -2.18545 0.164693
2.63 -1.16424 -1.16297 -6.4643e-29 6.50796e-25 -7.10208e-23 -8.07547e-20 -1.2412e-17 -3.29319e-16 5.48262e-13 -2.09316e-11 -5.1359e-09 -8.69297e-08 2.40957e-06 0.000109379 0.000342502 -0.00689274 0.00318101 0.0921153 0.460472 0.311147 -2.19063 0.167182
2.64 -1.18337 -1.18176 -5.15978e-29 5.26067e-25 -5.8139e-23 -6.69476e-20 -1.04206e-17 -2.79999e-16 4.72077e-13 -1.82521e-11 -4.53538e-09 -7.77411e-08 2.18227e-06 0.00010032 0.000318129 -0.00648362 0.00303024 0.0888647 0.44987 0.307847 -2.19494 0.169641
2.65 -1.20161 -1.19966 -4.11688e-29 4.25072e-25 -4.75746e-23 -5.5479e-20 -8.74527e-18 -2.3797e-16 4.06316e-13 -1.59093e-11 -4.00347e-09 -6.94959e-08 1.97562e-06 9.19745e-05 0.000295372 -0.00609635 0.00288545 0.0856945 0.439335 0.30446 -2.19839 0.172067
2.66 -1.21895 -1.21666 -3.28345e-29 3.4333e-25 -3.89143e-23 -4.59567e-20 -7.33633e-18 -2.02168e-16 3.49576e-13 -1.38616e-11 -3.53253e-09 -6.21004e-08 1.78782e-06 8.42896e-05 0.000274133 -0.00572991 0.00274649 0.0826044 0.428876 0.300989 -2.20096 0.174458
2.67 -1.23537 -1.23275 -2.6177e-29 2.77195e-25 -3.18178e-23 -3.80536e-20 -6.15193e-18 -1.71685e-16 3.00639e-13 -1.20727e-11 -3.11574e-09 -5.54697e-08 1.61723e-06 7.72159e-05 0.00025432 -0.00538335 0.00261318 0.0795938 0.418499 0.29744 -2.20265 0.176811
2.68 -1.25086 -1.24792 -2.0861e-29 2.23711e-25 -2.6005e-23 -3.14969e-20 -5.15667e-18 -1.45739e-16 2.5845e-13 -1.05104e-11 -2.74703e-09 -4.95271e-08 1.46233e-06 7.07076e-05 0.000235844 -0.00505573 0.00248534 0.0766623 0.408209 0.293815 -2.20346 0.179125
2.69 -1.2654 -1.26216 -1.66179e-29 1.80474e-25 -2.12456e-23 -2.60595e-20 -4.3207e-18 -1.23665e-16 2.22092e-13 -9.14665e-12 -2.42098e-09 -4.42035e-08 1.32173e-06 6.4722e-05 0.000218623 -0.00474614 0.00236281 0.0738092 0.398013 0.290117 -2.20339 0.181396
2.7 -1.27899 -1.27546 -1.32326e-29 1.45535e-25 -1.73504e-23 -2.15522e-20 -3.61881e-18 -1.04892e-16 1.90772e-13 -7.95665e-12 -2.13278e-09 -3.94364e-08 1.19418e-06 5.92193e-05 0.000202579 -0.00445373 0.00224542 0.0710339 0.387916 0.286352 -2.20244 0.183623
2.71 -1.29162 -1.28783 -1.05326e-29 1.17313e-25 -1.41636e-23 -1.78174e-20 -3.02972e-18 -8.89336e-17 1.63804e-13 -6.91871e-12 -1.87813e-09 -3.51693e-08 1.07851e-06 5.41629e-05 0.000187637 -0.00417767 0.00213301 0.0683356 0.377925 0.282523 -2.20061 0.185802
2.72 -1.30328 -1.29925 -8.38027e-30 9.45265e-26 -1.15576e-23 -1.47238e-20 -2.53552e-18 -7.53729e-17 1.40591e-13 -6.01376e-12 -1.65323e-09 -3.13514e-08 9.73645e-07 4.95183e-05 0.000173727 -0.00391715 0.00202542 0.0657135 0.368043 0.278633 -2.1979 0.187932
2.73 -1.31397 -1.30972 -6.66507e-30 7.61353e-26 -9.42725e-24 -1.21626e-20 -2.12108e-18 -6.38544e-17 1.2062e-13 -5.22509e-12 -1.45467e-09 -2.79367e-08 8.78629e-07 4.5254e-05 0.000160785 -0.0036714 0.00192249 0.0631668 0.358276 0.274687 -2.19432 0.190011
2.74 -1.32367 -1.31924 -5.2988e-30 6.12978e-26 -7.68652e-24 -1.00428e-20 -1.77367e-18 -5.40746e-17 1.03445e-13 -4.53803e-12 -1.27946e-09 -2.4884e-08 7.92568e-07 4.13403e-05 0.000148747 -0.0034397 0.00182405 0.0606944 0.34863 0.270689 -2.18987 0.192036
2.75 -1.33239 -1.32782 -4.21091e-30 4.93321e-26 -6.2647e-24 -8.28919e-21 -1.48257e-18 -4.57743e-17 8.86793e-14 -3.93974e-12 -1.12489e-09 -2.2156e-08 7.14651e-07 3.775e-05 0.000137555 -0.00322133 0.00172997 0.0582955 0.339107 0.266642 -2.18455 0.194005
2.76 -1.34012 -1.33544 -3.34504e-30 3.96863e-26 -5.10384e-24 -6.83904e-21 -1.23875e-18 -3.87325e-17 7.59911e-14 -3.41895e-12 -9.88606e-10 -1.97192e-08 6.44136e-07 3.44577e-05 0.000127155 -0.00301562 0.00164008 0.0559691 0.329712 0.262551 -2.17837 0.195915
2.77 -1.34686 -1.34211 -2.65616e-30 3.19138e-26 -4.15643e-24 -5.64033e-21 -1.03461e-18 -3.2761e-17 6.50923e-14 -2.96583e-12 -8.68483e-10 -1.75434e-08 5.80347e-07 3.144e-05 0.000117493 -0.00282192 0.00155424 0.053714 0.32045 0.258419 -2.17134 0.197766
2.78 -1.35261 -1.34785 -2.1083e-30 2.56532e-26 -3.38353e-24 -4.64986e-21 -8.63773e-19 -2.7699e-17 5.57343e-14 -2.57172e-12 -7.62651e-10 -1.56014e-08 5.22665e-07 2.8675e-05 0.000108523 -0.0026396 0.00147231 0.0515291 0.311323 0.25425 -2.16347 0.199554
2.79 -1.35738 -1.35264 -1.67277e-30 2.06126e-26 -2.75325e-24 -3.83179e-21 -7.20854e-19 -2.34098e-17 4.77025e-14 -2.2291e-12 -6.69448e-10 -1.38689e-08 4.70529e-07 2.61428e-05 0.000100197 -0.00246807 0.00139413 0.0494133 0.302335 0.250048 -2.15477 0.201277
2.8 -1.36116 -1.3565 -1.32668e-30 1.65557e-26 -2.23949e-24 -3.15638e-21 -6.01341e-19 -1.97768e-17 4.08119e-14 -1.93135e-12 -5.874e-10 -1.23238e-08 4.23424e-07 2.38247e-05 9.24732e-05 -0.00230677 0.00131958 0.0473655 0.293489 0.245818 -2.14524 0.202934
2.81 -1.36397 -1.35944 -1.05178e-30 1.3292e-26 -1.82086e-24 -2.59898e-21 -5.01443e-19 -1.6701e-17 3.49027e-14 -1.6727e-12 -5.15202e-10 -1.09465e-08 3.80882e-07 2.17034e-05 8.53105e-05 -0.00215515 0.00124852 0.0453844 0.284789 0.241562 -2.1349 0.204523
2.82 -1.3658 -1.36146 -8.33501e-31 1.06674e-26 -1.4799e-24 -2.13917e-21 -4.17972e-19 -1.40979e-17 2.98371e-14 -1.44811e-12 -4.51697e-10 -9.71916e-09 3.42477e-07 1.97631e-05 7.86712e-05 -0.00201268 0.00118081 0.0434687 0.276235 0.237286 -2.12376 0.206042
2.83 -1.36666 -1.36258 -6.60261e-31 8.55767e-27 -1.2023e-24 -1.75999e-21 -3.48257e-19 -1.18958e-17 2.54965e-14 -1.25318e-12 -3.95861e-10 -8.62602e-09 3.07822e-07 1.79891e-05 7.25195e-05 -0.00187889 0.00111632 0.0416173 0.267831 0.232991 -2.11183 0.20749
2.84 -1.36657 -1.36279 -5.22819e-31 6.86242e-27 -9.76382e-25 -1.44745e-21 -2.90054e-19 -1.00336e-17 2.17787e-14 -1.08405e-12 -3.46789e-10 -7.65277e-09 2.76562e-07 1.63677e-05 6.68221e-05 -0.00175328 0.00105494 0.0398287 0.259579 0.228683 -2.09913 0.208864
2.85 -1.36552 -1.36213 -4.13822e-31 5.50079e-27 -7.92599e-25 -1.18994e-21 -2.41482e-19 -8.45959e-18 1.85955e-14 -9.37371e-13 -3.03678e-10 -6.78661e-09 2.48378e-07 1.48866e-05 6.15478e-05 -0.00163542 0.000996531 0.0381018 0.251481 0.224365 -2.08568 0.210163
2.86 -1.36354 -1.36059 -3.27417e-31 4.40757e-27 -6.43152e-25 -9.77844e-22 -2.00963e-19 -7.12963e-18 1.58713e-14 -8.10216e-13 -2.65821e-10 -6.01608e-09 2.22977e-07 1.3534e-05 5.6667e-05 -0.00152487 0.00094098 0.0364352 0.243538 0.220041 -2.07148 0.211385
2.87 -1.36063 -1.3582 -2.5895e-31 3.5302e-27 -5.21675e-25 -8.03233e-22 -1.67176e-19 -6.00635e-18 1.35407e-14 -7.00029e-13 -2.32589e-10 -5.3309e-09 2.00093e-07 1.22994e-05 5.21525e-05 -0.00142123 0.000888171 0.0348276 0.235752 0.215713 -2.05655 0.21253
2.88 -1.3568 -1.35496 -2.04718e-31 2.82635e-27 -4.22972e-25 -6.59538e-22 -1.39014e-19 -5.05802e-18 1.15477e-14 -6.04585e-13 -2.03431e-10 -4.72187e-09 1.79486e-07 1.1173e-05 4.79784e-05 -0.0013241 0.00083799 0.0332776 0.228123 0.211386 -2.04092 0.213595
2.89 -1.35208 -1.3509 -1.6178e-31 2.26193e-27 -3.42808e-25 -5.41333e-22 -1.1555e-19 -4.25771e-18 9.84417e-15 -5.21946e-13 -1.77857e-10 -4.18074e-09 1.60937e-07 1.01457e-05 4.41207e-05 -0.00123311 0.000790328 0.0317838 0.220653 0.207063 -2.02459 0.21458
2.9 -1.34647 -1.34603 -1.27796e-31 1.8095e-27 -2.77726e-25 -4.44135e-22 -9.60075e-20 -3.58261e-18 8.38856e-15 -4.50422e-13 -1.55436e-10 -3.70015e-09 1.44248e-07 9.20913e-06 4.0557e-05 -0.00114792 0.000745079 0.030345 0.213342 0.202747 -2.00759 0.215483
2.91 -1.33999 -1.34036 -1.00911e-31 1.44698e-27 -2.24909e-25 -3.64244e-22 -7.97385e-20 -3.01334e-18 7.14533e-15 -3.88544e-13 -1.35787e-10 -3.27349e-09 1.29237e-07 8.35569e-06 3.72662e-05 -0.00106819 0.00070214 0.0289597 0.20619 0.198442 -1.98994 0.216303
2.92 -1.33266 -1.33393 -7.96495e-32 1.15663e-27 -1.82064e-25 -2.98604e-22 -6.61999e-20 -2.53351e-18 6.08391e-15 -3.35032e-13 -1.18574e-10 -2.89487e-09 1.15742e-07 7.57831e-06 3.42288e-05 -0.000993595 0.00066141 0.0276266 0.199199 0.19415 -1.97165 0.21704
2.93 -1.32449 -1.32674 -6.28427e-32 9.24173e-28 -1.47322e-25 -2.44695e-22 -5.4938e-20 -2.12924e-18 5.1781e-15 -2.88775e-13 -1.03502e-10 -2.55902e-09 1.03615e-07 6.8705e-06 3.14263e-05 -0.000923841 0.000622795 0.0263443 0.192368 0.189876 -1.95275 0.217692
2.94 -1.31552 -1.31881 -4.95625e-32 7.38138e-28 -1.19162e-25 -2.00439e-22 -4.55737e-20 -1.78876e-18 4.40538e-15 -2.48805e-13 -9.03095e-11 -2.26123e-09 9.27209e-08 6.22632e-06 2.88418e-05 -0.000858641 0.000586199 0.0251115 0.185697 0.185621 -1.93326 0.218259
2.95 -1.30575 -1.31017 -3.90731e-32 5.89316e-28 -9.63463e-26 -1.64121e-22 -3.77905e-20 -1.50212e-18 3.74648e-15 -2.14281e-13 -7.87671e-11 -1.9973e-09 8.29394e-08 5.64027e-06 2.64592e-05 -0.000797723 0.000551533 0.0239268 0.179185 0.181389 -1.9132 0.21874
2.96 -1.29521 -1.30084 -3.07914e-32 4.70311e-28 -7.78678e-26 -1.3433e-22 -3.1324e-20 -1.26092e-18 3.18485e-15 -1.84474e-13 -6.86725e-11 -1.76346e-09 7.41601e-08 5.10734e-06 2.42637e-05 -0.00074083 0.000518709 0.0227889 0.172833 0.177183 -1.89259 0.219134
2.97 -1.28392 -1.29084 -2.42553e-32 3.75187e-28 -6.29081e-26 -1.09902e-22 -2.59536e-20 -1.05802e-18 2.70633e-15 -1.5875e-13 -5.98476e-11 -1.55638e-09 6.62835e-08 4.62292e-06 2.22415e-05 -0.00068772 0.000487644 0.0216964 0.166639 0.173004 -1.87145 0.219441
2.98 -1.27191 -1.2802 -1.9099e-32 2.99183e-28 -5.08021e-26 -8.9881e-23 -2.14953e-20 -8.87412e-19 2.29879e-15 -1.36558e-13 -5.21359e-11 -1.37307e-09 5.92199e-08 4.18277e-06 2.03797e-05 -0.000638162 0.000458256 0.020648 0.160603 0.168857 -1.84981 0.21966
2.99 -1.2592 -1.26892 -1.50328e-32 2.38481e-28 -4.10094e-26 -7.34777e-23 -1.77958e-20 -7.44019e-19 1.95184e-15 -1.17422e-13 -4.53997e-11 -1.21086e-09 5.28878e-08 3.78302e-06 1.86663e-05 -0.000591939 0.000430466 0.0196425 0.154724 0.164744 -1.82769 0.219792
3 -1.24582 -1.25705 -1.18276e-32 1.90018e-28 -3.30911e-26 -6.00439e-23 -1.47271e-20 -6.23547e-19 1.65659e-15 -1.00927e-13 -3.95181e-11 -1.06739e-09 4.72139e-08 3.4201e-06 1.70901e-05 -0.000548844 0.000404201 0.0186784 0.149 0.160666 -1.80511 0.219836
