x f v h0 h1 h2 h3 h4 h5 h6 h7 h8 h9 h10 h11 h12 h13 h14 h15 h16
0 2.60979e-06 2.60979e-06 2.60979e-06 0 0 0 0 0 0 0 0 -0 -0 -0 -0 -0 -0 -0 -0
0.000625 2.72369e-06 3.90357e-06 2.5837e-06 1.31988e-06 0 0 0 0 0 0 0 -0 -0 -0 -0 -0 -0 -0 -0
0.00125 2.84235e-06 5.19735e-06 2.5576e-06 2.63975e-06 0 0 0 0 0 0 0 -0 -0 -0 -0 -0 -0 -0 -0
0.001875 2.96597e-06 6.49113e-06 2.5315e-06 3.95963e-06 0 0 0 0 0 0 0 -0 -0 -0 -0 -0 -0 -0 -0
0.0025 3.09476e-06 7.78491e-06 2.5054e-06 5.27951e-06 0 0 0 0 0 0 0 -0 -0 -0 -0 -0 -0 -0 -0
0.003125 3.2289e-06 9.07869e-06 2.47931e-06 6.59939e-06 0 0 0 0 0 0 0 -0 -0 -0 -0 -0 -0 -0 -0
0.00375 3.36863e-06 1.03725e-05 2.45321e-06 7.91926e-06 0 0 0 0 0 0 0 -0 -0 -0 -0 -0 -0 -0 -0
0.004375 3.51415e-06 1.16663e-05 2.42711e-06 9.23914e-06 0 0 0 0 0 0 0 -0 -0 -0 -0 -0 -0 -0 -0
0.005 3.66571e-06 1.296e-05 2.40101e-06 1.0559e-05 0 0 0 0 0 0 0 -0 -0 -0 -0 -0 -0 -0 -0
0.005625 3.82353e-06 1.42538e-05 2.37491e-06 1.18789e-05 0 0 0 0 0 0 0 -0 -0 -0 -0 -0 -0 -0 -0
0.00625 3.98786e-06 1.55476e-05 2.34882e-06 1.31988e-05 0 0 0 0 0 0 0 -0 -0 -0 -0 -0 -0 -0 -0
0.006875 4.15897e-06 1.68414e-05 2.32272e-06 1.45186e-05 0 0 0 0 0 0 0 -0 -0 -0 -0 -0 -0 -0 -0
0.0075 4.33711e-06 1.81351e-05 2.29662e-06 1.58385e-05 0 0 0 0 0 0 0 -0 -0 -0 -0 -0 -0 -0 -0
0.008125 4.52257e-06 1.94289e-05 2.27052e-06 1.71584e-05 0 0 0 0 0 0 0 -0 -0 -0 -0 -0 -0 -0 -0
0.00875 4.71562e-06 2.07227e-05 2.24442e-06 1.84783e-05 0 0 0 0 0 0 0 -0 -0 -0 -0 -0 -0 -0 -0
0.009375 4.91657e-06 2.20165e-05 2.21833e-06 1.97982e-05 0 0 0 0 0 0 0 -0 -0 -0 -0 -0 -0 -0 -0
0.01 5.12572e-06 2.33103e-05 2.19223e-06 2.1118e-05 0 0 0 0 0 0 0 -0 -0 -0 -0 -0 -0 -0 -0
0.010625 5.3434e-06 2.4604e-05 2.16613e-06 2.24379e-05 0 0 0 0 0 0 0 -0 -0 -0 -0 -0 -0 -0 -0
0.01125 5.56992e-06 2.58978e-05 2.14003e-06 2.37578e-05 0 0 0 0 0 0 0 -0 -0 -0 -0 -0 -0 -0 -0
0.011875 5.80564e-06 2.71916e-05 2.11393e-06 2.50777e-05 0 0 0 0 0 0 0 -0 -0 -0 -0 -0 -0 -0 -0
0.0125 6.05091e-06 2.84854e-05 2.08784e-06 2.63975e-05 0 0 0 0 0 0 0 -0 -0 -0 -0 -0 -0 -0 -0
0.013125 6.3061e-06 2.97792e-05 2.06174e-06 2.77174e-05 0 0 0 0 0 0 0 -0 -0 -0 -0 -0 -0 -0 -0
0.01375 6.57159e-06 3.10729e-05 2.03564e-06 2.90373e-05 0 0 0 0 0 0 0 -0 -0 -0 -0 -0 -0 -0 -0
0.014375 6.84778e-06 3.23667e-05 2.00954e-06 3.03572e-05 0 0 0 0 0 0 0 -0 -0 -0 -0 -0 -0 -0 -0
0.015 7.13507e-06 3.36605e-05 1.98344e-06 3.16771e-05 0 0 0 0 0 0 0 -0 -0 -0 -0 -0 -0 -0 -0
0.015625 7.43389e-06 3.49543e-05 1.95735e-06 3.29969e-05 0 0 0 0 0 0 0 -0 -0 -0 -0 -0 -0 -0 -0
0.01625 7.74468e-06 3.62481e-05 1.93125e-06 3.43168e-05 0 0 0 0 0 0 0 -0 -0 -0 -0 -0 -0 -0 -0
0.016875 8.0679e-06 3.75418e-05 1.90515e-06 3.56367e-05 0 0 0 0 0 0 0 -0 -0 -0 -0 -0 -0 -0 -0
0.0175 8.40401e-06 3.88356e-05 1.87905e-06 3.69566e-05 0 0 0 0 0 0 0 -0 -0 -0 -0 -0 -0 -0 -0
0.018125 8.75351e-06 4.01294e-05 1.85295e-06 3.82764e-05 0 0 0 0 0 0 0 -0 -0 -0 -0 -0 -0 -0 -0
0.01875 9.11691e-06 4.14232e-05 1.82686e-06 3.95963e-05 0 0 0 0 0 0 0 -0 -0 -0 -0 -0 -0 -0 -0
0.019375 9.49473e-06 4.2717e-05 1.80076e-06 4.09162e-05 0 0 0 0 0 0 0 -0 -0 -0 -0 -0 -0 -0 -0
0.02 9.8875e-06 4.40107e-05 1.77466e-06 4.22361e-05 0 0 0 0 0 0 0 -0 -0 -0 -0 -0 -0 -0 -0
0.020625 1.02958e-05 4.53045e-05 1.74856e-06 4.35559e-05 0 0 0 0 0 0 0 -0 -0 -0 -0 -0 -0 -0 -0
0.02125 1.07202e-05 4.65983e-05 1.72246e-06 4.48758e-05 0 0 0 0 0 0 0 -0 -0 -0 -0 -0 -0 -0 -0
0.021875 1.11613e-05 4.78921e-05 1.69637e-06 4.61957e-05 0 0 0 0 0 0 0 -0 -0 -0 -0 -0 -0 -0 -0
0.0225 1.16198e-05 4.91859e-05 1.67027e-06 4.75156e-05 0 0 0 0 0 0 0 -0 -0 -0 -0 -0 -0 -0 -0
0.023125 1.20962e-05 5.04796e-05 1.64417e-06 4.88355e-05 0 0 0 0 0 0 0 -0 -0 -0 -0 -0 -0 -0 -0
0.02375 1.25913e-05 5.17734e-05 1.61807e-06 5.01553e-05 0 0 0 0 0 0 0 -0 -0 -0 -0 -0 -0 -0 -0
0.024375 1.31057e-05 5.30672e-05 1.59197e-06 5.14752e-05 0 0 0 0 0 0 0 -0 -0 -0 -0 -0 -0 -0 -0
0.025 1.36402e-05 5.4361e-05 1.56588e-06 5.27951e-05 0 0 0 0 0 0 0 -0 -0 -0 -0 -0 -0 -0 -0
0.025625 1.41955e-05 5.56547e-05 1.53978e-06 5.4115e-05 0 0 0 0 0 0 0 -0 -0 -0 -0 -0 -0 -0 -0
0.02625 1.47723e-05 5.69485e-05 1.51368e-06 5.54348e-05 0 0 0 0 0 0 0 -0 -0 -0 -0 -0 -0 -0 -0
0.026875 1.53715e-05 5.82423e-05 1.48758e-06 5.67547e-05 0 0 0 0 0 0 0 -0 -0 -0 -0 -0 -0 -0 -0
0.0275 1.59939e-05 5.95361e-05 1.46149e-06 5.80746e-05 0 0 0 0 0 0 0 -0 -0 -0 -0 -0 -0 -0 -0
0.028125 1.66403e-05 6.08299e-05 1.43539e-06 5.93945e-05 0 0 0 0 0 0 0 -0 -0 -0 -0 -0 -0 -0 -0
0.02875 1.73117e-05 6.21236e-05 1.40929e-06 6.07144e-05 0 0 0 0 0 0 0 -0 -0 -0 -0 -0 -0 -0 -0
0.029375 1.80088e-05 6.34174e-05 1.38319e-06 6.20342e-05 0 0 0 0 0 0 0 -0 -0 -0 -0 -0 -0 -0 -0
0.03 1.87327e-05 6.47112e-05 1.35709e-06 6.33541e-05 0 0 0 0 0 0 0 -0 -0 -0 -0 -0 -0 -0 -0
0.030625 1.94843e-05 6.6005e-05 1.331e-06 6.4674e-05 0 0 0 0 0 0 0 -0 -0 -0 -0 -0 -0 -0 -0
0.03125 2.02647e-05 6.72988e-05 1.3049e-06 6.59939e-05 0 0 0 0 0 0 0 -0 -0 -0 -0 -0 -0 -0 -0
0.031875 2.10748e-05 6.85925e-05 1.2788e-06 6.73137e-05 0 0 0 0 0 0 0 -0 -0 -0 -0 -0 -0 -0 -0
0.0325 2.19158e-05 6.98863e-05 1.2527e-06 6.86336e-05 0 0 0 0 0 0 0 -0 -0 -0 -0 -0 -0 -0 -0
0.033125 2.27888e-05 7.11801e-05 1.2266e-06 6.99535e-05 0 0 0 0 0 0 0 -0 -0 -0 -0 -0 -0 -0 -0
0.03375 2.36948e-05 7.24739e-05 1.20051e-06 7.12734e-05 0 0 0 0 0 0 0 -0 -0 -0 -0 -0 -0 -0 -0
0.034375 2.46351e-05 7.37677e-05 1.17441e-06 7.25932e-05 0 0 0 0 0 0 0 -0 -0 -0 -0 -0 -0 -0 -0
0.035 2.5611e-05 7.50614e-05 1.14831e-06 7.39131e-05 0 0 0 0 0 0 0 -0 -0 -0 -0 -0 -0 -0 -0
0.035625 2.66236e-05 7.63552e-05 1.12221e-06 7.5233e-05 0 0 0 0 0 0 0 -0 -0 -0 -0 -0 -0 -0 -0
0.03625 2.76743e-05 7.7649e-05 1.09611e-06 7.65529e-05 0 0 0 0 0 0 0 -0 -0 -0 -0 -0 -0 -0 -0
0.036875 2.87645e-05 7.89428e-05 1.07002e-06 7.78728e-05 0 0 0 0 0 0 0 -0 -0 -0 -0 -0 -0 -0 -0
0.0375 2.98955e-05 8.02366e-05 1.04392e-06 7.91926e-05 0 0 0 0 0 0 0 -0 -0 -0 -0 -0 -0 -0 -0
0.038125 3.10688e-05 8.15303e-05 1.01782e-06 8.05125e-05 0 0 0 0 0 0 0 -0 -0 -0 -0 -0 -0 -0 -0
0.03875 3.22859e-05 8.28241e-05 9.91722e-07 8.18324e-05 0 0 0 0 0 0 0 -0 -0 -0 -0 -0 -0 -0 -0
0.039375 3.35483e-05 8.41179e-05 9.65624e-07 8.31523e-05 0 0 0 0 0 0 0 -0 -0 -0 -0 -0 -0 -0 -0
0.04 3.48576e-05 8.54117e-05 9.39526e-07 8.44721e-05 0 0 0 0 0 0 0 -0 -0 -0 -0 -0 -0 -0 -0
0.040625 3.62155e-05 8.67055e-05 9.13428e-07 8.5792e-05 0 0 0 0 0 0 0 -0 -0 -0 -0 -0 -0 -0 -0
0.04125 3.76236e-05 8.79992e-05 8.8733e-07 8.71119e-05 0 0 0 0 0 0 0 -0 -0 -0 -0 -0 -0 -0 -0
0.041875 3.90837e-05 8.9293e-05 8.61232e-07 8.84318e-05 0 0 0 0 0 0 0 -0 -0 -0 -0 -0 -0 -0 -0
0.0425 4.05976e-05 9.05868e-05 8.35134e-07 8.97517e-05 0 0 0 0 0 0 0 -0 -0 -0 -0 -0 -0 -0 -0
0.043125 4.21672e-05 9.18806e-05 8.09036e-07 9.10715e-05 0 0 0 0 0 0 0 -0 -0 -0 -0 -0 -0 -0 -0
0.04375 4.37944e-05 9.31743e-05 7.82938e-07 9.23914e-05 0 0 0 0 0 0 0 -0 -0 -0 -0 -0 -0 -0 -0
0.044375 4.54812e-05 9.44681e-05 7.56841e-07 9.37113e-05 0 0 0 0 0 0 0 -0 -0 -0 -0 -0 -0 -0 -0
0.045 4.72296e-05 9.57619e-05 7.30743e-07 9.50312e-05 0 0 0 0 0 0 0 -0 -0 -0 -0 -0 -0 -0 -0
0.045625 4.90418e-05 9.70557e-05 7.04645e-07 9.6351e-05 0 0 0 0 0 0 0 -0 -0 -0 -0 -0 -0 -0 -0
0.04625 5.092e-05 9.83495e-05 6.78547e-07 9.76709e-05 0 0 0 0 0 0 0 -0 -0 -0 -0 -0 -0 -0 -0
0.046875 5.28664e-05 9.96432e-05 6.52449e-07 9.89908e-05 0 0 0 0 0 0 0 -0 -0 -0 -0 -0 -0 -0 -0
0.0475 5.48833e-05 0.000100937 6.26351e-07 0.000100311 0 0 0 0 0 0 0 -0 -0 -0 -0 -0 -0 -0 -0
0.048125 5.69732e-05 0.000102231 6.00253e-07 0.000101631 0 0 0 0 0 0 0 -0 -0 -0 -0 -0 -0 -0 -0
0.04875 5.91384e-05 0.000103525 5.74155e-07 0.00010295 0 0 0 0 0 0 0 -0 -0 -0 -0 -0 -0 -0 -0
0.049375 6.13817e-05 0.000104818 5.48057e-07 0.00010427 0 0 0 0 0 0 0 -0 -0 -0 -0 -0 -0 -0 -0
0.05 6.37055e-05 0.000106112 5.21959e-07 0.00010559 0 0 0 0 0 0 0 -0 -0 -0 -0 -0 -0 -0 -0
0.050625 6.61127e-05 0.000107406 4.95861e-07 0.00010691 0 0 0 0 0 0 0 -0 -0 -0 -0 -0 -0 -0 -0
0.05125 6.86061e-05 0.0001087 4.69763e-07 0.00010823 0 0 0 0 0 0 0 -0 -0 -0 -0 -0 -0 -0 -0
0.051875 7.11884e-05 0.000109993 4.43665e-07 0.00010955 0 0 0 0 0 0 0 -0 -0 -0 -0 -0 -0 -0 -0
0.0525 7.38628e-05 0.000111287 4.17567e-07 0.00011087 0 0 0 0 0 0 0 -0 -0 -0 -0 -0 -0 -0 -0
0.053125 7.66322e-05 0.000112581 3.91469e-07 0.00011219 0 0 0 0 0 0 0 -0 -0 -0 -0 -0 -0 -0 -0
0.05375 7.94999e-05 0.000113875 3.65371e-07 0.000113509 0 0 0 0 0 0 0 -0 -0 -0 -0 -0 -0 -0 -0
0.054375 8.24691e-05 0.000115169 3.39273e-07 0.000114829 0 0 0 0 0 0 0 -0 -0 -0 -0 -0 -0 -0 -0
0.055 8.55432e-05 0.000116462 3.13175e-07 0.000116149 0 0 0 0 0 0 0 -0 -0 -0 -0 -0 -0 -0 -0
0.055625 8.87256e-05 0.000117756 2.87077e-07 0.000117469 0 0 0 0 0 0 0 -0 -0 -0 -0 -0 -0 -0 -0
0.05625 9.202e-05 0.00011905 2.60979e-07 0.000118789 0 0 0 0 0 0 0 -0 -0 -0 -0 -0 -0 -0 -0
0.056875 9.543e-05 0.000120344 2.34882e-07 0.000120109 0 0 0 0 0 0 0 -0 -0 -0 -0 -0 -0 -0 -0
0.0575 9.89593e-05 0.000121637 2.08784e-07 0.000121429 0 0 0 0 0 0 0 -0 -0 -0 -0 -0 -0 -0 -0
0.058125 0.000102612 0.000122931 1.82686e-07 0.000122749 0 0 0 0 0 0 0 -0 -0 -0 -0 -0 -0 -0 -0
0.05875 0.000106392 0.000124225 1.56588e-07 0.000124068 0 0 0 0 0 0 0 -0 -0 -0 -0 -0 -0 -0 -0
0.059375 0.000110304 0.000125519 1.3049e-07 0.000125388 0 0 0 0 0 0 0 -0 -0 -0 -0 -0 -0 -0 -0
0.06 0.000114351 0.000126813 1.04392e-07 0.000126708 0 0 0 0 0 0 0 -0 -0 -0 -0 -0 -0 -0 -0
0.060625 0.000118538 0.000128106 7.82938e-08 0.000128028 0 0 0 0 0 0 0 -0 -0 -0 -0 -0 -0 -0 -0
0.06125 0.00012287 0.0001294 5.21959e-08 0.000129348 0 0 0 0 0 0 0 -0 -0 -0 -0 -0 -0 -0 -0
0.061875 0.000127352 0.000130694 2.60979e-08 0.000130668 0 0 0 0 0 0 0 -0 -0 -0 -0 -0 -0 -0 -0
0.0625 0.000131988 0.000131988 0 0.000131988 0 0 0 0 0 0 0 -0 -0 -0 -0 -0 -0 -0 -0
0.063125 0.000136783 0.000163712 0 0.000130668 3.30443e-05 0 0 0 0 0 0 -0 -0 -0 -0 -0 -0 -0 -0
0.06375 0.000141742 0.000195437 0 0.000129348 6.60887e-05 0 0 0 0 0 0 -0 -0 -0 -0 -0 -0 -0 -0
0.064375 0.00014687 0.000227161 0 0.000128028 9.9133e-05 0 0 0 0 0 0 -0 -0 -0 -0 -0 -0 -0 -0
0.065 0.000152174 0.000258886 0 0.000126708 0.000132177 0 0 0 0 0 0 -0 -0 -0 -0 -0 -0 -0 -0
0.065625 0.000157657 0.00029061 0 0.000125388 0.000165222 0 0 0 0 0 0 -0 -0 -0 -0 -0 -0 -0 -0
0.06625 0.000163327 0.000322335 0 0.000124068 0.000198266 0 0 0 0 0 0 -0 -0 -0 -0 -0 -0 -0 -0
0.066875 0.000169189 0.000354059 0 0.000122749 0.00023131 0 0 0 0 0 0 -0 -0 -0 -0 -0 -0 -0 -0
0.0675 0.000175249 0.000385783 0 0.000121429 0.000264355 0 0 0 0 0 0 -0 -0 -0 -0 -0 -0 -0 -0
0.068125 0.000181513 0.000417508 0 0.000120109 0.000297399 0 0 0 0 0 0 -0 -0 -0 -0 -0 -0 -0 -0
0.06875 0.000187988 0.000449232 0 0.000118789 0.000330443 0 0 0 0 0 0 -0 -0 -0 -0 -0 -0 -0 -0
0.069375 0.000194681 0.000480957 0 0.000117469 0.000363488 0 0 0 0 0 0 -0 -0 -0 -0 -0 -0 -0 -0
0.07 0.000201597 0.000512681 0 0.000116149 0.000396532 0 0 0 0 0 0 -0 -0 -0 -0 -0 -0 -0 -0
0.070625 0.000208745 0.000544406 0 0.000114829 0.000429577 0 0 0 0 0 0 -0 -0 -0 -0 -0 -0 -0 -0
0.07125 0.00021613 0.00057613 0 0.000113509 0.000462621 0 0 0 0 0 0 -0 -0 -0 -0 -0 -0 -0 -0
0.071875 0.000223761 0.000607855 0 0.00011219 0.000495665 0 0 0 0 0 0 -0 -0 -0 -0 -0 -0 -0 -0
0.0725 0.000231646 0.000639579 0 0.00011087 0.00052871 0 0 0 0 0 0 -0 -0 -0 -0 -0 -0 -0 -0
0.073125 0.000239791 0.000671304 0 0.00010955 0.000561754 0 0 0 0 0 0 -0 -0 -0 -0 -0 -0 -0 -0
0.07375 0.000248205 0.000703028 0 0.00010823 0.000594798 0 0 0 0 0 0 -0 -0 -0 -0 -0 -0 -0 -0
0.074375 0.000256897 0.000734753 0 0.00010691 0.000627843 0 0 0 0 0 0 -0 -0 -0 -0 -0 -0 -0 -0
0.075 0.000265874 0.000766477 0 0.00010559 0.000660887 0 0 0 0 0 0 -0 -0 -0 -0 -0 -0 -0 -0
0.075625 0.000275145 0.000798202 0 0.00010427 0.000693931 0 0 0 0 0 0 -0 -0 -0 -0 -0 -0 -0 -0
0.07625 0.00028472 0.000829926 0 0.00010295 0.000726976 0 0 0 0 0 0 -0 -0 -0 -0 -0 -0 -0 -0
0.076875 0.000294607 0.000861651 0 0.000101631 0.00076002 0 0 0 0 0 0 -0 -0 -0 -0 -0 -0 -0 -0
0.0775 0.000304816 0.000893375 0 0.000100311 0.000793064 0 0 0 0 0 0 -0 -0 -0 -0 -0 -0 -0 -0
0.078125 0.000315357 0.000925099 0 9.89908e-05 0.000826109 0 0 0 0 0 0 -0 -0 -0 -0 -0 -0 -0 -0
0.07875 0.000326239 0.000956824 0 9.76709e-05 0.000859153 0 0 0 0 0 0 -0 -0 -0 -0 -0 -0 -0 -0
0.079375 0.000337473 0.000988548 0 9.6351e-05 0.000892197 0 0 0 0 0 0 -0 -0 -0 -0 -0 -0 -0 -0
0.08 0.00034907 0.00102027 0 9.50312e-05 0.000925242 0 0 0 0 0 0 -0 -0 -0 -0 -0 -0 -0 -0
0.080625 0.000361039 0.001052 0 9.37113e-05 0.000958286 0 0 0 0 0 0 -0 -0 -0 -0 -0 -0 -0 -0
0.08125 0.000373393 0.00108372 0 9.23914e-05 0.00099133 0 0 0 0 0 0 -0 -0 -0 -0 -0 -0 -0 -0
0.081875 0.000386142 0.00111545 0 9.10715e-05 0.00102437 0 0 0 0 0 0 -0 -0 -0 -0 -0 -0 -0 -0
0.0825 0.000399298 0.00114717 0 8.97517e-05 0.00105742 0 0 0 0 0 0 -0 -0 -0 -0 -0 -0 -0 -0
0.083125 0.000412874 0.0011789 0 8.84318e-05 0.00109046 0 0 0 0 0 0 -0 -0 -0 -0 -0 -0 -0 -0
0.08375 0.000426881 0.00121062 0 8.71119e-05 0.00112351 0 0 0 0 0 0 -0 -0 -0 -0 -0 -0 -0 -0
0.084375 0.000441333 0.00124234 0 8.5792e-05 0.00115655 0 0 0 0 0 0 -0 -0 -0 -0 -0 -0 -0 -0
0.085 0.000456241 0.00127407 0 8.44721e-05 0.0011896 0 0 0 0 0 0 -0 -0 -0 -0 -0 -0 -0 -0
0.085625 0.00047162 0.00130579 0 8.31523e-05 0.00122264 0 0 0 0 0 0 -0 -0 -0 -0 -0 -0 -0 -0
0.08625 0.000487483 0.00133752 0 8.18324e-05 0.00125569 0 0 0 0 0 0 -0 -0 -0 -0 -0 -0 -0 -0
0.086875 0.000503844 0.00136924 0 8.05125e-05 0.00128873 0 0 0 0 0 0 -0 -0 -0 -0 -0 -0 -0 -0
0.0875 0.000520718 0.00140097 0 7.91926e-05 0.00132177 0 0 0 0 0 0 -0 -0 -0 -0 -0 -0 -0 -0
0.088125 0.000538119 0.00143269 0 7.78728e-05 0.00135482 0 0 0 0 0 0 -0 -0 -0 -0 -0 -0 -0 -0
0.08875 0.000556062 0.00146442 0 7.65529e-05 0.00138786 0 0 0 0 0 0 -0 -0 -0 -0 -0 -0 -0 -0
0.089375 0.000574564 0.00149614 0 7.5233e-05 0.00142091 0 0 0 0 0 0 -0 -0 -0 -0 -0 -0 -0 -0
0.09 0.000593639 0.00152786 0 7.39131e-05 0.00145395 0 0 0 0 0 0 -0 -0 -0 -0 -0 -0 -0 -0
0.090625 0.000613304 0.00155959 0 7.25932e-05 0.001487 0 0 0 0 0 0 -0 -0 -0 -0 -0 -0 -0 -0
0.09125 0.000633576 0.00159131 0 7.12734e-05 0.00152004 0 0 0 0 0 0 -0 -0 -0 -0 -0 -0 -0 -0
0.091875 0.000654473 0.00162304 0 6.99535e-05 0.00155308 0 0 0 0 0 0 -0 -0 -0 -0 -0 -0 -0 -0
0.0925 0.000676011 0.00165476 0 6.86336e-05 0.00158613 0 0 0 0 0 0 -0 -0 -0 -0 -0 -0 -0 -0
0.093125 0.000698208 0.00168649 0 6.73137e-05 0.00161917 0 0 0 0 0 0 -0 -0 -0 -0 -0 -0 -0 -0
0.09375 0.000721084 0.00171821 0 6.59939e-05 0.00165222 0 0 0 0 0 0 -0 -0 -0 -0 -0 -0 -0 -0
0.094375 0.000744657 0.00174994 0 6.4674e-05 0.00168526 0 0 0 0 0 0 -0 -0 -0 -0 -0 -0 -0 -0
0.095 0.000768946 0.00178166 0 6.33541e-05 0.00171831 0 0 0 0 0 0 -0 -0 -0 -0 -0 -0 -0 -0
0.095625 0.000793972 0.00181338 0 6.20342e-05 0.00175135 0 0 0 0 0 0 -0 -0 -0 -0 -0 -0 -0 -0
0.09625 0.000819755 0.00184511 0 6.07144e-05 0.00178439 0 0 0 0 0 0 -0 -0 -0 -0 -0 -0 -0 -0
0.096875 0.000846316 0.00187683 0 5.93945e-05 0.00181744 0 0 0 0 0 0 -0 -0 -0 -0 -0 -0 -0 -0
0.0975 0.000873675 0.00190856 0 5.80746e-05 0.00185048 0 0 0 0 0 0 -0 -0 -0 -0 -0 -0 -0 -0
0.098125 0.000901856 0.00194028 0 5.67547e-05 0.00188353 0 0 0 0 0 0 -0 -0 -0 -0 -0 -0 -0 -0
0.09875 0.00093088 0.00197201 0 5.54348e-05 0.00191657 0 0 0 0 0 0 -0 -0 -0 -0 -0 -0 -0 -0
0.099375 0.000960771 0.00200373 0 5.4115e-05 0.00194962 0 0 0 0 0 0 -0 -0 -0 -0 -0 -0 -0 -0
0.1 0.000991552 0.00203546 0 5.27951e-05 0.00198266 0 0 0 0 0 0 -0 -0 -0 -0 -0 -0 -0 -0
0.100625 0.00102325 0.00206718 0 5.14752e-05 0.00201571 0 0 0 0 0 0 -0 -0 -0 -0 -0 -0 -0 -0
0.10125 0.00105588 0.0020989 0 5.01553e-05 0.00204875 0 0 0 0 0 0 -0 -0 -0 -0 -0 -0 -0 -0
0.101875 0.00108948 0.00213063 0 4.88355e-05 0.00208179 0 0 0 0 0 0 -0 -0 -0 -0 -0 -0 -0 -0
0.1025 0.00112407 0.00216235 0 4.75156e-05 0.00211484 0 0 0 0 0 0 -0 -0 -0 -0 -0 -0 -0 -0
0.103125 0.00115967 0.00219408 0 4.61957e-05 0.00214788 0 0 0 0 0 0 -0 -0 -0 -0 -0 -0 -0 -0
0.10375 0.00119632 0.0022258 0 4.48758e-05 0.00218093 0 0 0 0 0 0 -0 -0 -0 -0 -0 -0 -0 -0
0.104375 0.00123404 0.00225753 0 4.35559e-05 0.00221397 0 0 0 0 0 0 -0 -0 -0 -0 -0 -0 -0 -0
0.105 0.00127286 0.00228925 0 4.22361e-05 0.00224702 0 0 0 0 0 0 -0 -0 -0 -0 -0 -0 -0 -0
0.105625 0.00131281 0.00232098 0 4.09162e-05 0.00228006 0 0 0 0 0 0 -0 -0 -0 -0 -0 -0 -0 -0
0.10625 0.00135391 0.0023527 0 3.95963e-05 0.0023131 0 0 0 0 0 0 -0 -0 -0 -0 -0 -0 -0 -0
0.106875 0.00139621 0.00238443 0 3.82764e-05 0.00234615 0 0 0 0 0 0 -0 -0 -0 -0 -0 -0 -0 -0
0.1075 0.00143973 0.00241615 0 3.69566e-05 0.00237919 0 0 0 0 0 0 -0 -0 -0 -0 -0 -0 -0 -0
0.108125 0.00148449 0.00244787 0 3.56367e-05 0.00241224 0 0 0 0 0 0 -0 -0 -0 -0 -0 -0 -0 -0
0.10875 0.00153055 0.0024796 0 3.43168e-05 0.00244528 0 0 0 0 0 0 -0 -0 -0 -0 -0 -0 -0 -0
0.109375 0.00157792 0.00251132 0 3.29969e-05 0.00247833 0 0 0 0 0 0 -0 -0 -0 -0 -0 -0 -0 -0
0.11 0.00162664 0.00254305 0 3.16771e-05 0.00251137 0 0 0 0 0 0 -0 -0 -0 -0 -0 -0 -0 -0
0.110625 0.00167675 0.00257477 0 3.03572e-05 0.00254441 0 0 0 0 0 0 -0 -0 -0 -0 -0 -0 -0 -0
0.11125 0.00172828 0.0026065 0 2.90373e-05 0.00257746 0 0 0 0 0 0 -0 -0 -0 -0 -0 -0 -0 -0
0.111875 0.00178127 0.00263822 0 2.77174e-05 0.0026105 0 0 0 0 0 0 -0 -0 -0 -0 -0 -0 -0 -0
0.1125 0.00183575 0.00266995 0 2.63975e-05 0.00264355 0 0 0 0 0 0 -0 -0 -0 -0 -0 -0 -0 -0
0.113125 0.00189177 0.00270167 0 2.50777e-05 0.00267659 0 0 0 0 0 0 -0 -0 -0 -0 -0 -0 -0 -0
0.11375 0.00194936 0.00273339 0 2.37578e-05 0.00270964 0 0 0 0 0 0 -0 -0 -0 -0 -0 -0 -0 -0
0.114375 0.00200856 0.00276512 0 2.24379e-05 0.00274268 0 0 0 0 0 0 -0 -0 -0 -0 -0 -0 -0 -0
0.115 0.00206941 0.00279684 0 2.1118e-05 0.00277573 0 0 0 0 0 0 -0 -0 -0 -0 -0 -0 -0 -0
0.115625 0.00213196 0.00282857 0 1.97982e-05 0.00280877 0 0 0 0 0 0 -0 -0 -0 -0 -0 -0 -0 -0
0.11625 0.00219625 0.00286029 0 1.84783e-05 0.00284181 0 0 0 0 0 0 -0 -0 -0 -0 -0 -0 -0 -0
0.116875 0.00226231 0.00289202 0 1.71584e-05 0.00287486 0 0 0 0 0 0 -0 -0 -0 -0 -0 -0 -0 -0
0.1175 0.0023302 0.00292374 0 1.58385e-05 0.0029079 0 0 0 0 0 0 -0 -0 -0 -0 -0 -0 -0 -0
0.118125 0.00239995 0.00295547 0 1.45186e-05 0.00294095 0 0 0 0 0 0 -0 -0 -0 -0 -0 -0 -0 -0
0.11875 0.00247162 0.00298719 0 1.31988e-05 0.00297399 0 0 0 0 0 0 -0 -0 -0 -0 -0 -0 -0 -0
0.119375 0.00254525 0.00301891 0 1.18789e-05 0.00300704 0 0 0 0 0 0 -0 -0 -0 -0 -0 -0 -0 -0
0.12 0.00262089 0.00305064 0 1.0559e-05 0.00304008 0 0 0 0 0 0 -0 -0 -0 -0 -0 -0 -0 -0
0.120625 0.00269859 0.00308236 0 9.23914e-06 0.00307312 0 0 0 0 0 0 -0 -0 -0 -0 -0 -0 -0 -0
0.12125 0.0027784 0.00311409 0 7.91926e-06 0.00310617 0 0 0 0 0 0 -0 -0 -0 -0 -0 -0 -0 -0
0.121875 0.00286036 0.00314581 0 6.59939e-06 0.00313921 0 0 0 0 0 0 -0 -0 -0 -0 -0 -0 -0 -0
0.1225 0.00294454 0.00317754 0 5.27951e-06 0.00317226 0 0 0 0 0 0 -0 -0 -0 -0 -0 -0 -0 -0
0.123125 0.00303098 0.00320926 0 3.95963e-06 0.0032053 0 0 0 0 0 0 -0 -0 -0 -0 -0 -0 -0 -0
0.12375 0.00311974 0.00324099 0 2.63975e-06 0.00323835 0 0 0 0 0 0 -0 -0 -0 -0 -0 -0 -0 -0
0.124375 0.00321087 0.00327271 0 1.31988e-06 0.00327139 0 0 0 0 0 0 -0 -0 -0 -0 -0 -0 -0 -0
0.125 0.00330443 0.00330443 0 0 0.00330443 0 0 0 0 0 0 -0 -0 -0 -0 -0 -0 -0 -0
0.125625 0.00340048 0.00368093 0 0 0.00327139 0.00040954 0 0 0 0 0 -0 -0 -0 -0 -0 -0 -0 -0
0.12625 0.00349908 0.00405743 0 0 0.00323835 0.000819081 0 0 0 0 0 -0 -0 -0 -0 -0 -0 -0 -0
0.126875 0.00360028 0.00443392 0 0 0.0032053 0.00122862 0 0 0 0 0 -0 -0 -0 -0 -0 -0 -0 -0
0.1275 0.00370415 0.00481042 0 0 0.00317226 0.00163816 0 0 0 0 0 -0 -0 -0 -0 -0 -0 -0 -0
0.128125 0.00381074 0.00518691 0 0 0.00313921 0.0020477 0 0 0 0 0 -0 -0 -0 -0 -0 -0 -0 -0
0.12875 0.00392013 0.00556341 0 0 0.00310617 0.00245724 0 0 0 0 0 -0 -0 -0 -0 -0 -0 -0 -0
0.129375 0.00403237 0.00593991 0 0 0.00307312 0.00286678 0 0 0 0 0 -0 -0 -0 -0 -0 -0 -0 -0
0.13 0.00414754 0.0063164 0 0 0.00304008 0.00327632 0 0 0 0 0 -0 -0 -0 -0 -0 -0 -0 -0
0.130625 0.0042657 0.0066929 0 0 0.00300704 0.00368586 0 0 0 0 0 -0 -0 -0 -0 -0 -0 -0 -0
0.13125 0.00438691 0.0070694 0 0 0.00297399 0.0040954 0 0 0 0 0 -0 -0 -0 -0 -0 -0 -0 -0
0.131875 0.00451125 0.00744589 0 0 0.00294095 0.00450494 0 0 0 0 0 -0 -0 -0 -0 -0 -0 -0 -0
0.1325 0.00463879 0.00782239 0 0 0.0029079 0.00491448 0 0 0 0 0 -0 -0 -0 -0 -0 -0 -0 -0
0.133125 0.00476959 0.00819888 0 0 0.00287486 0.00532402 0 0 0 0 0 -0 -0 -0 -0 -0 -0 -0 -0
0.13375 0.00490375 0.00857538 0 0 0.00284181 0.00573357 0 0 0 0 0 -0 -0 -0 -0 -0 -0 -0 -0
0.134375 0.00504132 0.00895188 0 0 0.00280877 0.00614311 0 0 0 0 0 -0 -0 -0 -0 -0 -0 -0 -0
0.135 0.00518238 0.00932837 0 0 0.00277573 0.00655265 0 0 0 0 0 -0 -0 -0 -0 -0 -0 -0 -0
0.135625 0.00532702 0.00970487 0 0 0.00274268 0.00696219 0 0 0 0 0 -0 -0 -0 -0 -0 -0 -0 -0
0.13625 0.00547531 0.0100814 0 0 0.00270964 0.00737173 0 0 0 0 0 -0 -0 -0 -0 -0 -0 -0 -0
0.136875 0.00562734 0.0104579 0 0 0.00267659 0.00778127 0 0 0 0 0 -0 -0 -0 -0 -0 -0 -0 -0
0.1375 0.00578317 0.0108344 0 0 0.00264355 0.00819081 0 0 0 0 0 -0 -0 -0 -0 -0 -0 -0 -0
0.138125 0.00594291 0.0112109 0 0 0.0026105 0.00860035 0 0 0 0 0 -0 -0 -0 -0 -0 -0 -0 -0
0.13875 0.00610663 0.0115873 0 0 0.00257746 0.00900989 0 0 0 0 0 -0 -0 -0 -0 -0 -0 -0 -0
0.139375 0.00627441 0.0119638 0 0 0.00254441 0.00941943 0 0 0 0 0 -0 -0 -0 -0 -0 -0 -0 -0
0.14 0.00644636 0.0123403 0 0 0.00251137 0.00982897 0 0 0 0 0 -0 -0 -0 -0 -0 -0 -0 -0
0.140625 0.00662255 0.0127168 0 0 0.00247833 0.0102385 0 0 0 0 0 -0 -0 -0 -0 -0 -0 -0 -0
0.14125 0.00680307 0.0130933 0 0 0.00244528 0.010648 0 0 0 0 0 -0 -0 -0 -0 -0 -0 -0 -0
0.141875 0.00698803 0.0134698 0 0 0.00241224 0.0110576 0 0 0 0 0 -0 -0 -0 -0 -0 -0 -0 -0
0.1425 0.00717751 0.0138463 0 0 0.00237919 0.0114671 0 0 0 0 0 -0 -0 -0 -0 -0 -0 -0 -0
0.143125 0.00737161 0.0142228 0 0 0.00234615 0.0118767 0 0 0 0 0 -0 -0 -0 -0 -0 -0 -0 -0
0.14375 0.00757043 0.0145993 0 0 0.0023131 0.0122862 0 0 0 0 0 -0 -0 -0 -0 -0 -0 -0 -0
0.144375 0.00777406 0.0149758 0 0 0.00228006 0.0126958 0 0 0 0 0 -0 -0 -0 -0 -0 -0 -0 -0
0.145 0.00798261 0.0153523 0 0 0.00224702 0.0131053 0 0 0 0 0 -0 -0 -0 -0 -0 -0 -0 -0
0.145625 0.00819617 0.0157288 0 0 0.00221397 0.0135148 0 0 0 0 0 -0 -0 -0 -0 -0 -0 -0 -0
0.14625 0.00841486 0.0161053 0 0 0.00218093 0.0139244 0 0 0 0 0 -0 -0 -0 -0 -0 -0 -0 -0
0.146875 0.00863878 0.0164818 0 0 0.00214788 0.0143339 0 0 0 0 0 -0 -0 -0 -0 -0 -0 -0 -0
0.1475 0.00886803 0.0168583 0 0 0.00211484 0.0147435 0 0 0 0 0 -0 -0 -0 -0 -0 -0 -0 -0
0.148125 0.00910272 0.0172348 0 0 0.00208179 0.015153 0 0 0 0 0 -0 -0 -0 -0 -0 -0 -0 -0
0.14875 0.00934297 0.0176113 0 0 0.00204875 0.0155625 0 0 0 0 0 -0 -0 -0 -0 -0 -0 -0 -0
0.149375 0.00958889 0.0179878 0 0 0.00201571 0.0159721 0 0 0 0 0 -0 -0 -0 -0 -0 -0 -0 -0
0.15 0.00984058 0.0183643 0 0 0.00198266 0.0163816 0 0 0 0 0 -0 -0 -0 -0 -0 -0 -0 -0
0.150625 0.0100982 0.0187408 0 0 0.00194962 0.0167912 0 0 0 0 0 -0 -0 -0 -0 -0 -0 -0 -0
0.15125 0.0103618 0.0191173 0 0 0.00191657 0.0172007 0 0 0 0 0 -0 -0 -0 -0 -0 -0 -0 -0
0.151875 0.0106315 0.0194938 0 0 0.00188353 0.0176102 0 0 0 0 0 -0 -0 -0 -0 -0 -0 -0 -0
0.1525 0.0109075 0.0198703 0 0 0.00185048 0.0180198 0 0 0 0 0 -0 -0 -0 -0 -0 -0 -0 -0
0.153125 0.0111899 0.0202468 0 0 0.00181744 0.0184293 0 0 0 0 0 -0 -0 -0 -0 -0 -0 -0 -0
0.15375 0.0114788 0.0206233 0 0 0.00178439 0.0188389 0 0 0 0 0 -0 -0 -0 -0 -0 -0 -0 -0
0.154375 0.0117743 0.0209997 0 0 0.00175135 0.0192484 0 0 0 0 0 -0 -0 -0 -0 -0 -0 -0 -0
0.155 0.0120765 0.0213762 0 0 0.00171831 0.0196579 0 0 0 0 0 -0 -0 -0 -0 -0 -0 -0 -0
0.155625 0.0123857 0.0217527 0 0 0.00168526 0.0200675 0 0 0 0 0 -0 -0 -0 -0 -0 -0 -0 -0
0.15625 0.0127019 0.0221292 0 0 0.00165222 0.020477 0 0 0 0 0 -0 -0 -0 -0 -0 -0 -0 -0
0.156875 0.0130252 0.0225057 0 0 0.00161917 0.0208866 0 0 0 0 0 -0 -0 -0 -0 -0 -0 -0 -0
0.1575 0.0133558 0.0228822 0 0 0.00158613 0.0212961 0 0 0 0 0 -0 -0 -0 -0 -0 -0 -0 -0
0.158125 0.0136939 0.0232587 0 0 0.00155308 0.0217056 0 0 0 0 0 -0 -0 -0 -0 -0 -0 -0 -0
0.15875 0.0140395 0.0236352 0 0 0.00152004 0.0221152 0 0 0 0 0 -0 -0 -0 -0 -0 -0 -0 -0
0.159375 0.0143928 0.0240117 0 0 0.001487 0.0225247 0 0 0 0 0 -0 -0 -0 -0 -0 -0 -0 -0
0.16 0.014754 0.0243882 0 0 0.00145395 0.0229343 0 0 0 0 0 -0 -0 -0 -0 -0 -0 -0 -0
0.160625 0.0151232 0.0247647 0 0 0.00142091 0.0233438 0 0 0 0 0 -0 -0 -0 -0 -0 -0 -0 -0
0.16125 0.0155005 0.0251412 0 0 0.00138786 0.0237533 0 0 0 0 0 -0 -0 -0 -0 -0 -0 -0 -0
0.161875 0.0158862 0.0255177 0 0 0.00135482 0.0241629 0 0 0 0 0 -0 -0 -0 -0 -0 -0 -0 -0
0.1625 0.0162802 0.0258942 0 0 0.00132177 0.0245724 0 0 0 0 0 -0 -0 -0 -0 -0 -0 -0 -0
0.163125 0.0166829 0.0262707 0 0 0.00128873 0.024982 0 0 0 0 0 -0 -0 -0 -0 -0 -0 -0 -0
0.16375 0.0170944 0.0266472 0 0 0.00125569 0.0253915 0 0 0 0 0 -0 -0 -0 -0 -0 -0 -0 -0
0.164375 0.0175147 0.0270237 0 0 0.00122264 0.025801 0 0 0 0 0 -0 -0 -0 -0 -0 -0 -0 -0
0.165 0.0179442 0.0274002 0 0 0.0011896 0.0262106 0 0 0 0 0 -0 -0 -0 -0 -0 -0 -0 -0
0.165625 0.0183828 0.0277767 0 0 0.00115655 0.0266201 0 0 0 0 0 -0 -0 -0 -0 -0 -0 -0 -0
0.16625 0.0188309 0.0281532 0 0 0.00112351 0.0270297 0 0 0 0 0 -0 -0 -0 -0 -0 -0 -0 -0
0.166875 0.0192885 0.0285297 0 0 0.00109046 0.0274392 0 0 0 0 0 -0 -0 -0 -0 -0 -0 -0 -0
0.1675 0.0197559 0.0289062 0 0 0.00105742 0.0278487 0 0 0 0 0 -0 -0 -0 -0 -0 -0 -0 -0
0.168125 0.0202332 0.0292827 0 0 0.00102437 0.0282583 0 0 0 0 0 -0 -0 -0 -0 -0 -0 -0 -0
0.16875 0.0207205 0.0296592 0 0 0.00099133 0.0286678 0 0 0 0 0 -0 -0 -0 -0 -0 -0 -0 -0
0.169375 0.0212181 0.0300357 0 0 0.000958286 0.0290774 0 0 0 0 0 -0 -0 -0 -0 -0 -0 -0 -0
0.17 0.0217261 0.0304121 0 0 0.000925242 0.0294869 0 0 0 0 0 -0 -0 -0 -0 -0 -0 -0 -0
0.170625 0.0222447 0.0307886 0 0 0.000892197 0.0298964 0 0 0 0 0 -0 -0 -0 -0 -0 -0 -0 -0
0.17125 0.0227741 0.0311651 0 0 0.000859153 0.030306 0 0 0 0 0 -0 -0 -0 -0 -0 -0 -0 -0
0.171875 0.0233144 0.0315416 0 0 0.000826109 0.0307155 0 0 0 0 0 -0 -0 -0 -0 -0 -0 -0 -0
0.1725 0.0238659 0.0319181 0 0 0.000793064 0.0311251 0 0 0 0 0 -0 -0 -0 -0 -0 -0 -0 -0
0.173125 0.0244287 0.0322946 0 0 0.00076002 0.0315346 0 0 0 0 0 -0 -0 -0 -0 -0 -0 -0 -0
0.17375 0.0250031 0.0326711 0 0 0.000726976 0.0319441 0 0 0 0 0 -0 -0 -0 -0 -0 -0 -0 -0
0.174375 0.0255891 0.0330476 0 0 0.000693931 0.0323537 0 0 0 0 0 -0 -0 -0 -0 -0 -0 -0 -0
0.175 0.026187 0.0334241 0 0 0.000660887 0.0327632 0 0 0 0 0 -0 -0 -0 -0 -0 -0 -0 -0
0.175625 0.026797 0.0338006 0 0 0.000627843 0.0331728 0 0 0 0 0 -0 -0 -0 -0 -0 -0 -0 -0
0.17625 0.0274193 0.0341771 0 0 0.000594798 0.0335823 0 0 0 0 0 -0 -0 -0 -0 -0 -0 -0 -0
0.176875 0.0280541 0.0345536 0 0 0.000561754 0.0339919 0 0 0 0 0 -0 -0 -0 -0 -0 -0 -0 -0
0.1775 0.0287015 0.0349301 0 0 0.00052871 0.0344014 0 0 0 0 0 -0 -0 -0 -0 -0 -0 -0 -0
0.178125 0.0293619 0.0353066 0 0 0.000495665 0.0348109 0 0 0 0 0 -0 -0 -0 -0 -0 -0 -0 -0
0.17875 0.0300353 0.0356831 0 0 0.000462621 0.0352205 0 0 0 0 0 -0 -0 -0 -0 -0 -0 -0 -0
0.179375 0.030722 0.0360596 0 0 0.000429577 0.03563 0 0 0 0 0 -0 -0 -0 -0 -0 -0 -0 -0
0.18 0.0314222 0.0364361 0 0 0.000396532 0.0360396 0 0 0 0 0 -0 -0 -0 -0 -0 -0 -0 -0
0.180625 0.032136 0.0368126 0 0 0.000363488 0.0364491 0 0 0 0 0 -0 -0 -0 -0 -0 -0 -0 -0
0.18125 0.0328638 0.0371891 0 0 0.000330443 0.0368586 0 0 0 0 0 -0 -0 -0 -0 -0 -0 -0 -0
0.181875 0.0336057 0.0375656 0 0 0.000297399 0.0372682 0 0 0 0 0 -0 -0 -0 -0 -0 -0 -0 -0
0.1825 0.034362 0.0379421 0 0 0.000264355 0.0376777 0 0 0 0 0 -0 -0 -0 -0 -0 -0 -0 -0
0.183125 0.0351328 0.0383186 0 0 0.00023131 0.0380873 0 0 0 0 0 -0 -0 -0 -0 -0 -0 -0 -0
0.18375 0.0359183 0.0386951 0 0 0.000198266 0.0384968 0 0 0 0 0 -0 -0 -0 -0 -0 -0 -0 -0
0.184375 0.0367189 0.0390716 0 0 0.000165222 0.0389063 0 0 0 0 0 -0 -0 -0 -0 -0 -0 -0 -0
0.185 0.0375346 0.0394481 0 0 0.000132177 0.0393159 0 0 0 0 0 -0 -0 -0 -0 -0 -0 -0 -0
0.185625 0.0383658 0.0398245 0 0 9.9133e-05 0.0397254 0 0 0 0 0 -0 -0 -0 -0 -0 -0 -0 -0
0.18625 0.0392126 0.040201 0 0 6.60887e-05 0.040135 0 0 0 0 0 -0 -0 -0 -0 -0 -0 -0 -0
0.186875 0.0400753 0.0405775 0 0 3.30443e-05 0.0405445 0 0 0 0 0 -0 -0 -0 -0 -0 -0 -0 -0
0.1875 0.040954 0.040954 0 0 0 0.040954 0 0 0 0 0 -0 -0 -0 -0 -0 -0 -0 -0
0.188125 0.0418491 0.0430571 0 0 0 0.0405445 0.00251264 0 0 0 0 -0 -0 -0 -0 -0 -0 -0 -0
0.18875 0.0427608 0.0451602 0 0 0 0.040135 0.00502527 0 0 0 0 -0 -0 -0 -0 -0 -0 -0 -0
0.189375 0.0436893 0.0472633 0 0 0 0.0397254 0.00753791 0 0 0 0 -0 -0 -0 -0 -0 -0 -0 -0
0.19 0.0446348 0.0493664 0 0 0 0.0393159 0.0100505 0 0 0 0 -0 -0 -0 -0 -0 -0 -0 -0
0.190625 0.0455975 0.0514695 0 0 0 0.0389063 0.0125632 0 0 0 0 -0 -0 -0 -0 -0 -0 -0 -0
0.19125 0.0465777 0.0535726 0 0 0 0.0384968 0.0150758 0 0 0 0 -0 -0 -0 -0 -0 -0 -0 -0
0.191875 0.0475757 0.0556757 0 0 0 0.0380873 0.0175884 0 0 0 0 -0 -0 -0 -0 -0 -0 -0 -0
0.1925 0.0485916 0.0577788 0 0 0 0.0376777 0.0201011 0 0 0 0 -0 -0 -0 -0 -0 -0 -0 -0
0.193125 0.0496257 0.0598819 0 0 0 0.0372682 0.0226137 0 0 0 0 -0 -0 -0 -0 -0 -0 -0 -0
0.19375 0.0506782 0.061985 0 0 0 0.0368586 0.0251264 0 0 0 0 -0 -0 -0 -0 -0 -0 -0 -0
0.194375 0.0517495 0.0640881 0 0 0 0.0364491 0.027639 0 0 0 0 -0 -0 -0 -0 -0 -0 -0 -0
0.195 0.0528397 0.0661912 0 0 0 0.0360396 0.0301516 0 0 0 0 -0 -0 -0 -0 -0 -0 -0 -0
0.195625 0.053949 0.0682943 0 0 0 0.03563 0.0326643 0 0 0 0 -0 -0 -0 -0 -0 -0 -0 -0
0.19625 0.0550778 0.0703974 0 0 0 0.0352205 0.0351769 0 0 0 0 -0 -0 -0 -0 -0 -0 -0 -0
0.196875 0.0562262 0.0725005 0 0 0 0.0348109 0.0376895 0 0 0 0 -0 -0 -0 -0 -0 -0 -0 -0
0.1975 0.0573946 0.0746036 0 0 0 0.0344014 0.0402022 0 0 0 0 -0 -0 -0 -0 -0 -0 -0 -0
0.198125 0.0585831 0.0767067 0 0 0 0.0339919 0.0427148 0 0 0 0 -0 -0 -0 -0 -0 -0 -0 -0
0.19875 0.059792 0.0788098 0 0 0 0.0335823 0.0452274 0 0 0 0 -0 -0 -0 -0 -0 -0 -0 -0
0.199375 0.0610215 0.0809128 0 0 0 0.0331728 0.0477401 0 0 0 0 -0 -0 -0 -0 -0 -0 -0 -0
0.2 0.062272 0.0830159 0 0 0 0.0327632 0.0502527 0 0 0 0 -0 -0 -0 -0 -0 -0 -0 -0
0.200625 0.0635436 0.085119 0 0 0 0.0323537 0.0527653 0 0 0 0 -0 -0 -0 -0 -0 -0 -0 -0
0.20125 0.0648367 0.0872221 0 0 0 0.0319441 0.055278 0 0 0 0 -0 -0 -0 -0 -0 -0 -0 -0
0.201875 0.0661513 0.0893252 0 0 0 0.0315346 0.0577906 0 0 0 0 -0 -0 -0 -0 -0 -0 -0 -0
0.2025 0.067488 0.0914283 0 0 0 0.0311251 0.0603033 0 0 0 0 -0 -0 -0 -0 -0 -0 -0 -0
0.203125 0.0688467 0.0935314 0 0 0 0.0307155 0.0628159 0 0 0 0 -0 -0 -0 -0 -0 -0 -0 -0
0.20375 0.0702279 0.0956345 0 0 0 0.030306 0.0653285 0 0 0 0 -0 -0 -0 -0 -0 -0 -0 -0
0.204375 0.0716318 0.0977376 0 0 0 0.0298964 0.0678412 0 0 0 0 -0 -0 -0 -0 -0 -0 -0 -0
0.205 0.0730586 0.0998407 0 0 0 0.0294869 0.0703538 0 0 0 0 -0 -0 -0 -0 -0 -0 -0 -0
0.205625 0.0745085 0.101944 0 0 0 0.0290774 0.0728664 0 0 0 0 -0 -0 -0 -0 -0 -0 -0 -0
0.20625 0.0759819 0.104047 0 0 0 0.0286678 0.0753791 0 0 0 0 -0 -0 -0 -0 -0 -0 -0 -0
0.206875 0.077479 0.10615 0 0 0 0.0282583 0.0778917 0 0 0 0 -0 -0 -0 -0 -0 -0 -0 -0
0.2075 0.0790001 0.108253 0 0 0 0.0278487 0.0804043 0 0 0 0 -0 -0 -0 -0 -0 -0 -0 -0
0.208125 0.0805453 0.110356 0 0 0 0.0274392 0.082917 0 0 0 0 -0 -0 -0 -0 -0 -0 -0 -0
0.20875 0.082115 0.112459 0 0 0 0.0270297 0.0854296 0 0 0 0 -0 -0 -0 -0 -0 -0 -0 -0
0.209375 0.0837094 0.114562 0 0 0 0.0266201 0.0879422 0 0 0 0 -0 -0 -0 -0 -0 -0 -0 -0
0.21 0.0853287 0.116665 0 0 0 0.0262106 0.0904549 0 0 0 0 -0 -0 -0 -0 -0 -0 -0 -0
0.210625 0.0869732 0.118769 0 0 0 0.025801 0.0929675 0 0 0 0 -0 -0 -0 -0 -0 -0 -0 -0
0.21125 0.0886433 0.120872 0 0 0 0.0253915 0.0954802 0 0 0 0 -0 -0 -0 -0 -0 -0 -0 -0
0.211875 0.090339 0.122975 0 0 0 0.024982 0.0979928 0 0 0 0 -0 -0 -0 -0 -0 -0 -0 -0
0.2125 0.0920607 0.125078 0 0 0 0.0245724 0.100505 0 0 0 0 -0 -0 -0 -0 -0 -0 -0 -0
0.213125 0.0938086 0.127181 0 0 0 0.0241629 0.103018 0 0 0 0 -0 -0 -0 -0 -0 -0 -0 -0
0.21375 0.095583 0.129284 0 0 0 0.0237533 0.105531 0 0 0 0 -0 -0 -0 -0 -0 -0 -0 -0
0.214375 0.0973841 0.131387 0 0 0 0.0233438 0.108043 0 0 0 0 -0 -0 -0 -0 -0 -0 -0 -0
0.215 0.0992121 0.13349 0 0 0 0.0229343 0.110556 0 0 0 0 -0 -0 -0 -0 -0 -0 -0 -0
0.215625 0.101067 0.135593 0 0 0 0.0225247 0.113069 0 0 0 0 -0 -0 -0 -0 -0 -0 -0 -0
0.21625 0.10295 0.137696 0 0 0 0.0221152 0.115581 0 0 0 0 -0 -0 -0 -0 -0 -0 -0 -0
0.216875 0.104861 0.1398 0 0 0 0.0217056 0.118094 0 0 0 0 -0 -0 -0 -0 -0 -0 -0 -0
0.2175 0.106799 0.141903 0 0 0 0.0212961 0.120607 0 0 0 0 -0 -0 -0 -0 -0 -0 -0 -0
0.218125 0.108765 0.144006 0 0 0 0.0208866 0.123119 0 0 0 0 -0 -0 -0 -0 -0 -0 -0 -0
0.21875 0.11076 0.146109 0 0 0 0.020477 0.125632 0 0 0 0 -0 -0 -0 -0 -0 -0 -0 -0
0.219375 0.112784 0.148212 0 0 0 0.0200675 0.128144 0 0 0 0 -0 -0 -0 -0 -0 -0 -0 -0
0.22 0.114837 0.150315 0 0 0 0.0196579 0.130657 0 0 0 0 -0 -0 -0 -0 -0 -0 -0 -0
0.220625 0.116918 0.152418 0 0 0 0.0192484 0.13317 0 0 0 0 -0 -0 -0 -0 -0 -0 -0 -0
0.22125 0.119029 0.154521 0 0 0 0.0188389 0.135682 0 0 0 0 -0 -0 -0 -0 -0 -0 -0 -0
0.221875 0.12117 0.156624 0 0 0 0.0184293 0.138195 0 0 0 0 -0 -0 -0 -0 -0 -0 -0 -0
0.2225 0.12334 0.158727 0 0 0 0.0180198 0.140708 0 0 0 0 -0 -0 -0 -0 -0 -0 -0 -0
0.223125 0.125541 0.16083 0 0 0 0.0176102 0.14322 0 0 0 0 -0 -0 -0 -0 -0 -0 -0 -0
0.22375 0.127771 0.162934 0 0 0 0.0172007 0.145733 0 0 0 0 -0 -0 -0 -0 -0 -0 -0 -0
0.224375 0.130033 0.165037 0 0 0 0.0167912 0.148246 0 0 0 0 -0 -0 -0 -0 -0 -0 -0 -0
0.225 0.132325 0.16714 0 0 0 0.0163816 0.150758 0 0 0 0 -0 -0 -0 -0 -0 -0 -0 -0
0.225625 0.134648 0.169243 0 0 0 0.0159721 0.153271 0 0 0 0 -0 -0 -0 -0 -0 -0 -0 -0
0.22625 0.137002 0.171346 0 0 0 0.0155625 0.155783 0 0 0 0 -0 -0 -0 -0 -0 -0 -0 -0
0.226875 0.139387 0.173449 0 0 0 0.015153 0.158296 0 0 0 0 -0 -0 -0 -0 -0 -0 -0 -0
0.2275 0.141804 0.175552 0 0 0 0.0147435 0.160809 0 0 0 0 -0 -0 -0 -0 -0 -0 -0 -0
0.228125 0.144253 0.177655 0 0 0 0.0143339 0.163321 0 0 0 0 -0 -0 -0 -0 -0 -0 -0 -0
0.22875 0.146733 0.179758 0 0 0 0.0139244 0.165834 0 0 0 0 -0 -0 -0 -0 -0 -0 -0 -0
0.229375 0.149246 0.181861 0 0 0 0.0135148 0.168347 0 0 0 0 -0 -0 -0 -0 -0 -0 -0 -0
0.23 0.151791 0.183965 0 0 0 0.0131053 0.170859 0 0 0 0 -0 -0 -0 -0 -0 -0 -0 -0
0.230625 0.154369 0.186068 0 0 0 0.0126958 0.173372 0 0 0 0 -0 -0 -0 -0 -0 -0 -0 -0
0.23125 0.15698 0.188171 0 0 0 0.0122862 0.175884 0 0 0 0 -0 -0 -0 -0 -0 -0 -0 -0
0.231875 0.159623 0.190274 0 0 0 0.0118767 0.178397 0 0 0 0 -0 -0 -0 -0 -0 -0 -0 -0
0.2325 0.1623 0.192377 0 0 0 0.0114671 0.18091 0 0 0 0 -0 -0 -0 -0 -0 -0 -0 -0
0.233125 0.16501 0.19448 0 0 0 0.0110576 0.183422 0 0 0 0 -0 -0 -0 -0 -0 -0 -0 -0
0.23375 0.167753 0.196583 0 0 0 0.010648 0.185935 0 0 0 0 -0 -0 -0 -0 -0 -0 -0 -0
0.234375 0.17053 0.198686 0 0 0 0.0102385 0.188448 0 0 0 0 -0 -0 -0 -0 -0 -0 -0 -0
0.235 0.17334 0.200789 0 0 0 0.00982897 0.19096 0 0 0 0 -0 -0 -0 -0 -0 -0 -0 -0
0.235625 0.176185 0.202892 0 0 0 0.00941943 0.193473 0 0 0 0 -0 -0 -0 -0 -0 -0 -0 -0
0.23625 0.179064 0.204995 0 0 0 0.00900989 0.195986 0 0 0 0 -0 -0 -0 -0 -0 -0 -0 -0
0.236875 0.181976 0.207099 0 0 0 0.00860035 0.198498 0 0 0 0 -0 -0 -0 -0 -0 -0 -0 -0
0.2375 0.184924 0.209202 0 0 0 0.00819081 0.201011 0 0 0 0 -0 -0 -0 -0 -0 -0 -0 -0
0.238125 0.187906 0.211305 0 0 0 0.00778127 0.203523 0 0 0 0 -0 -0 -0 -0 -0 -0 -0 -0
0.23875 0.190922 0.213408 0 0 0 0.00737173 0.206036 0 0 0 0 -0 -0 -0 -0 -0 -0 -0 -0
0.239375 0.193973 0.215511 0 0 0 0.00696219 0.208549 0 0 0 0 -0 -0 -0 -0 -0 -0 -0 -0
0.24 0.197059 0.217614 0 0 0 0.00655265 0.211061 0 0 0 0 -0 -0 -0 -0 -0 -0 -0 -0
0.240625 0.200181 0.219717 0 0 0 0.00614311 0.213574 0 0 0 0 -0 -0 -0 -0 -0 -0 -0 -0
0.24125 0.203337 0.22182 0 0 0 0.00573357 0.216087 0 0 0 0 -0 -0 -0 -0 -0 -0 -0 -0
0.241875 0.206529 0.223923 0 0 0 0.00532402 0.218599 0 0 0 0 -0 -0 -0 -0 -0 -0 -0 -0
0.2425 0.209755 0.226026 0 0 0 0.00491448 0.221112 0 0 0 0 -0 -0 -0 -0 -0 -0 -0 -0
0.243125 0.213018 0.22813 0 0 0 0.00450494 0.223625 0 0 0 0 -0 -0 -0 -0 -0 -0 -0 -0
0.24375 0.216316 0.230233 0 0 0 0.0040954 0.226137 0 0 0 0 -0 -0 -0 -0 -0 -0 -0 -0
0.244375 0.219649 0.232336 0 0 0 0.00368586 0.22865 0 0 0 0 -0 -0 -0 -0 -0 -0 -0 -0
0.245 0.223018 0.234439 0 0 0 0.00327632 0.231162 0 0 0 0 -0 -0 -0 -0 -0 -0 -0 -0
0.245625 0.226423 0.236542 0 0 0 0.00286678 0.233675 0 0 0 0 -0 -0 -0 -0 -0 -0 -0 -0
0.24625 0.229864 0.238645 0 0 0 0.00245724 0.236188 0 0 0 0 -0 -0 -0 -0 -0 -0 -0 -0
0.246875 0.233341 0.240748 0 0 0 0.0020477 0.2387 0 0 0 0 -0 -0 -0 -0 -0 -0 -0 -0
0.2475 0.236853 0.242851 0 0 0 0.00163816 0.241213 0 0 0 0 -0 -0 -0 -0 -0 -0 -0 -0
0.248125 0.240402 0.244954 0 0 0 0.00122862 0.243726 0 0 0 0 -0 -0 -0 -0 -0 -0 -0 -0
0.24875 0.243986 0.247057 0 0 0 0.000819081 0.246238 0 0 0 0 -0 -0 -0 -0 -0 -0 -0 -0
0.249375 0.247607 0.24916 0 0 0 0.00040954 0.248751 0 0 0 0 -0 -0 -0 -0 -0 -0 -0 -0
0.25 0.251264 0.251264 0 0 0 0 0.251264 0 0 0 0 -0 -0 -0 -0 -0 -0 -0 -0
0.250625 0.254956 0.256382 0 0 0 0 0.248751 0.00763095 0 0 0 -0 -0 -0 -0 -0 -0 -0 -0
0.25125 0.258685 0.2615 0 0 0 0 0.246238 0.0152619 0 0 0 -0 -0 -0 -0 -0 -0 -0 -0
0.251875 0.26245 0.266619 0 0 0 0 0.243726 0.0228929 0 0 0 -0 -0 -0 -0 -0 -0 -0 -0
0.2525 0.266251 0.271737 0 0 0 0 0.241213 0.0305238 0 0 0 -0 -0 -0 -0 -0 -0 -0 -0
0.253125 0.270088 0.276855 0 0 0 0 0.2387 0.0381548 0 0 0 -0 -0 -0 -0 -0 -0 -0 -0
0.25375 0.273961 0.281973 0 0 0 0 0.236188 0.0457857 0 0 0 -0 -0 -0 -0 -0 -0 -0 -0
0.254375 0.27787 0.287092 0 0 0 0 0.233675 0.0534167 0 0 0 -0 -0 -0 -0 -0 -0 -0 -0
0.255 0.281815 0.29221 0 0 0 0 0.231162 0.0610476 0 0 0 -0 -0 -0 -0 -0 -0 -0 -0
0.255625 0.285796 0.297328 0 0 0 0 0.22865 0.0686786 0 0 0 -0 -0 -0 -0 -0 -0 -0 -0
0.25625 0.289813 0.302447 0 0 0 0 0.226137 0.0763095 0 0 0 -0 -0 -0 -0 -0 -0 -0 -0
0.256875 0.293865 0.307565 0 0 0 0 0.223625 0.0839405 0 0 0 -0 -0 -0 -0 -0 -0 -0 -0
0.2575 0.297953 0.312683 0 0 0 0 0.221112 0.0915714 0 0 0 -0 -0 -0 -0 -0 -0 -0 -0
0.258125 0.302077 0.317802 0 0 0 0 0.218599 0.0992024 0 0 0 -0 -0 -0 -0 -0 -0 -0 -0
0.25875 0.306237 0.32292 0 0 0 0 0.216087 0.106833 0 0 0 -0 -0 -0 -0 -0 -0 -0 -0
0.259375 0.310432 0.328038 0 0 0 0 0.213574 0.114464 0 0 0 -0 -0 -0 -0 -0 -0 -0 -0
0.26 0.314662 0.333157 0 0 0 0 0.211061 0.122095 0 0 0 -0 -0 -0 -0 -0 -0 -0 -0
0.260625 0.318927 0.338275 0 0 0 0 0.208549 0.129726 0 0 0 -0 -0 -0 -0 -0 -0 -0 -0
0.26125 0.323228 0.343393 0 0 0 0 0.206036 0.137357 0 0 0 -0 -0 -0 -0 -0 -0 -0 -0
0.261875 0.327563 0.348512 0 0 0 0 0.203523 0.144988 0 0 0 -0 -0 -0 -0 -0 -0 -0 -0
0.2625 0.331934 0.35363 0 0 0 0 0.201011 0.152619 0 0 0 -0 -0 -0 -0 -0 -0 -0 -0
0.263125 0.336339 0.358748 0 0 0 0 0.198498 0.16025 0 0 0 -0 -0 -0 -0 -0 -0 -0 -0
0.26375 0.340778 0.363867 0 0 0 0 0.195986 0.167881 0 0 0 -0 -0 -0 -0 -0 -0 -0 -0
0.264375 0.345252 0.368985 0 0 0 0 0.193473 0.175512 0 0 0 -0 -0 -0 -0 -0 -0 -0 -0
0.265 0.34976 0.374103 0 0 0 0 0.19096 0.183143 0 0 0 -0 -0 -0 -0 -0 -0 -0 -0
0.265625 0.354302 0.379221 0 0 0 0 0.188448 0.190774 0 0 0 -0 -0 -0 -0 -0 -0 -0 -0
0.26625 0.358877 0.38434 0 0 0 0 0.185935 0.198405 0 0 0 -0 -0 -0 -0 -0 -0 -0 -0
0.266875 0.363486 0.389458 0 0 0 0 0.183422 0.206036 0 0 0 -0 -0 -0 -0 -0 -0 -0 -0
0.2675 0.368129 0.394576 0 0 0 0 0.18091 0.213667 0 0 0 -0 -0 -0 -0 -0 -0 -0 -0
0.268125 0.372804 0.399695 0 0 0 0 0.178397 0.221298 0 0 0 -0 -0 -0 -0 -0 -0 -0 -0
0.26875 0.377513 0.404813 0 0 0 0 0.175884 0.228929 0 0 0 -0 -0 -0 -0 -0 -0 -0 -0
0.269375 0.382253 0.409931 0 0 0 0 0.173372 0.23656 0 0 0 -0 -0 -0 -0 -0 -0 -0 -0
0.27 0.387027 0.41505 0 0 0 0 0.170859 0.24419 0 0 0 -0 -0 -0 -0 -0 -0 -0 -0
0.270625 0.391832 0.420168 0 0 0 0 0.168347 0.251821 0 0 0 -0 -0 -0 -0 -0 -0 -0 -0
0.27125 0.396669 0.425286 0 0 0 0 0.165834 0.259452 0 0 0 -0 -0 -0 -0 -0 -0 -0 -0
0.271875 0.401538 0.430405 0 0 0 0 0.163321 0.267083 0 0 0 -0 -0 -0 -0 -0 -0 -0 -0
0.2725 0.406437 0.435523 0 0 0 0 0.160809 0.274714 0 0 0 -0 -0 -0 -0 -0 -0 -0 -0
0.273125 0.411368 0.440641 0 0 0 0 0.158296 0.282345 0 0 0 -0 -0 -0 -0 -0 -0 -0 -0
0.27375 0.416329 0.44576 0 0 0 0 0.155783 0.289976 0 0 0 -0 -0 -0 -0 -0 -0 -0 -0
0.274375 0.42132 0.450878 0 0 0 0 0.153271 0.297607 0 0 0 -0 -0 -0 -0 -0 -0 -0 -0
0.275 0.426341 0.455996 0 0 0 0 0.150758 0.305238 0 0 0 -0 -0 -0 -0 -0 -0 -0 -0
0.275625 0.431392 0.461115 0 0 0 0 0.148246 0.312869 0 0 0 -0 -0 -0 -0 -0 -0 -0 -0
0.27625 0.436472 0.466233 0 0 0 0 0.145733 0.3205 0 0 0 -0 -0 -0 -0 -0 -0 -0 -0
0.276875 0.441581 0.471351 0 0 0 0 0.14322 0.328131 0 0 0 -0 -0 -0 -0 -0 -0 -0 -0
0.2775 0.446717 0.476469 0 0 0 0 0.140708 0.335762 0 0 0 -0 -0 -0 -0 -0 -0 -0 -0
0.278125 0.451882 0.481588 0 0 0 0 0.138195 0.343393 0 0 0 -0 -0 -0 -0 -0 -0 -0 -0
0.27875 0.457075 0.486706 0 0 0 0 0.135682 0.351024 0 0 0 -0 -0 -0 -0 -0 -0 -0 -0
0.279375 0.462295 0.491824 0 0 0 0 0.13317 0.358655 0 0 0 -0 -0 -0 -0 -0 -0 -0 -0
0.28 0.467541 0.496943 0 0 0 0 0.130657 0.366286 0 0 0 -0 -0 -0 -0 -0 -0 -0 -0
0.280625 0.472814 0.502061 0 0 0 0 0.128144 0.373917 0 0 0 -0 -0 -0 -0 -0 -0 -0 -0
0.28125 0.478112 0.507179 0 0 0 0 0.125632 0.381548 0 0 0 -0 -0 -0 -0 -0 -0 -0 -0
0.281875 0.483436 0.512298 0 0 0 0 0.123119 0.389179 0 0 0 -0 -0 -0 -0 -0 -0 -0 -0
0.2825 0.488785 0.517416 0 0 0 0 0.120607 0.396809 0 0 0 -0 -0 -0 -0 -0 -0 -0 -0
0.283125 0.494158 0.522534 0 0 0 0 0.118094 0.40444 0 0 0 -0 -0 -0 -0 -0 -0 -0 -0
0.28375 0.499555 0.527653 0 0 0 0 0.115581 0.412071 0 0 0 -0 -0 -0 -0 -0 -0 -0 -0
0.284375 0.504976 0.532771 0 0 0 0 0.113069 0.419702 0 0 0 -0 -0 -0 -0 -0 -0 -0 -0
0.285 0.510419 0.537889 0 0 0 0 0.110556 0.427333 0 0 0 -0 -0 -0 -0 -0 -0 -0 -0
0.285625 0.515885 0.543008 0 0 0 0 0.108043 0.434964 0 0 0 -0 -0 -0 -0 -0 -0 -0 -0
0.28625 0.521373 0.548126 0 0 0 0 0.105531 0.442595 0 0 0 -0 -0 -0 -0 -0 -0 -0 -0
0.286875 0.526882 0.553244 0 0 0 0 0.103018 0.450226 0 0 0 -0 -0 -0 -0 -0 -0 -0 -0
0.2875 0.532412 0.558363 0 0 0 0 0.100505 0.457857 0 0 0 -0 -0 -0 -0 -0 -0 -0 -0
0.288125 0.537962 0.563481 0 0 0 0 0.0979928 0.465488 0 0 0 -0 -0 -0 -0 -0 -0 -0 -0
0.28875 0.543532 0.568599 0 0 0 0 0.0954802 0.473119 0 0 0 -0 -0 -0 -0 -0 -0 -0 -0
0.289375 0.549121 0.573717 0 0 0 0 0.0929675 0.48075 0 0 0 -0 -0 -0 -0 -0 -0 -0 -0
0.29 0.554728 0.578836 0 0 0 0 0.0904549 0.488381 0 0 0 -0 -0 -0 -0 -0 -0 -0 -0
0.290625 0.560353 0.583954 0 0 0 0 0.0879422 0.496012 0 0 0 -0 -0 -0 -0 -0 -0 -0 -0
0.29125 0.565996 0.589072 0 0 0 0 0.0854296 0.503643 0 0 0 -0 -0 -0 -0 -0 -0 -0 -0
0.291875 0.571654 0.594191 0 0 0 0 0.082917 0.511274 0 0 0 -0 -0 -0 -0 -0 -0 -0 -0
0.2925 0.577329 0.599309 0 0 0 0 0.0804043 0.518905 0 0 0 -0 -0 -0 -0 -0 -0 -0 -0
0.293125 0.58302 0.604427 0 0 0 0 0.0778917 0.526536 0 0 0 -0 -0 -0 -0 -0 -0 -0 -0
0.29375 0.588725 0.609546 0 0 0 0 0.0753791 0.534167 0 0 0 -0 -0 -0 -0 -0 -0 -0 -0
0.294375 0.594444 0.614664 0 0 0 0 0.0728664 0.541798 0 0 0 -0 -0 -0 -0 -0 -0 -0 -0
0.295 0.600176 0.619782 0 0 0 0 0.0703538 0.549429 0 0 0 -0 -0 -0 -0 -0 -0 -0 -0
0.295625 0.605921 0.624901 0 0 0 0 0.0678412 0.557059 0 0 0 -0 -0 -0 -0 -0 -0 -0 -0
0.29625 0.611678 0.630019 0 0 0 0 0.0653285 0.56469 0 0 0 -0 -0 -0 -0 -0 -0 -0 -0
0.296875 0.617446 0.635137 0 0 0 0 0.0628159 0.572321 0 0 0 -0 -0 -0 -0 -0 -0 -0 -0
0.2975 0.623225 0.640256 0 0 0 0 0.0603033 0.579952 0 0 0 -0 -0 -0 -0 -0 -0 -0 -0
0.298125 0.629013 0.645374 0 0 0 0 0.0577906 0.587583 0 0 0 -0 -0 -0 -0 -0 -0 -0 -0
0.29875 0.634811 0.650492 0 0 0 0 0.055278 0.595214 0 0 0 -0 -0 -0 -0 -0 -0 -0 -0
0.299375 0.640617 0.655611 0 0 0 0 0.0527653 0.602845 0 0 0 -0 -0 -0 -0 -0 -0 -0 -0
0.3 0.646431 0.660729 0 0 0 0 0.0502527 0.610476 0 0 0 -0 -0 -0 -0 -0 -0 -0 -0
0.300625 0.652252 0.665847 0 0 0 0 0.0477401 0.618107 0 0 0 -0 -0 -0 -0 -0 -0 -0 -0
0.30125 0.658078 0.670965 0 0 0 0 0.0452274 0.625738 0 0 0 -0 -0 -0 -0 -0 -0 -0 -0
0.301875 0.66391 0.676084 0 0 0 0 0.0427148 0.633369 0 0 0 -0 -0 -0 -0 -0 -0 -0 -0
0.3025 0.669747 0.681202 0 0 0 0 0.0402022 0.641 0 0 0 -0 -0 -0 -0 -0 -0 -0 -0
0.303125 0.675588 0.68632 0 0 0 0 0.0376895 0.648631 0 0 0 -0 -0 -0 -0 -0 -0 -0 -0
0.30375 0.681431 0.691439 0 0 0 0 0.0351769 0.656262 0 0 0 -0 -0 -0 -0 -0 -0 -0 -0
0.304375 0.687277 0.696557 0 0 0 0 0.0326643 0.663893 0 0 0 -0 -0 -0 -0 -0 -0 -0 -0
0.305 0.693124 0.701675 0 0 0 0 0.0301516 0.671524 0 0 0 -0 -0 -0 -0 -0 -0 -0 -0
0.305625 0.698972 0.706794 0 0 0 0 0.027639 0.679155 0 0 0 -0 -0 -0 -0 -0 -0 -0 -0
0.30625 0.704819 0.711912 0 0 0 0 0.0251264 0.686786 0 0 0 -0 -0 -0 -0 -0 -0 -0 -0
0.306875 0.710665 0.71703 0 0 0 0 0.0226137 0.694417 0 0 0 -0 -0 -0 -0 -0 -0 -0 -0
0.3075 0.71651 0.722149 0 0 0 0 0.0201011 0.702048 0 0 0 -0 -0 -0 -0 -0 -0 -0 -0
0.308125 0.722352 0.727267 0 0 0 0 0.0175884 0.709679 0 0 0 -0 -0 -0 -0 -0 -0 -0 -0
0.30875 0.72819 0.732385 0 0 0 0 0.0150758 0.717309 0 0 0 -0 -0 -0 -0 -0 -0 -0 -0
0.309375 0.734024 0.737504 0 0 0 0 0.0125632 0.72494 0 0 0 -0 -0 -0 -0 -0 -0 -0 -0
0.31 0.739852 0.742622 0 0 0 0 0.0100505 0.732571 0 0 0 -0 -0 -0 -0 -0 -0 -0 -0
0.310625 0.745674 0.74774 0 0 0 0 0.00753791 0.740202 0 0 0 -0 -0 -0 -0 -0 -0 -0 -0
0.31125 0.751489 0.752859 0 0 0 0 0.00502527 0.747833 0 0 0 -0 -0 -0 -0 -0 -0 -0 -0
0.311875 0.757297 0.757977 0 0 0 0 0.00251264 0.755464 0 0 0 -0 -0 -0 -0 -0 -0 -0 -0
0.3125 0.763095 0.763095 0 0 0 0 0 0.763095 0 0 0 -0 -0 -0 -0 -0 -0 -0 -0
0.313125 0.768884 0.766933 0 0 0 0 0 0.755464 0.0114684 0 0 -0 -0 -0 -0 -0 -0 -0 -0
0.31375 0.774662 0.77077 0 0 0 0 0 0.747833 0.0229369 0 0 -0 -0 -0 -0 -0 -0 -0 -0
0.314375 0.780429 0.774608 0 0 0 0 0 0.740202 0.0344053 0 0 -0 -0 -0 -0 -0 -0 -0 -0
0.315 0.786183 0.778445 0 0 0 0 0 0.732571 0.0458738 0 0 -0 -0 -0 -0 -0 -0 -0 -0
0.315625 0.791924 0.782283 0 0 0 0 0 0.72494 0.0573422 0 0 -0 -0 -0 -0 -0 -0 -0 -0
0.31625 0.797651 0.78612 0 0 0 0 0 0.717309 0.0688107 0 0 -0 -0 -0 -0 -0 -0 -0 -0
0.316875 0.803363 0.789958 0 0 0 0 0 0.709679 0.0802791 0 0 -0 -0 -0 -0 -0 -0 -0 -0
0.3175 0.809059 0.793795 0 0 0 0 0 0.702048 0.0917476 0 0 -0 -0 -0 -0 -0 -0 -0 -0
0.318125 0.814738 0.797633 0 0 0 0 0 0.694417 0.103216 0 0 -0 -0 -0 -0 -0 -0 -0 -0
0.31875 0.820399 0.80147 0 0 0 0 0 0.686786 0.114684 0 0 -0 -0 -0 -0 -0 -0 -0 -0
0.319375 0.826041 0.805308 0 0 0 0 0 0.679155 0.126153 0 0 -0 -0 -0 -0 -0 -0 -0 -0
0.32 0.831664 0.809145 0 0 0 0 0 0.671524 0.137621 0 0 -0 -0 -0 -0 -0 -0 -0 -0
0.320625 0.837266 0.812983 0 0 0 0 0 0.663893 0.14909 0 0 -0 -0 -0 -0 -0 -0 -0 -0
0.32125 0.842846 0.81682 0 0 0 0 0 0.656262 0.160558 0 0 -0 -0 -0 -0 -0 -0 -0 -0
0.321875 0.848404 0.820658 0 0 0 0 0 0.648631 0.172027 0 0 -0 -0 -0 -0 -0 -0 -0 -0
0.3225 0.853938 0.824495 0 0 0 0 0 0.641 0.183495 0 0 -0 -0 -0 -0 -0 -0 -0 -0
0.323125 0.859448 0.828333 0 0 0 0 0 0.633369 0.194964 0 0 -0 -0 -0 -0 -0 -0 -0 -0
0.32375 0.864933 0.83217 0 0 0 0 0 0.625738 0.206432 0 0 -0 -0 -0 -0 -0 -0 -0 -0
0.324375 0.870392 0.836008 0 0 0 0 0 0.618107 0.2179 0 0 -0 -0 -0 -0 -0 -0 -0 -0
0.325 0.875823 0.839845 0 0 0 0 0 0.610476 0.229369 0 0 -0 -0 -0 -0 -0 -0 -0 -0
0.325625 0.881227 0.843683 0 0 0 0 0 0.602845 0.240837 0 0 -0 -0 -0 -0 -0 -0 -0 -0
0.32625 0.886601 0.84752 0 0 0 0 0 0.595214 0.252306 0 0 -0 -0 -0 -0 -0 -0 -0 -0
0.326875 0.891945 0.851358 0 0 0 0 0 0.587583 0.263774 0 0 -0 -0 -0 -0 -0 -0 -0 -0
0.3275 0.897258 0.855195 0 0 0 0 0 0.579952 0.275243 0 0 -0 -0 -0 -0 -0 -0 -0 -0
0.328125 0.90254 0.859033 0 0 0 0 0 0.572321 0.286711 0 0 -0 -0 -0 -0 -0 -0 -0 -0
0.32875 0.907789 0.86287 0 0 0 0 0 0.56469 0.29818 0 0 -0 -0 -0 -0 -0 -0 -0 -0
0.329375 0.913004 0.866708 0 0 0 0 0 0.557059 0.309648 0 0 -0 -0 -0 -0 -0 -0 -0 -0
0.33 0.918184 0.870545 0 0 0 0 0 0.549429 0.321117 0 0 -0 -0 -0 -0 -0 -0 -0 -0
0.330625 0.923329 0.874383 0 0 0 0 0 0.541798 0.332585 0 0 -0 -0 -0 -0 -0 -0 -0 -0
0.33125 0.928437 0.87822 0 0 0 0 0 0.534167 0.344053 0 0 -0 -0 -0 -0 -0 -0 -0 -0
0.331875 0.933508 0.882058 0 0 0 0 0 0.526536 0.355522 0 0 -0 -0 -0 -0 -0 -0 -0 -0
0.3325 0.938541 0.885895 0 0 0 0 0 0.518905 0.36699 0 0 -0 -0 -0 -0 -0 -0 -0 -0
0.333125 0.943534 0.889733 0 0 0 0 0 0.511274 0.378459 0 0 -0 -0 -0 -0 -0 -0 -0 -0
0.33375 0.948487 0.89357 0 0 0 0 0 0.503643 0.389927 0 0 -0 -0 -0 -0 -0 -0 -0 -0
0.334375 0.953399 0.897408 0 0 0 0 0 0.496012 0.401396 0 0 -0 -0 -0 -0 -0 -0 -0 -0
0.335 0.958269 0.901245 0 0 0 0 0 0.488381 0.412864 0 0 -0 -0 -0 -0 -0 -0 -0 -0
0.335625 0.963096 0.905083 0 0 0 0 0 0.48075 0.424333 0 0 -0 -0 -0 -0 -0 -0 -0 -0
0.33625 0.96788 0.90892 0 0 0 0 0 0.473119 0.435801 0 0 -0 -0 -0 -0 -0 -0 -0 -0
0.336875 0.972618 0.912758 0 0 0 0 0 0.465488 0.447269 0 0 -0 -0 -0 -0 -0 -0 -0 -0
0.3375 0.977311 0.916595 0 0 0 0 0 0.457857 0.458738 0 0 -0 -0 -0 -0 -0 -0 -0 -0
0.338125 0.981958 0.920432 0 0 0 0 0 0.450226 0.470206 0 0 -0 -0 -0 -0 -0 -0 -0 -0
0.33875 0.986557 0.92427 0 0 0 0 0 0.442595 0.481675 0 0 -0 -0 -0 -0 -0 -0 -0 -0
0.339375 0.991108 0.928107 0 0 0 0 0 0.434964 0.493143 0 0 -0 -0 -0 -0 -0 -0 -0 -0
0.34 0.99561 0.931945 0 0 0 0 0 0.427333 0.504612 0 0 -0 -0 -0 -0 -0 -0 -0 -0
0.340625 1.00006 0.935782 0 0 0 0 0 0.419702 0.51608 0 0 -0 -0 -0 -0 -0 -0 -0 -0
0.34125 1.00446 0.93962 0 0 0 0 0 0.412071 0.527549 0 0 -0 -0 -0 -0 -0 -0 -0 -0
0.341875 1.00881 0.943457 0 0 0 0 0 0.40444 0.539017 0 0 -0 -0 -0 -0 -0 -0 -0 -0
0.3425 1.01311 0.947295 0 0 0 0 0 0.396809 0.550485 0 0 -0 -0 -0 -0 -0 -0 -0 -0
0.343125 1.01735 0.951132 0 0 0 0 0 0.389179 0.561954 0 0 -0 -0 -0 -0 -0 -0 -0 -0
0.34375 1.02154 0.95497 0 0 0 0 0 0.381548 0.573422 0 0 -0 -0 -0 -0 -0 -0 -0 -0
0.344375 1.02568 0.958807 0 0 0 0 0 0.373917 0.584891 0 0 -0 -0 -0 -0 -0 -0 -0 -0
0.345 1.02976 0.962645 0 0 0 0 0 0.366286 0.596359 0 0 -0 -0 -0 -0 -0 -0 -0 -0
0.345625 1.03378 0.966482 0 0 0 0 0 0.358655 0.607828 0 0 -0 -0 -0 -0 -0 -0 -0 -0
0.34625 1.03775 0.97032 0 0 0 0 0 0.351024 0.619296 0 0 -0 -0 -0 -0 -0 -0 -0 -0
0.346875 1.04165 0.974157 0 0 0 0 0 0.343393 0.630765 0 0 -0 -0 -0 -0 -0 -0 -0 -0
0.3475 1.0455 0.977995 0 0 0 0 0 0.335762 0.642233 0 0 -0 -0 -0 -0 -0 -0 -0 -0
0.348125 1.04929 0.981832 0 0 0 0 0 0.328131 0.653701 0 0 -0 -0 -0 -0 -0 -0 -0 -0
0.34875 1.05302 0.98567 0 0 0 0 0 0.3205 0.66517 0 0 -0 -0 -0 -0 -0 -0 -0 -0
0.349375 1.05668 0.989507 0 0 0 0 0 0.312869 0.676638 0 0 -0 -0 -0 -0 -0 -0 -0 -0
0.35 1.06029 0.993345 0 0 0 0 0 0.305238 0.688107 0 0 -0 -0 -0 -0 -0 -0 -0 -0
0.350625 1.06383 0.997182 0 0 0 0 0 0.297607 0.699575 0 0 -0 -0 -0 -0 -0 -0 -0 -0
0.35125 1.06731 1.00102 0 0 0 0 0 0.289976 0.711044 0 0 -0 -0 -0 -0 -0 -0 -0 -0
0.351875 1.07073 1.00486 0 0 0 0 0 0.282345 0.722512 0 0 -0 -0 -0 -0 -0 -0 -0 -0
0.3525 1.07408 1.00869 0 0 0 0 0 0.274714 0.733981 0 0 -0 -0 -0 -0 -0 -0 -0 -0
0.353125 1.07736 1.01253 0 0 0 0 0 0.267083 0.745449 0 0 -0 -0 -0 -0 -0 -0 -0 -0
0.35375 1.08058 1.01637 0 0 0 0 0 0.259452 0.756918 0 0 -0 -0 -0 -0 -0 -0 -0 -0
0.354375 1.08373 1.02021 0 0 0 0 0 0.251821 0.768386 0 0 -0 -0 -0 -0 -0 -0 -0 -0
0.355 1.08682 1.02404 0 0 0 0 0 0.24419 0.779854 0 0 -0 -0 -0 -0 -0 -0 -0 -0
0.355625 1.08983 1.02788 0 0 0 0 0 0.23656 0.791323 0 0 -0 -0 -0 -0 -0 -0 -0 -0
0.35625 1.09278 1.03172 0 0 0 0 0 0.228929 0.802791 0 0 -0 -0 -0 -0 -0 -0 -0 -0
0.356875 1.09566 1.03556 0 0 0 0 0 0.221298 0.81426 0 0 -0 -0 -0 -0 -0 -0 -0 -0
0.3575 1.09847 1.03939 0 0 0 0 0 0.213667 0.825728 0 0 -0 -0 -0 -0 -0 -0 -0 -0
0.358125 1.10121 1.04323 0 0 0 0 0 0.206036 0.837197 0 0 -0 -0 -0 -0 -0 -0 -0 -0
0.35875 1.10388 1.04707 0 0 0 0 0 0.198405 0.848665 0 0 -0 -0 -0 -0 -0 -0 -0 -0
0.359375 1.10648 1.05091 0 0 0 0 0 0.190774 0.860134 0 0 -0 -0 -0 -0 -0 -0 -0 -0
0.36 1.109 1.05474 0 0 0 0 0 0.183143 0.871602 0 0 -0 -0 -0 -0 -0 -0 -0 -0
0.360625 1.11145 1.05858 0 0 0 0 0 0.175512 0.88307 0 0 -0 -0 -0 -0 -0 -0 -0 -0
0.36125 1.11383 1.06242 0 0 0 0 0 0.167881 0.894539 0 0 -0 -0 -0 -0 -0 -0 -0 -0
0.361875 1.11614 1.06626 0 0 0 0 0 0.16025 0.906007 0 0 -0 -0 -0 -0 -0 -0 -0 -0
0.3625 1.11837 1.07009 0 0 0 0 0 0.152619 0.917476 0 0 -0 -0 -0 -0 -0 -0 -0 -0
0.363125 1.12053 1.07393 0 0 0 0 0 0.144988 0.928944 0 0 -0 -0 -0 -0 -0 -0 -0 -0
0.36375 1.12261 1.07777 0 0 0 0 0 0.137357 0.940413 0 0 -0 -0 -0 -0 -0 -0 -0 -0
0.364375 1.12461 1.08161 0 0 0 0 0 0.129726 0.951881 0 0 -0 -0 -0 -0 -0 -0 -0 -0
0.365 1.12654 1.08544 0 0 0 0 0 0.122095 0.96335 0 0 -0 -0 -0 -0 -0 -0 -0 -0
0.365625 1.1284 1.08928 0 0 0 0 0 0.114464 0.974818 0 0 -0 -0 -0 -0 -0 -0 -0 -0
0.36625 1.13018 1.09312 0 0 0 0 0 0.106833 0.986286 0 0 -0 -0 -0 -0 -0 -0 -0 -0
0.366875 1.13188 1.09696 0 0 0 0 0 0.0992024 0.997755 0 0 -0 -0 -0 -0 -0 -0 -0 -0
0.3675 1.1335 1.10079 0 0 0 0 0 0.0915714 1.00922 0 0 -0 -0 -0 -0 -0 -0 -0 -0
0.368125 1.13505 1.10463 0 0 0 0 0 0.0839405 1.02069 0 0 -0 -0 -0 -0 -0 -0 -0 -0
0.36875 1.13652 1.10847 0 0 0 0 0 0.0763095 1.03216 0 0 -0 -0 -0 -0 -0 -0 -0 -0
0.369375 1.13791 1.11231 0 0 0 0 0 0.0686786 1.04363 0 0 -0 -0 -0 -0 -0 -0 -0 -0
0.37 1.13922 1.11614 0 0 0 0 0 0.0610476 1.0551 0 0 -0 -0 -0 -0 -0 -0 -0 -0
0.370625 1.14045 1.11998 0 0 0 0 0 0.0534167 1.06657 0 0 -0 -0 -0 -0 -0 -0 -0 -0
0.37125 1.1416 1.12382 0 0 0 0 0 0.0457857 1.07803 0 0 -0 -0 -0 -0 -0 -0 -0 -0
0.371875 1.14268 1.12766 0 0 0 0 0 0.0381548 1.0895 0 0 -0 -0 -0 -0 -0 -0 -0 -0
0.3725 1.14367 1.13149 0 0 0 0 0 0.0305238 1.10097 0 0 -0 -0 -0 -0 -0 -0 -0 -0
0.373125 1.14458 1.13533 0 0 0 0 0 0.0228929 1.11244 0 0 -0 -0 -0 -0 -0 -0 -0 -0
0.37375 1.14542 1.13917 0 0 0 0 0 0.0152619 1.12391 0 0 -0 -0 -0 -0 -0 -0 -0 -0
0.374375 1.14617 1.14301 0 0 0 0 0 0.00763095 1.13538 0 0 -0 -0 -0 -0 -0 -0 -0 -0
0.375 1.14684 1.14684 0 0 0 0 0 0 1.14684 0 0 -0 -0 -0 -0 -0 -0 -0 -0
0.375625 1.14744 1.14387 0 0 0 0 0 0 1.13538 0.00849846 0 -0 -0 -0 -0 -0 -0 -0 -0
0.37625 1.14795 1.1409 0 0 0 0 0 0 1.12391 0.0169969 0 -0 -0 -0 -0 -0 -0 -0 -0
0.376875 1.14838 1.13793 0 0 0 0 0 0 1.11244 0.0254954 0 -0 -0 -0 -0 -0 -0 -0 -0
0.3775 1.14873 1.13496 0 0 0 0 0 0 1.10097 0.0339938 0 -0 -0 -0 -0 -0 -0 -0 -0
0.378125 1.149 1.13199 0 0 0 0 0 0 1.0895 0.0424923 0 -0 -0 -0 -0 -0 -0 -0 -0
0.37875 1.14919 1.12902 0 0 0 0 0 0 1.07803 0.0509907 0 -0 -0 -0 -0 -0 -0 -0 -0
0.379375 1.1493 1.12605 0 0 0 0 0 0 1.06657 0.0594892 0 -0 -0 -0 -0 -0 -0 -0 -0
0.38 1.14932 1.12308 0 0 0 0 0 0 1.0551 0.0679877 0 -0 -0 -0 -0 -0 -0 -0 -0
0.380625 1.14927 1.12011 0 0 0 0 0 0 1.04363 0.0764861 0 -0 -0 -0 -0 -0 -0 -0 -0
0.38125 1.14913 1.11714 0 0 0 0 0 0 1.03216 0.0849846 0 -0 -0 -0 -0 -0 -0 -0 -0
0.381875 1.14891 1.11417 0 0 0 0 0 0 1.02069 0.093483 0 -0 -0 -0 -0 -0 -0 -0 -0
0.3825 1.14862 1.1112 0 0 0 0 0 0 1.00922 0.101981 0 -0 -0 -0 -0 -0 -0 -0 -0
0.383125 1.14824 1.10823 0 0 0 0 0 0 0.997755 0.11048 0 -0 -0 -0 -0 -0 -0 -0 -0
0.38375 1.14778 1.10526 0 0 0 0 0 0 0.986286 0.118978 0 -0 -0 -0 -0 -0 -0 -0 -0
0.384375 1.14723 1.10229 0 0 0 0 0 0 0.974818 0.127477 0 -0 -0 -0 -0 -0 -0 -0 -0
0.385 1.14661 1.09932 0 0 0 0 0 0 0.96335 0.135975 0 -0 -0 -0 -0 -0 -0 -0 -0
0.385625 1.14591 1.09635 0 0 0 0 0 0 0.951881 0.144474 0 -0 -0 -0 -0 -0 -0 -0 -0
0.38625 1.14513 1.09338 0 0 0 0 0 0 0.940413 0.152972 0 -0 -0 -0 -0 -0 -0 -0 -0
0.386875 1.14426 1.09041 0 0 0 0 0 0 0.928944 0.161471 0 -0 -0 -0 -0 -0 -0 -0 -0
0.3875 1.14332 1.08744 0 0 0 0 0 0 0.917476 0.169969 0 -0 -0 -0 -0 -0 -0 -0 -0
0.388125 1.1423 1.08447 0 0 0 0 0 0 0.906007 0.178468 0 -0 -0 -0 -0 -0 -0 -0 -0
0.38875 1.14119 1.0815 0 0 0 0 0 0 0.894539 0.186966 0 -0 -0 -0 -0 -0 -0 -0 -0
0.389375 1.14001 1.07853 0 0 0 0 0 0 0.88307 0.195465 0 -0 -0 -0 -0 -0 -0 -0 -0
0.39 1.13875 1.07556 0 0 0 0 0 0 0.871602 0.203963 0 -0 -0 -0 -0 -0 -0 -0 -0
0.390625 1.1374 1.07259 0 0 0 0 0 0 0.860134 0.212461 0 -0 -0 -0 -0 -0 -0 -0 -0
0.39125 1.13598 1.06962 0 0 0 0 0 0 0.848665 0.22096 0 -0 -0 -0 -0 -0 -0 -0 -0
0.391875 1.13449 1.06665 0 0 0 0 0 0 0.837197 0.229458 0 -0 -0 -0 -0 -0 -0 -0 -0
0.3925 1.13291 1.06368 0 0 0 0 0 0 0.825728 0.237957 0 -0 -0 -0 -0 -0 -0 -0 -0
0.393125 1.13125 1.06071 0 0 0 0 0 0 0.81426 0.246455 0 -0 -0 -0 -0 -0 -0 -0 -0
0.39375 1.12952 1.05775 0 0 0 0 0 0 0.802791 0.254954 0 -0 -0 -0 -0 -0 -0 -0 -0
0.394375 1.12771 1.05478 0 0 0 0 0 0 0.791323 0.263452 0 -0 -0 -0 -0 -0 -0 -0 -0
0.395 1.12583 1.05181 0 0 0 0 0 0 0.779854 0.271951 0 -0 -0 -0 -0 -0 -0 -0 -0
0.395625 1.12386 1.04884 0 0 0 0 0 0 0.768386 0.280449 0 -0 -0 -0 -0 -0 -0 -0 -0
0.39625 1.12182 1.04587 0 0 0 0 0 0 0.756918 0.288948 0 -0 -0 -0 -0 -0 -0 -0 -0
0.396875 1.11971 1.0429 0 0 0 0 0 0 0.745449 0.297446 0 -0 -0 -0 -0 -0 -0 -0 -0
0.3975 1.11752 1.03993 0 0 0 0 0 0 0.733981 0.305944 0 -0 -0 -0 -0 -0 -0 -0 -0
0.398125 1.11525 1.03696 0 0 0 0 0 0 0.722512 0.314443 0 -0 -0 -0 -0 -0 -0 -0 -0
0.39875 1.11292 1.03399 0 0 0 0 0 0 0.711044 0.322941 0 -0 -0 -0 -0 -0 -0 -0 -0
0.399375 1.1105 1.03102 0 0 0 0 0 0 0.699575 0.33144 0 -0 -0 -0 -0 -0 -0 -0 -0
0.4 1.10802 1.02805 0 0 0 0 0 0 0.688107 0.339938 0 -0 -0 -0 -0 -0 -0 -0 -0
0.400625 1.10546 1.02508 0 0 0 0 0 0 0.676638 0.348437 0 -0 -0 -0 -0 -0 -0 -0 -0
0.40125 1.10283 1.02211 0 0 0 0 0 0 0.66517 0.356935 0 -0 -0 -0 -0 -0 -0 -0 -0
0.401875 1.10012 1.01914 0 0 0 0 0 0 0.653701 0.365434 0 -0 -0 -0 -0 -0 -0 -0 -0
0.4025 1.09735 1.01617 0 0 0 0 0 0 0.642233 0.373932 0 -0 -0 -0 -0 -0 -0 -0 -0
0.403125 1.0945 1.0132 0 0 0 0 0 0 0.630765 0.382431 0 -0 -0 -0 -0 -0 -0 -0 -0
0.40375 1.09159 1.01023 0 0 0 0 0 0 0.619296 0.390929 0 -0 -0 -0 -0 -0 -0 -0 -0
0.404375 1.0886 1.00726 0 0 0 0 0 0 0.607828 0.399427 0 -0 -0 -0 -0 -0 -0 -0 -0
0.405 1.08555 1.00429 0 0 0 0 0 0 0.596359 0.407926 0 -0 -0 -0 -0 -0 -0 -0 -0
0.405625 1.08243 1.00132 0 0 0 0 0 0 0.584891 0.416424 0 -0 -0 -0 -0 -0 -0 -0 -0
0.40625 1.07924 0.998345 0 0 0 0 0 0 0.573422 0.424923 0 -0 -0 -0 -0 -0 -0 -0 -0
0.406875 1.07598 0.995375 0 0 0 0 0 0 0.561954 0.433421 0 -0 -0 -0 -0 -0 -0 -0 -0
0.4075 1.07265 0.992405 0 0 0 0 0 0 0.550485 0.44192 0 -0 -0 -0 -0 -0 -0 -0 -0
0.408125 1.06926 0.989435 0 0 0 0 0 0 0.539017 0.450418 0 -0 -0 -0 -0 -0 -0 -0 -0
0.40875 1.06581 0.986465 0 0 0 0 0 0 0.527549 0.458917 0 -0 -0 -0 -0 -0 -0 -0 -0
0.409375 1.06229 0.983495 0 0 0 0 0 0 0.51608 0.467415 0 -0 -0 -0 -0 -0 -0 -0 -0
0.41 1.05871 0.980525 0 0 0 0 0 0 0.504612 0.475914 0 -0 -0 -0 -0 -0 -0 -0 -0
0.410625 1.05506 0.977555 0 0 0 0 0 0 0.493143 0.484412 0 -0 -0 -0 -0 -0 -0 -0 -0
0.41125 1.05135 0.974585 0 0 0 0 0 0 0.481675 0.492911 0 -0 -0 -0 -0 -0 -0 -0 -0
0.411875 1.04758 0.971615 0 0 0 0 0 0 0.470206 0.501409 0 -0 -0 -0 -0 -0 -0 -0 -0
0.4125 1.04375 0.968645 0 0 0 0 0 0 0.458738 0.509907 0 -0 -0 -0 -0 -0 -0 -0 -0
0.413125 1.03986 0.965675 0 0 0 0 0 0 0.447269 0.518406 0 -0 -0 -0 -0 -0 -0 -0 -0
0.41375 1.03591 0.962705 0 0 0 0 0 0 0.435801 0.526904 0 -0 -0 -0 -0 -0 -0 -0 -0
0.414375 1.0319 0.959735 0 0 0 0 0 0 0.424333 0.535403 0 -0 -0 -0 -0 -0 -0 -0 -0
0.415 1.02783 0.956765 0 0 0 0 0 0 0.412864 0.543901 0 -0 -0 -0 -0 -0 -0 -0 -0
0.415625 1.0237 0.953795 0 0 0 0 0 0 0.401396 0.5524 0 -0 -0 -0 -0 -0 -0 -0 -0
0.41625 1.01952 0.950825 0 0 0 0 0 0 0.389927 0.560898 0 -0 -0 -0 -0 -0 -0 -0 -0
0.416875 1.01528 0.947855 0 0 0 0 0 0 0.378459 0.569397 0 -0 -0 -0 -0 -0 -0 -0 -0
0.4175 1.01099 0.944885 0 0 0 0 0 0 0.36699 0.577895 0 -0 -0 -0 -0 -0 -0 -0 -0
0.418125 1.00665 0.941915 0 0 0 0 0 0 0.355522 0.586394 0 -0 -0 -0 -0 -0 -0 -0 -0
0.41875 1.00225 0.938945 0 0 0 0 0 0 0.344053 0.594892 0 -0 -0 -0 -0 -0 -0 -0 -0
0.419375 0.997796 0.935975 0 0 0 0 0 0 0.332585 0.60339 0 -0 -0 -0 -0 -0 -0 -0 -0
0.42 0.993293 0.933005 0 0 0 0 0 0 0.321117 0.611889 0 -0 -0 -0 -0 -0 -0 -0 -0
0.420625 0.98874 0.930035 0 0 0 0 0 0 0.309648 0.620387 0 -0 -0 -0 -0 -0 -0 -0 -0
0.42125 0.984137 0.927065 0 0 0 0 0 0 0.29818 0.628886 0 -0 -0 -0 -0 -0 -0 -0 -0
0.421875 0.979484 0.924095 0 0 0 0 0 0 0.286711 0.637384 0 -0 -0 -0 -0 -0 -0 -0 -0
0.4225 0.974784 0.921125 0 0 0 0 0 0 0.275243 0.645883 0 -0 -0 -0 -0 -0 -0 -0 -0
0.423125 0.970036 0.918155 0 0 0 0 0 0 0.263774 0.654381 0 -0 -0 -0 -0 -0 -0 -0 -0
0.42375 0.965242 0.915185 0 0 0 0 0 0 0.252306 0.66288 0 -0 -0 -0 -0 -0 -0 -0 -0
0.424375 0.960402 0.912215 0 0 0 0 0 0 0.240837 0.671378 0 -0 -0 -0 -0 -0 -0 -0 -0
0.425 0.955518 0.909246 0 0 0 0 0 0 0.229369 0.679877 0 -0 -0 -0 -0 -0 -0 -0 -0
0.425625 0.95059 0.906276 0 0 0 0 0 0 0.2179 0.688375 0 -0 -0 -0 -0 -0 -0 -0 -0
0.42625 0.945619 0.903306 0 0 0 0 0 0 0.206432 0.696873 0 -0 -0 -0 -0 -0 -0 -0 -0
0.426875 0.940606 0.900336 0 0 0 0 0 0 0.194964 0.705372 0 -0 -0 -0 -0 -0 -0 -0 -0
0.4275 0.935553 0.897366 0 0 0 0 0 0 0.183495 0.71387 0 -0 -0 -0 -0 -0 -0 -0 -0
0.428125 0.930459 0.894396 0 0 0 0 0 0 0.172027 0.722369 0 -0 -0 -0 -0 -0 -0 -0 -0
0.42875 0.925325 0.891426 0 0 0 0 0 0 0.160558 0.730867 0 -0 -0 -0 -0 -0 -0 -0 -0
0.429375 0.920154 0.888456 0 0 0 0 0 0 0.14909 0.739366 0 -0 -0 -0 -0 -0 -0 -0 -0
0.43 0.914944 0.885486 0 0 0 0 0 0 0.137621 0.747864 0 -0 -0 -0 -0 -0 -0 -0 -0
0.430625 0.909699 0.882516 0 0 0 0 0 0 0.126153 0.756363 0 -0 -0 -0 -0 -0 -0 -0 -0
0.43125 0.904417 0.879546 0 0 0 0 0 0 0.114684 0.764861 0 -0 -0 -0 -0 -0 -0 -0 -0
0.431875 0.899101 0.876576 0 0 0 0 0 0 0.103216 0.77336 0 -0 -0 -0 -0 -0 -0 -0 -0
0.4325 0.893751 0.873606 0 0 0 0 0 0 0.0917476 0.781858 0 -0 -0 -0 -0 -0 -0 -0 -0
0.433125 0.888369 0.870636 0 0 0 0 0 0 0.0802791 0.790357 0 -0 -0 -0 -0 -0 -0 -0 -0
0.43375 0.882954 0.867666 0 0 0 0 0 0 0.0688107 0.798855 0 -0 -0 -0 -0 -0 -0 -0 -0
0.434375 0.877508 0.864696 0 0 0 0 0 0 0.0573422 0.807353 0 -0 -0 -0 -0 -0 -0 -0 -0
0.435 0.872032 0.861726 0 0 0 0 0 0 0.0458738 0.815852 0 -0 -0 -0 -0 -0 -0 -0 -0
0.435625 0.866527 0.858756 0 0 0 0 0 0 0.0344053 0.82435 0 -0 -0 -0 -0 -0 -0 -0 -0
0.43625 0.860994 0.855786 0 0 0 0 0 0 0.0229369 0.832849 0 -0 -0 -0 -0 -0 -0 -0 -0
0.436875 0.855433 0.852816 0 0 0 0 0 0 0.0114684 0.841347 0 -0 -0 -0 -0 -0 -0 -0 -0
0.4375 0.849846 0.849846 0 0 0 0 0 0 0 0.849846 0 -0 -0 -0 -0 -0 -0 -0 -0
0.438125 0.844233 0.844279 0 0 0 0 0 0 0 0.841347 0.00293185 -0 -0 -0 -0 -0 -0 -0 -0
0.43875 0.838596 0.838712 0 0 0 0 0 0 0 0.832849 0.0058637 -0 -0 -0 -0 -0 -0 -0 -0
0.439375 0.832934 0.833146 0 0 0 0 0 0 0 0.82435 0.00879555 -0 -0 -0 -0 -0 -0 -0 -0
0.44 0.82725 0.827579 0 0 0 0 0 0 0 0.815852 0.0117274 -0 -0 -0 -0 -0 -0 -0 -0
0.440625 0.821545 0.822013 0 0 0 0 0 0 0 0.807353 0.0146593 -0 -0 -0 -0 -0 -0 -0 -0
0.44125 0.815818 0.816446 0 0 0 0 0 0 0 0.798855 0.0175911 -0 -0 -0 -0 -0 -0 -0 -0
0.441875 0.810071 0.810879 0 0 0 0 0 0 0 0.790357 0.020523 -0 -0 -0 -0 -0 -0 -0 -0
0.4425 0.804305 0.805313 0 0 0 0 0 0 0 0.781858 0.0234548 -0 -0 -0 -0 -0 -0 -0 -0
0.443125 0.798521 0.799746 0 0 0 0 0 0 0 0.77336 0.0263867 -0 -0 -0 -0 -0 -0 -0 -0
0.44375 0.792719 0.79418 0 0 0 0 0 0 0 0.764861 0.0293185 -0 -0 -0 -0 -0 -0 -0 -0
0.444375 0.786901 0.788613 0 0 0 0 0 0 0 0.756363 0.0322504 -0 -0 -0 -0 -0 -0 -0 -0
0.445 0.781068 0.783046 0 0 0 0 0 0 0 0.747864 0.0351822 -0 -0 -0 -0 -0 -0 -0 -0
0.445625 0.775219 0.77748 0 0 0 0 0 0 0 0.739366 0.0381141 -0 -0 -0 -0 -0 -0 -0 -0
0.44625 0.769357 0.771913 0 0 0 0 0 0 0 0.730867 0.0410459 -0 -0 -0 -0 -0 -0 -0 -0
0.446875 0.763482 0.766347 0 0 0 0 0 0 0 0.722369 0.0439778 -0 -0 -0 -0 -0 -0 -0 -0
0.4475 0.757595 0.76078 0 0 0 0 0 0 0 0.71387 0.0469096 -0 -0 -0 -0 -0 -0 -0 -0
0.448125 0.751697 0.755213 0 0 0 0 0 0 0 0.705372 0.0498415 -0 -0 -0 -0 -0 -0 -0 -0
0.44875 0.745788 0.749647 0 0 0 0 0 0 0 0.696873 0.0527733 -0 -0 -0 -0 -0 -0 -0 -0
0.449375 0.73987 0.74408 0 0 0 0 0 0 0 0.688375 0.0557052 -0 -0 -0 -0 -0 -0 -0 -0
0.45 0.733944 0.738514 0 0 0 0 0 0 0 0.679877 0.058637 -0 -0 -0 -0 -0 -0 -0 -0
0.450625 0.728009 0.732947 0 0 0 0 0 0 0 0.671378 0.0615689 -0 -0 -0 -0 -0 -0 -0 -0
0.45125 0.722068 0.72738 0 0 0 0 0 0 0 0.66288 0.0645007 -0 -0 -0 -0 -0 -0 -0 -0
0.451875 0.716121 0.721814 0 0 0 0 0 0 0 0.654381 0.0674326 -0 -0 -0 -0 -0 -0 -0 -0
0.4525 0.710168 0.716247 0 0 0 0 0 0 0 0.645883 0.0703644 -0 -0 -0 -0 -0 -0 -0 -0
0.453125 0.704211 0.710681 0 0 0 0 0 0 0 0.637384 0.0732963 -0 -0 -0 -0 -0 -0 -0 -0
0.45375 0.698251 0.705114 0 0 0 0 0 0 0 0.628886 0.0762281 -0 -0 -0 -0 -0 -0 -0 -0
0.454375 0.692287 0.699547 0 0 0 0 0 0 0 0.620387 0.07916 -0 -0 -0 -0 -0 -0 -0 -0
0.455 0.686322 0.693981 0 0 0 0 0 0 0 0.611889 0.0820918 -0 -0 -0 -0 -0 -0 -0 -0
0.455625 0.680356 0.688414 0 0 0 0 0 0 0 0.60339 0.0850237 -0 -0 -0 -0 -0 -0 -0 -0
0.45625 0.674389 0.682848 0 0 0 0 0 0 0 0.594892 0.0879555 -0 -0 -0 -0 -0 -0 -0 -0
0.456875 0.668423 0.677281 0 0 0 0 0 0 0 0.586394 0.0908874 -0 -0 -0 -0 -0 -0 -0 -0
0.4575 0.662457 0.671714 0 0 0 0 0 0 0 0.577895 0.0938192 -0 -0 -0 -0 -0 -0 -0 -0
0.458125 0.656494 0.666148 0 0 0 0 0 0 0 0.569397 0.0967511 -0 -0 -0 -0 -0 -0 -0 -0
0.45875 0.650534 0.660581 0 0 0 0 0 0 0 0.560898 0.0996829 -0 -0 -0 -0 -0 -0 -0 -0
0.459375 0.644577 0.655014 0 0 0 0 0 0 0 0.5524 0.102615 -0 -0 -0 -0 -0 -0 -0 -0
0.46 0.638624 0.649448 0 0 0 0 0 0 0 0.543901 0.105547 -0 -0 -0 -0 -0 -0 -0 -0
0.460625 0.632676 0.643881 0 0 0 0 0 0 0 0.535403 0.108478 -0 -0 -0 -0 -0 -0 -0 -0
0.46125 0.626734 0.638315 0 0 0 0 0 0 0 0.526904 0.11141 -0 -0 -0 -0 -0 -0 -0 -0
0.461875 0.620798 0.632748 0 0 0 0 0 0 0 0.518406 0.114342 -0 -0 -0 -0 -0 -0 -0 -0
0.4625 0.614869 0.627181 0 0 0 0 0 0 0 0.509907 0.117274 -0 -0 -0 -0 -0 -0 -0 -0
0.463125 0.608948 0.621615 0 0 0 0 0 0 0 0.501409 0.120206 -0 -0 -0 -0 -0 -0 -0 -0
0.46375 0.603036 0.616048 0 0 0 0 0 0 0 0.492911 0.123138 -0 -0 -0 -0 -0 -0 -0 -0
0.464375 0.597133 0.610482 0 0 0 0 0 0 0 0.484412 0.12607 -0 -0 -0 -0 -0 -0 -0 -0
0.465 0.591239 0.604915 0 0 0 0 0 0 0 0.475914 0.129001 -0 -0 -0 -0 -0 -0 -0 -0
0.465625 0.585357 0.599348 0 0 0 0 0 0 0 0.467415 0.131933 -0 -0 -0 -0 -0 -0 -0 -0
0.46625 0.579485 0.593782 0 0 0 0 0 0 0 0.458917 0.134865 -0 -0 -0 -0 -0 -0 -0 -0
0.466875 0.573625 0.588215 0 0 0 0 0 0 0 0.450418 0.137797 -0 -0 -0 -0 -0 -0 -0 -0
0.4675 0.567778 0.582649 0 0 0 0 0 0 0 0.44192 0.140729 -0 -0 -0 -0 -0 -0 -0 -0
0.468125 0.561944 0.577082 0 0 0 0 0 0 0 0.433421 0.143661 -0 -0 -0 -0 -0 -0 -0 -0
0.46875 0.556123 0.571515 0 0 0 0 0 0 0 0.424923 0.146593 -0 -0 -0 -0 -0 -0 -0 -0
0.469375 0.550317 0.565949 0 0 0 0 0 0 0 0.416424 0.149524 -0 -0 -0 -0 -0 -0 -0 -0
0.47 0.544526 0.560382 0 0 0 0 0 0 0 0.407926 0.152456 -0 -0 -0 -0 -0 -0 -0 -0
0.470625 0.53875 0.554816 0 0 0 0 0 0 0 0.399427 0.155388 -0 -0 -0 -0 -0 -0 -0 -0
0.47125 0.53299 0.549249 0 0 0 0 0 0 0 0.390929 0.15832 -0 -0 -0 -0 -0 -0 -0 -0
0.471875 0.527247 0.543682 0 0 0 0 0 0 0 0.382431 0.161252 -0 -0 -0 -0 -0 -0 -0 -0
0.4725 0.521521 0.538116 0 0 0 0 0 0 0 0.373932 0.164184 -0 -0 -0 -0 -0 -0 -0 -0
0.473125 0.515813 0.532549 0 0 0 0 0 0 0 0.365434 0.167115 -0 -0 -0 -0 -0 -0 -0 -0
0.47375 0.510123 0.526983 0 0 0 0 0 0 0 0.356935 0.170047 -0 -0 -0 -0 -0 -0 -0 -0
0.474375 0.504452 0.521416 0 0 0 0 0 0 0 0.348437 0.172979 -0 -0 -0 -0 -0 -0 -0 -0
0.475 0.498801 0.515849 0 0 0 0 0 0 0 0.339938 0.175911 -0 -0 -0 -0 -0 -0 -0 -0
0.475625 0.493169 0.510283 0 0 0 0 0 0 0 0.33144 0.178843 -0 -0 -0 -0 -0 -0 -0 -0
0.47625 0.487557 0.504716 0 0 0 0 0 0 0 0.322941 0.181775 -0 -0 -0 -0 -0 -0 -0 -0
0.476875 0.481967 0.499149 0 0 0 0 0 0 0 0.314443 0.184707 -0 -0 -0 -0 -0 -0 -0 -0
0.4775 0.476397 0.493583 0 0 0 0 0 0 0 0.305944 0.187638 -0 -0 -0 -0 -0 -0 -0 -0
0.478125 0.47085 0.488016 0 0 0 0 0 0 0 0.297446 0.19057 -0 -0 -0 -0 -0 -0 -0 -0
0.47875 0.465324 0.48245 0 0 0 0 0 0 0 0.288948 0.193502 -0 -0 -0 -0 -0 -0 -0 -0
0.479375 0.459821 0.476883 0 0 0 0 0 0 0 0.280449 0.196434 -0 -0 -0 -0 -0 -0 -0 -0
0.48 0.454341 0.471316 0 0 0 0 0 0 0 0.271951 0.199366 -0 -0 -0 -0 -0 -0 -0 -0
0.480625 0.448885 0.46575 0 0 0 0 0 0 0 0.263452 0.202298 -0 -0 -0 -0 -0 -0 -0 -0
0.48125 0.443453 0.460183 0 0 0 0 0 0 0 0.254954 0.20523 -0 -0 -0 -0 -0 -0 -0 -0
0.481875 0.438045 0.454617 0 0 0 0 0 0 0 0.246455 0.208161 -0 -0 -0 -0 -0 -0 -0 -0
0.4825 0.432661 0.44905 0 0 0 0 0 0 0 0.237957 0.211093 -0 -0 -0 -0 -0 -0 -0 -0
0.483125 0.427303 0.443483 0 0 0 0 0 0 0 0.229458 0.214025 -0 -0 -0 -0 -0 -0 -0 -0
0.48375 0.42197 0.437917 0 0 0 0 0 0 0 0.22096 0.216957 -0 -0 -0 -0 -0 -0 -0 -0
0.484375 0.416663 0.43235 0 0 0 0 0 0 0 0.212461 0.219889 -0 -0 -0 -0 -0 -0 -0 -0
0.485 0.411382 0.426784 0 0 0 0 0 0 0 0.203963 0.222821 -0 -0 -0 -0 -0 -0 -0 -0
0.485625 0.406127 0.421217 0 0 0 0 0 0 0 0.195465 0.225752 -0 -0 -0 -0 -0 -0 -0 -0
0.48625 0.400899 0.41565 0 0 0 0 0 0 0 0.186966 0.228684 -0 -0 -0 -0 -0 -0 -0 -0
0.486875 0.395699 0.410084 0 0 0 0 0 0 0 0.178468 0.231616 -0 -0 -0 -0 -0 -0 -0 -0
0.4875 0.390525 0.404517 0 0 0 0 0 0 0 0.169969 0.234548 -0 -0 -0 -0 -0 -0 -0 -0
0.488125 0.38538 0.398951 0 0 0 0 0 0 0 0.161471 0.23748 -0 -0 -0 -0 -0 -0 -0 -0
0.48875 0.380262 0.393384 0 0 0 0 0 0 0 0.152972 0.240412 -0 -0 -0 -0 -0 -0 -0 -0
0.489375 0.375172 0.387817 0 0 0 0 0 0 0 0.144474 0.243344 -0 -0 -0 -0 -0 -0 -0 -0
0.49 0.370112 0.382251 0 0 0 0 0 0 0 0.135975 0.246275 -0 -0 -0 -0 -0 -0 -0 -0
0.490625 0.365079 0.376684 0 0 0 0 0 0 0 0.127477 0.249207 -0 -0 -0 -0 -0 -0 -0 -0
0.49125 0.360076 0.371118 0 0 0 0 0 0 0 0.118978 0.252139 -0 -0 -0 -0 -0 -0 -0 -0
0.491875 0.355102 0.365551 0 0 0 0 0 0 0 0.11048 0.255071 -0 -0 -0 -0 -0 -0 -0 -0
0.4925 0.350158 0.359984 0 0 0 0 0 0 0 0.101981 0.258003 -0 -0 -0 -0 -0 -0 -0 -0
0.493125 0.345243 0.354418 0 0 0 0 0 0 0 0.093483 0.260935 -0 -0 -0 -0 -0 -0 -0 -0
0.49375 0.340358 0.348851 0 0 0 0 0 0 0 0.0849846 0.263867 -0 -0 -0 -0 -0 -0 -0 -0
0.494375 0.335503 0.343284 0 0 0 0 0 0 0 0.0764861 0.266798 -0 -0 -0 -0 -0 -0 -0 -0
0.495 0.330678 0.337718 0 0 0 0 0 0 0 0.0679877 0.26973 -0 -0 -0 -0 -0 -0 -0 -0
0.495625 0.325883 0.332151 0 0 0 0 0 0 0 0.0594892 0.272662 -0 -0 -0 -0 -0 -0 -0 -0
0.49625 0.321119 0.326585 0 0 0 0 0 0 0 0.0509907 0.275594 -0 -0 -0 -0 -0 -0 -0 -0
0.496875 0.316386 0.321018 0 0 0 0 0 0 0 0.0424923 0.278526 -0 -0 -0 -0 -0 -0 -0 -0
0.4975 0.311684 0.315451 0 0 0 0 0 0 0 0.0339938 0.281458 -0 -0 -0 -0 -0 -0 -0 -0
0.498125 0.307012 0.309885 0 0 0 0 0 0 0 0.0254954 0.284389 -0 -0 -0 -0 -0 -0 -0 -0
0.49875 0.302372 0.304318 0 0 0 0 0 0 0 0.0169969 0.287321 -0 -0 -0 -0 -0 -0 -0 -0
0.499375 0.297763 0.298752 0 0 0 0 0 0 0 0.00849846 0.290253 -0 -0 -0 -0 -0 -0 -0 -0
0.5 0.293185 0.293185 0 0 0 0 0 0 0 0 0.293185 -0 -0 -0 -0 -0 -0 -0 -0
0.500625 0.288639 0.290049 0 0 0 0 0 0 0 0 0.290253 -0.000203915 -0 -0 -0 -0 -0 -0 -0
0.50125 0.284124 0.286913 0 0 0 0 0 0 0 0 0.287321 -0.00040783 -0 -0 -0 -0 -0 -0 -0
0.501875 0.27964 0.283778 0 0 0 0 0 0 0 0 0.284389 -0.000611746 -0 -0 -0 -0 -0 -0 -0
0.5025 0.275188 0.280642 0 0 0 0 0 0 0 0 0.281458 -0.000815661 -0 -0 -0 -0 -0 -0 -0
0.503125 0.270768 0.277506 0 0 0 0 0 0 0 0 0.278526 -0.00101958 -0 -0 -0 -0 -0 -0 -0
0.50375 0.266379 0.27437 0 0 0 0 0 0 0 0 0.275594 -0.00122349 -0 -0 -0 -0 -0 -0 -0
0.504375 0.262023 0.271235 0 0 0 0 0 0 0 0 0.272662 -0.00142741 -0 -0 -0 -0 -0 -0 -0
0.505 0.257698 0.268099 0 0 0 0 0 0 0 0 0.26973 -0.00163132 -0 -0 -0 -0 -0 -0 -0
0.505625 0.253404 0.264963 0 0 0 0 0 0 0 0 0.266798 -0.00183524 -0 -0 -0 -0 -0 -0 -0
0.50625 0.249143 0.261827 0 0 0 0 0 0 0 0 0.263867 -0.00203915 -0 -0 -0 -0 -0 -0 -0
0.506875 0.244914 0.258692 0 0 0 0 0 0 0 0 0.260935 -0.00224307 -0 -0 -0 -0 -0 -0 -0
0.5075 0.240716 0.255556 0 0 0 0 0 0 0 0 0.258003 -0.00244698 -0 -0 -0 -0 -0 -0 -0
0.508125 0.23655 0.25242 0 0 0 0 0 0 0 0 0.255071 -0.0026509 -0 -0 -0 -0 -0 -0 -0
0.50875 0.232416 0.249284 0 0 0 0 0 0 0 0 0.252139 -0.00285481 -0 -0 -0 -0 -0 -0 -0
0.509375 0.228313 0.246149 0 0 0 0 0 0 0 0 0.249207 -0.00305873 -0 -0 -0 -0 -0 -0 -0
0.51 0.224243 0.243013 0 0 0 0 0 0 0 0 0.246275 -0.00326264 -0 -0 -0 -0 -0 -0 -0
0.510625 0.220204 0.239877 0 0 0 0 0 0 0 0 0.243344 -0.00346656 -0 -0 -0 -0 -0 -0 -0
0.51125 0.216196 0.236741 0 0 0 0 0 0 0 0 0.240412 -0.00367047 -0 -0 -0 -0 -0 -0 -0
0.511875 0.212221 0.233605 0 0 0 0 0 0 0 0 0.23748 -0.00387439 -0 -0 -0 -0 -0 -0 -0
0.5125 0.208276 0.23047 0 0 0 0 0 0 0 0 0.234548 -0.0040783 -0 -0 -0 -0 -0 -0 -0
0.513125 0.204363 0.227334 0 0 0 0 0 0 0 0 0.231616 -0.00428222 -0 -0 -0 -0 -0 -0 -0
0.51375 0.200482 0.224198 0 0 0 0 0 0 0 0 0.228684 -0.00448613 -0 -0 -0 -0 -0 -0 -0
0.514375 0.196632 0.221062 0 0 0 0 0 0 0 0 0.225752 -0.00469005 -0 -0 -0 -0 -0 -0 -0
0.515 0.192813 0.217927 0 0 0 0 0 0 0 0 0.222821 -0.00489396 -0 -0 -0 -0 -0 -0 -0
0.515625 0.189025 0.214791 0 0 0 0 0 0 0 0 0.219889 -0.00509788 -0 -0 -0 -0 -0 -0 -0
0.51625 0.185268 0.211655 0 0 0 0 0 0 0 0 0.216957 -0.0053018 -0 -0 -0 -0 -0 -0 -0
0.516875 0.181542 0.208519 0 0 0 0 0 0 0 0 0.214025 -0.00550571 -0 -0 -0 -0 -0 -0 -0
0.5175 0.177847 0.205384 0 0 0 0 0 0 0 0 0.211093 -0.00570963 -0 -0 -0 -0 -0 -0 -0
0.518125 0.174182 0.202248 0 0 0 0 0 0 0 0 0.208161 -0.00591354 -0 -0 -0 -0 -0 -0 -0
0.51875 0.170548 0.199112 0 0 0 0 0 0 0 0 0.20523 -0.00611746 -0 -0 -0 -0 -0 -0 -0
0.519375 0.166944 0.195976 0 0 0 0 0 0 0 0 0.202298 -0.00632137 -0 -0 -0 -0 -0 -0 -0
0.52 0.16337 0.192841 0 0 0 0 0 0 0 0 0.199366 -0.00652529 -0 -0 -0 -0 -0 -0 -0
0.520625 0.159827 0.189705 0 0 0 0 0 0 0 0 0.196434 -0.0067292 -0 -0 -0 -0 -0 -0 -0
0.52125 0.156313 0.186569 0 0 0 0 0 0 0 0 0.193502 -0.00693312 -0 -0 -0 -0 -0 -0 -0
0.521875 0.152829 0.183433 0 0 0 0 0 0 0 0 0.19057 -0.00713703 -0 -0 -0 -0 -0 -0 -0
0.5225 0.149375 0.180297 0 0 0 0 0 0 0 0 0.187638 -0.00734095 -0 -0 -0 -0 -0 -0 -0
0.523125 0.14595 0.177162 0 0 0 0 0 0 0 0 0.184707 -0.00754486 -0 -0 -0 -0 -0 -0 -0
0.52375 0.142554 0.174026 0 0 0 0 0 0 0 0 0.181775 -0.00774878 -0 -0 -0 -0 -0 -0 -0
0.524375 0.139188 0.17089 0 0 0 0 0 0 0 0 0.178843 -0.00795269 -0 -0 -0 -0 -0 -0 -0
0.525 0.13585 0.167754 0 0 0 0 0 0 0 0 0.175911 -0.00815661 -0 -0 -0 -0 -0 -0 -0
0.525625 0.132541 0.164619 0 0 0 0 0 0 0 0 0.172979 -0.00836052 -0 -0 -0 -0 -0 -0 -0
0.52625 0.129261 0.161483 0 0 0 0 0 0 0 0 0.170047 -0.00856444 -0 -0 -0 -0 -0 -0 -0
0.526875 0.126009 0.158347 0 0 0 0 0 0 0 0 0.167115 -0.00876835 -0 -0 -0 -0 -0 -0 -0
0.5275 0.122785 0.155211 0 0 0 0 0 0 0 0 0.164184 -0.00897227 -0 -0 -0 -0 -0 -0 -0
0.528125 0.119589 0.152076 0 0 0 0 0 0 0 0 0.161252 -0.00917618 -0 -0 -0 -0 -0 -0 -0
0.52875 0.11642 0.14894 0 0 0 0 0 0 0 0 0.15832 -0.0093801 -0 -0 -0 -0 -0 -0 -0
0.529375 0.11328 0.145804 0 0 0 0 0 0 0 0 0.155388 -0.00958401 -0 -0 -0 -0 -0 -0 -0
0.53 0.110166 0.142668 0 0 0 0 0 0 0 0 0.152456 -0.00978793 -0 -0 -0 -0 -0 -0 -0
0.530625 0.107079 0.139533 0 0 0 0 0 0 0 0 0.149524 -0.00999184 -0 -0 -0 -0 -0 -0 -0
0.53125 0.10402 0.136397 0 0 0 0 0 0 0 0 0.146593 -0.0101958 -0 -0 -0 -0 -0 -0 -0
0.531875 0.100987 0.133261 0 0 0 0 0 0 0 0 0.143661 -0.0103997 -0 -0 -0 -0 -0 -0 -0
0.5325 0.0979797 0.130125 0 0 0 0 0 0 0 0 0.140729 -0.0106036 -0 -0 -0 -0 -0 -0 -0
0.533125 0.0949991 0.126989 0 0 0 0 0 0 0 0 0.137797 -0.0108075 -0 -0 -0 -0 -0 -0 -0
0.53375 0.0920443 0.123854 0 0 0 0 0 0 0 0 0.134865 -0.0110114 -0 -0 -0 -0 -0 -0 -0
0.534375 0.0891152 0.120718 0 0 0 0 0 0 0 0 0.131933 -0.0112153 -0 -0 -0 -0 -0 -0 -0
0.535 0.0862115 0.117582 0 0 0 0 0 0 0 0 0.129001 -0.0114193 -0 -0 -0 -0 -0 -0 -0
0.535625 0.083333 0.114446 0 0 0 0 0 0 0 0 0.12607 -0.0116232 -0 -0 -0 -0 -0 -0 -0
0.53625 0.0804794 0.111311 0 0 0 0 0 0 0 0 0.123138 -0.0118271 -0 -0 -0 -0 -0 -0 -0
0.536875 0.0776505 0.108175 0 0 0 0 0 0 0 0 0.120206 -0.012031 -0 -0 -0 -0 -0 -0 -0
0.5375 0.074846 0.105039 0 0 0 0 0 0 0 0 0.117274 -0.0122349 -0 -0 -0 -0 -0 -0 -0
0.538125 0.0720656 0.101903 0 0 0 0 0 0 0 0 0.114342 -0.0124388 -0 -0 -0 -0 -0 -0 -0
0.53875 0.0693091 0.0987676 0 0 0 0 0 0 0 0 0.11141 -0.0126427 -0 -0 -0 -0 -0 -0 -0
0.539375 0.0665763 0.0956318 0 0 0 0 0 0 0 0 0.108478 -0.0128467 -0 -0 -0 -0 -0 -0 -0
0.54 0.0638669 0.092496 0 0 0 0 0 0 0 0 0.105547 -0.0130506 -0 -0 -0 -0 -0 -0 -0
0.540625 0.0611806 0.0893603 0 0 0 0 0 0 0 0 0.102615 -0.0132545 -0 -0 -0 -0 -0 -0 -0
0.54125 0.0585171 0.0862245 0 0 0 0 0 0 0 0 0.0996829 -0.0134584 -0 -0 -0 -0 -0 -0 -0
0.541875 0.0558762 0.0830887 0 0 0 0 0 0 0 0 0.0967511 -0.0136623 -0 -0 -0 -0 -0 -0 -0
0.5425 0.0532577 0.079953 0 0 0 0 0 0 0 0 0.0938192 -0.0138662 -0 -0 -0 -0 -0 -0 -0
0.543125 0.0506612 0.0768172 0 0 0 0 0 0 0 0 0.0908874 -0.0140701 -0 -0 -0 -0 -0 -0 -0
0.54375 0.0480864 0.0736814 0 0 0 0 0 0 0 0 0.0879555 -0.0142741 -0 -0 -0 -0 -0 -0 -0
0.544375 0.0455332 0.0705457 0 0 0 0 0 0 0 0 0.0850237 -0.014478 -0 -0 -0 -0 -0 -0 -0
0.545 0.0430012 0.0674099 0 0 0 0 0 0 0 0 0.0820918 -0.0146819 -0 -0 -0 -0 -0 -0 -0
0.545625 0.0404902 0.0642741 0 0 0 0 0 0 0 0 0.07916 -0.0148858 -0 -0 -0 -0 -0 -0 -0
0.54625 0.0379999 0.0611384 0 0 0 0 0 0 0 0 0.0762281 -0.0150897 -0 -0 -0 -0 -0 -0 -0
0.546875 0.03553 0.0580026 0 0 0 0 0 0 0 0 0.0732963 -0.0152936 -0 -0 -0 -0 -0 -0 -0
0.5475 0.0330802 0.0548669 0 0 0 0 0 0 0 0 0.0703644 -0.0154976 -0 -0 -0 -0 -0 -0 -0
0.548125 0.0306503 0.0517311 0 0 0 0 0 0 0 0 0.0674326 -0.0157015 -0 -0 -0 -0 -0 -0 -0
0.54875 0.02824 0.0485953 0 0 0 0 0 0 0 0 0.0645007 -0.0159054 -0 -0 -0 -0 -0 -0 -0
0.549375 0.025849 0.0454596 0 0 0 0 0 0 0 0 0.0615689 -0.0161093 -0 -0 -0 -0 -0 -0 -0
0.55 0.023477 0.0423238 0 0 0 0 0 0 0 0 0.058637 -0.0163132 -0 -0 -0 -0 -0 -0 -0
0.550625 0.0211238 0.039188 0 0 0 0 0 0 0 0 0.0557052 -0.0165171 -0 -0 -0 -0 -0 -0 -0
0.55125 0.0187891 0.0360523 0 0 0 0 0 0 0 0 0.0527733 -0.016721 -0 -0 -0 -0 -0 -0 -0
0.551875 0.0164725 0.0329165 0 0 0 0 0 0 0 0 0.0498415 -0.016925 -0 -0 -0 -0 -0 -0 -0
0.5525 0.0141739 0.0297807 0 0 0 0 0 0 0 0 0.0469096 -0.0171289 -0 -0 -0 -0 -0 -0 -0
0.553125 0.0118929 0.026645 0 0 0 0 0 0 0 0 0.0439778 -0.0173328 -0 -0 -0 -0 -0 -0 -0
0.55375 0.00962934 0.0235092 0 0 0 0 0 0 0 0 0.0410459 -0.0175367 -0 -0 -0 -0 -0 -0 -0
0.554375 0.00738282 0.0203734 0 0 0 0 0 0 0 0 0.0381141 -0.0177406 -0 -0 -0 -0 -0 -0 -0
0.555 0.00515311 0.0172377 0 0 0 0 0 0 0 0 0.0351822 -0.0179445 -0 -0 -0 -0 -0 -0 -0
0.555625 0.00293995 0.0141019 0 0 0 0 0 0 0 0 0.0322504 -0.0181485 -0 -0 -0 -0 -0 -0 -0
0.55625 0.000743048 0.0109661 0 0 0 0 0 0 0 0 0.0293185 -0.0183524 -0 -0 -0 -0 -0 -0 -0
0.556875 -0.00143787 0.00783037 0 0 0 0 0 0 0 0 0.0263867 -0.0185563 -0 -0 -0 -0 -0 -0 -0
0.5575 -0.00360307 0.0046946 0 0 0 0 0 0 0 0 0.0234548 -0.0187602 -0 -0 -0 -0 -0 -0 -0
0.558125 -0.00575282 0.00155884 0 0 0 0 0 0 0 0 0.020523 -0.0189641 -0 -0 -0 -0 -0 -0 -0
0.55875 -0.00788741 -0.00157693 0 0 0 0 0 0 0 0 0.0175911 -0.019168 -0 -0 -0 -0 -0 -0 -0
0.559375 -0.0100071 -0.00471269 0 0 0 0 0 0 0 0 0.0146593 -0.0193719 -0 -0 -0 -0 -0 -0 -0
0.56 -0.0121122 -0.00784846 0 0 0 0 0 0 0 0 0.0117274 -0.0195759 -0 -0 -0 -0 -0 -0 -0
0.560625 -0.0142029 -0.0109842 0 0 0 0 0 0 0 0 0.00879555 -0.0197798 -0 -0 -0 -0 -0 -0 -0
0.56125 -0.0162795 -0.01412 0 0 0 0 0 0 0 0 0.0058637 -0.0199837 -0 -0 -0 -0 -0 -0 -0
0.561875 -0.0183423 -0.0172558 0 0 0 0 0 0 0 0 0.00293185 -0.0201876 -0 -0 -0 -0 -0 -0 -0
0.5625 -0.0203915 -0.0203915 0 0 0 0 0 0 0 0 0 -0.0203915 -0 -0 -0 -0 -0 -0 -0
0.563125 -0.0224275 -0.0221175 0 0 0 0 0 0 0 0 0 -0.0201876 -0.00192987 -0 -0 -0 -0 -0 -0
0.56375 -0.0244504 -0.0238434 0 0 0 0 0 0 0 0 0 -0.0199837 -0.00385974 -0 -0 -0 -0 -0 -0
0.564375 -0.0264605 -0.0255694 0 0 0 0 0 0 0 0 0 -0.0197798 -0.00578961 -0 -0 -0 -0 -0 -0
0.565 -0.0284582 -0.0272953 0 0 0 0 0 0 0 0 0 -0.0195759 -0.00771948 -0 -0 -0 -0 -0 -0
0.565625 -0.0304435 -0.0290213 0 0 0 0 0 0 0 0 0 -0.0193719 -0.00964935 -0 -0 -0 -0 -0 -0
0.56625 -0.0324169 -0.0307473 0 0 0 0 0 0 0 0 0 -0.019168 -0.0115792 -0 -0 -0 -0 -0 -0
0.566875 -0.0343786 -0.0324732 0 0 0 0 0 0 0 0 0 -0.0189641 -0.0135091 -0 -0 -0 -0 -0 -0
0.5675 -0.0363288 -0.0341992 0 0 0 0 0 0 0 0 0 -0.0187602 -0.015439 -0 -0 -0 -0 -0 -0
0.568125 -0.0382677 -0.0359251 0 0 0 0 0 0 0 0 0 -0.0185563 -0.0173688 -0 -0 -0 -0 -0 -0
0.56875 -0.0401957 -0.0376511 0 0 0 0 0 0 0 0 0 -0.0183524 -0.0192987 -0 -0 -0 -0 -0 -0
0.569375 -0.0421129 -0.039377 0 0 0 0 0 0 0 0 0 -0.0181485 -0.0212286 -0 -0 -0 -0 -0 -0
0.57 -0.0440196 -0.041103 0 0 0 0 0 0 0 0 0 -0.0179445 -0.0231584 -0 -0 -0 -0 -0 -0
0.570625 -0.0459161 -0.0428289 0 0 0 0 0 0 0 0 0 -0.0177406 -0.0250883 -0 -0 -0 -0 -0 -0
0.57125 -0.0478026 -0.0445549 0 0 0 0 0 0 0 0 0 -0.0175367 -0.0270182 -0 -0 -0 -0 -0 -0
0.571875 -0.0496793 -0.0462809 0 0 0 0 0 0 0 0 0 -0.0173328 -0.0289481 -0 -0 -0 -0 -0 -0
0.5725 -0.0515465 -0.0480068 0 0 0 0 0 0 0 0 0 -0.0171289 -0.0308779 -0 -0 -0 -0 -0 -0
0.573125 -0.0534044 -0.0497328 0 0 0 0 0 0 0 0 0 -0.016925 -0.0328078 -0 -0 -0 -0 -0 -0
0.57375 -0.0552532 -0.0514587 0 0 0 0 0 0 0 0 0 -0.016721 -0.0347377 -0 -0 -0 -0 -0 -0
0.574375 -0.0570933 -0.0531847 0 0 0 0 0 0 0 0 0 -0.0165171 -0.0366675 -0 -0 -0 -0 -0 -0
0.575 -0.0589247 -0.0549106 0 0 0 0 0 0 0 0 0 -0.0163132 -0.0385974 -0 -0 -0 -0 -0 -0
0.575625 -0.0607477 -0.0566366 0 0 0 0 0 0 0 0 0 -0.0161093 -0.0405273 -0 -0 -0 -0 -0 -0
0.57625 -0.0625626 -0.0583625 0 0 0 0 0 0 0 0 0 -0.0159054 -0.0424572 -0 -0 -0 -0 -0 -0
0.576875 -0.0643696 -0.0600885 0 0 0 0 0 0 0 0 0 -0.0157015 -0.044387 -0 -0 -0 -0 -0 -0
0.5775 -0.0661689 -0.0618145 0 0 0 0 0 0 0 0 0 -0.0154976 -0.0463169 -0 -0 -0 -0 -0 -0
0.578125 -0.0679607 -0.0635404 0 0 0 0 0 0 0 0 0 -0.0152936 -0.0482468 -0 -0 -0 -0 -0 -0
0.57875 -0.0697452 -0.0652664 0 0 0 0 0 0 0 0 0 -0.0150897 -0.0501766 -0 -0 -0 -0 -0 -0
0.579375 -0.0715227 -0.0669923 0 0 0 0 0 0 0 0 0 -0.0148858 -0.0521065 -0 -0 -0 -0 -0 -0
0.58 -0.0732933 -0.0687183 0 0 0 0 0 0 0 0 0 -0.0146819 -0.0540364 -0 -0 -0 -0 -0 -0
0.580625 -0.0750572 -0.0704442 0 0 0 0 0 0 0 0 0 -0.014478 -0.0559663 -0 -0 -0 -0 -0 -0
0.58125 -0.0768147 -0.0721702 0 0 0 0 0 0 0 0 0 -0.0142741 -0.0578961 -0 -0 -0 -0 -0 -0
0.581875 -0.078566 -0.0738961 0 0 0 0 0 0 0 0 0 -0.0140701 -0.059826 -0 -0 -0 -0 -0 -0
0.5825 -0.0803113 -0.0756221 0 0 0 0 0 0 0 0 0 -0.0138662 -0.0617559 -0 -0 -0 -0 -0 -0
0.583125 -0.0820507 -0.0773481 0 0 0 0 0 0 0 0 0 -0.0136623 -0.0636857 -0 -0 -0 -0 -0 -0
0.58375 -0.0837844 -0.079074 0 0 0 0 0 0 0 0 0 -0.0134584 -0.0656156 -0 -0 -0 -0 -0 -0
0.584375 -0.0855127 -0.0808 0 0 0 0 0 0 0 0 0 -0.0132545 -0.0675455 -0 -0 -0 -0 -0 -0
0.585 -0.0872357 -0.0825259 0 0 0 0 0 0 0 0 0 -0.0130506 -0.0694753 -0 -0 -0 -0 -0 -0
0.585625 -0.0889536 -0.0842519 0 0 0 0 0 0 0 0 0 -0.0128467 -0.0714052 -0 -0 -0 -0 -0 -0
0.58625 -0.0906667 -0.0859778 0 0 0 0 0 0 0 0 0 -0.0126427 -0.0733351 -0 -0 -0 -0 -0 -0
0.586875 -0.092375 -0.0877038 0 0 0 0 0 0 0 0 0 -0.0124388 -0.075265 -0 -0 -0 -0 -0 -0
0.5875 -0.0940788 -0.0894297 0 0 0 0 0 0 0 0 0 -0.0122349 -0.0771948 -0 -0 -0 -0 -0 -0
0.588125 -0.0957782 -0.0911557 0 0 0 0 0 0 0 0 0 -0.012031 -0.0791247 -0 -0 -0 -0 -0 -0
0.58875 -0.0974734 -0.0928817 0 0 0 0 0 0 0 0 0 -0.0118271 -0.0810546 -0 -0 -0 -0 -0 -0
0.589375 -0.0991645 -0.0946076 0 0 0 0 0 0 0 0 0 -0.0116232 -0.0829844 -0 -0 -0 -0 -0 -0
0.59 -0.100852 -0.0963336 0 0 0 0 0 0 0 0 0 -0.0114193 -0.0849143 -0 -0 -0 -0 -0 -0
0.590625 -0.102535 -0.0980595 0 0 0 0 0 0 0 0 0 -0.0112153 -0.0868442 -0 -0 -0 -0 -0 -0
0.59125 -0.104216 -0.0997855 0 0 0 0 0 0 0 0 0 -0.0110114 -0.0887741 -0 -0 -0 -0 -0 -0
0.591875 -0.105892 -0.101511 0 0 0 0 0 0 0 0 0 -0.0108075 -0.0907039 -0 -0 -0 -0 -0 -0
0.5925 -0.107566 -0.103237 0 0 0 0 0 0 0 0 0 -0.0106036 -0.0926338 -0 -0 -0 -0 -0 -0
0.593125 -0.109236 -0.104963 0 0 0 0 0 0 0 0 0 -0.0103997 -0.0945637 -0 -0 -0 -0 -0 -0
0.59375 -0.110904 -0.106689 0 0 0 0 0 0 0 0 0 -0.0101958 -0.0964935 -0 -0 -0 -0 -0 -0
0.594375 -0.112568 -0.108415 0 0 0 0 0 0 0 0 0 -0.00999184 -0.0984234 -0 -0 -0 -0 -0 -0
0.595 -0.11423 -0.110141 0 0 0 0 0 0 0 0 0 -0.00978793 -0.100353 -0 -0 -0 -0 -0 -0
0.595625 -0.11589 -0.111867 0 0 0 0 0 0 0 0 0 -0.00958401 -0.102283 -0 -0 -0 -0 -0 -0
0.59625 -0.117547 -0.113593 0 0 0 0 0 0 0 0 0 -0.0093801 -0.104213 -0 -0 -0 -0 -0 -0
0.596875 -0.119202 -0.115319 0 0 0 0 0 0 0 0 0 -0.00917618 -0.106143 -0 -0 -0 -0 -0 -0
0.5975 -0.120855 -0.117045 0 0 0 0 0 0 0 0 0 -0.00897227 -0.108073 -0 -0 -0 -0 -0 -0
0.598125 -0.122506 -0.118771 0 0 0 0 0 0 0 0 0 -0.00876835 -0.110003 -0 -0 -0 -0 -0 -0
0.59875 -0.124155 -0.120497 0 0 0 0 0 0 0 0 0 -0.00856444 -0.111933 -0 -0 -0 -0 -0 -0
0.599375 -0.125802 -0.122223 0 0 0 0 0 0 0 0 0 -0.00836052 -0.113862 -0 -0 -0 -0 -0 -0
0.6 -0.127448 -0.123949 0 0 0 0 0 0 0 0 0 -0.00815661 -0.115792 -0 -0 -0 -0 -0 -0
0.600625 -0.129092 -0.125675 0 0 0 0 0 0 0 0 0 -0.00795269 -0.117722 -0 -0 -0 -0 -0 -0
0.60125 -0.130735 -0.127401 0 0 0 0 0 0 0 0 0 -0.00774878 -0.119652 -0 -0 -0 -0 -0 -0
0.601875 -0.132377 -0.129127 0 0 0 0 0 0 0 0 0 -0.00754486 -0.121582 -0 -0 -0 -0 -0 -0
0.6025 -0.134017 -0.130853 0 0 0 0 0 0 0 0 0 -0.00734095 -0.123512 -0 -0 -0 -0 -0 -0
0.603125 -0.135657 -0.132579 0 0 0 0 0 0 0 0 0 -0.00713703 -0.125442 -0 -0 -0 -0 -0 -0
0.60375 -0.137295 -0.134305 0 0 0 0 0 0 0 0 0 -0.00693312 -0.127371 -0 -0 -0 -0 -0 -0
0.604375 -0.138933 -0.136031 0 0 0 0 0 0 0 0 0 -0.0067292 -0.129301 -0 -0 -0 -0 -0 -0
0.605 -0.14057 -0.137756 0 0 0 0 0 0 0 0 0 -0.00652529 -0.131231 -0 -0 -0 -0 -0 -0
0.605625 -0.142206 -0.139482 0 0 0 0 0 0 0 0 0 -0.00632137 -0.133161 -0 -0 -0 -0 -0 -0
0.60625 -0.143842 -0.141208 0 0 0 0 0 0 0 0 0 -0.00611746 -0.135091 -0 -0 -0 -0 -0 -0
0.606875 -0.145477 -0.142934 0 0 0 0 0 0 0 0 0 -0.00591354 -0.137021 -0 -0 -0 -0 -0 -0
0.6075 -0.147112 -0.14466 0 0 0 0 0 0 0 0 0 -0.00570963 -0.138951 -0 -0 -0 -0 -0 -0
0.608125 -0.148746 -0.146386 0 0 0 0 0 0 0 0 0 -0.00550571 -0.140881 -0 -0 -0 -0 -0 -0
0.60875 -0.15038 -0.148112 0 0 0 0 0 0 0 0 0 -0.0053018 -0.14281 -0 -0 -0 -0 -0 -0
0.609375 -0.152015 -0.149838 0 0 0 0 0 0 0 0 0 -0.00509788 -0.14474 -0 -0 -0 -0 -0 -0
0.61 -0.153649 -0.151564 0 0 0 0 0 0 0 0 0 -0.00489396 -0.14667 -0 -0 -0 -0 -0 -0
0.610625 -0.155283 -0.15329 0 0 0 0 0 0 0 0 0 -0.00469005 -0.1486 -0 -0 -0 -0 -0 -0
0.61125 -0.156917 -0.155016 0 0 0 0 0 0 0 0 0 -0.00448613 -0.15053 -0 -0 -0 -0 -0 -0
0.611875 -0.158551 -0.156742 0 0 0 0 0 0 0 0 0 -0.00428222 -0.15246 -0 -0 -0 -0 -0 -0
0.6125 -0.160186 -0.158468 0 0 0 0 0 0 0 0 0 -0.0040783 -0.15439 -0 -0 -0 -0 -0 -0
0.613125 -0.16182 -0.160194 0 0 0 0 0 0 0 0 0 -0.00387439 -0.15632 -0 -0 -0 -0 -0 -0
0.61375 -0.163455 -0.16192 0 0 0 0 0 0 0 0 0 -0.00367047 -0.158249 -0 -0 -0 -0 -0 -0
0.614375 -0.165091 -0.163646 0 0 0 0 0 0 0 0 0 -0.00346656 -0.160179 -0 -0 -0 -0 -0 -0
0.615 -0.166727 -0.165372 0 0 0 0 0 0 0 0 0 -0.00326264 -0.162109 -0 -0 -0 -0 -0 -0
0.615625 -0.168363 -0.167098 0 0 0 0 0 0 0 0 0 -0.00305873 -0.164039 -0 -0 -0 -0 -0 -0
0.61625 -0.17 -0.168824 0 0 0 0 0 0 0 0 0 -0.00285481 -0.165969 -0 -0 -0 -0 -0 -0
0.616875 -0.171637 -0.17055 0 0 0 0 0 0 0 0 0 -0.0026509 -0.167899 -0 -0 -0 -0 -0 -0
0.6175 -0.173275 -0.172276 0 0 0 0 0 0 0 0 0 -0.00244698 -0.169829 -0 -0 -0 -0 -0 -0
0.618125 -0.174913 -0.174002 0 0 0 0 0 0 0 0 0 -0.00224307 -0.171758 -0 -0 -0 -0 -0 -0
0.61875 -0.176552 -0.175728 0 0 0 0 0 0 0 0 0 -0.00203915 -0.173688 -0 -0 -0 -0 -0 -0
0.619375 -0.178192 -0.177453 0 0 0 0 0 0 0 0 0 -0.00183524 -0.175618 -0 -0 -0 -0 -0 -0
0.62 -0.179833 -0.179179 0 0 0 0 0 0 0 0 0 -0.00163132 -0.177548 -0 -0 -0 -0 -0 -0
0.620625 -0.181474 -0.180905 0 0 0 0 0 0 0 0 0 -0.00142741 -0.179478 -0 -0 -0 -0 -0 -0
0.62125 -0.183117 -0.182631 0 0 0 0 0 0 0 0 0 -0.00122349 -0.181408 -0 -0 -0 -0 -0 -0
0.621875 -0.18476 -0.184357 0 0 0 0 0 0 0 0 0 -0.00101958 -0.183338 -0 -0 -0 -0 -0 -0
0.6225 -0.186403 -0.186083 0 0 0 0 0 0 0 0 0 -0.000815661 -0.185268 -0 -0 -0 -0 -0 -0
0.623125 -0.188048 -0.187809 0 0 0 0 0 0 0 0 0 -0.000611746 -0.187197 -0 -0 -0 -0 -0 -0
0.62375 -0.189693 -0.189535 0 0 0 0 0 0 0 0 0 -0.00040783 -0.189127 -0 -0 -0 -0 -0 -0
0.624375 -0.19134 -0.191261 0 0 0 0 0 0 0 0 0 -0.000203915 -0.191057 -0 -0 -0 -0 -0 -0
0.625 -0.192987 -0.192987 0 0 0 0 0 0 0 0 0 -0 -0.192987 -0 -0 -0 -0 -0 -0
0.625625 -0.194635 -0.194607 0 0 0 0 0 0 0 0 0 -0 -0.191057 -0.00354981 -0 -0 -0 -0 -0
0.62625 -0.196284 -0.196227 0 0 0 0 0 0 0 0 0 -0 -0.189127 -0.00709962 -0 -0 -0 -0 -0
0.626875 -0.197934 -0.197847 0 0 0 0 0 0 0 0 0 -0 -0.187197 -0.0106494 -0 -0 -0 -0 -0
0.6275 -0.199585 -0.199467 0 0 0 0 0 0 0 0 0 -0 -0.185268 -0.0141992 -0 -0 -0 -0 -0
0.628125 -0.201237 -0.201087 0 0 0 0 0 0 0 0 0 -0 -0.183338 -0.017749 -0 -0 -0 -0 -0
0.62875 -0.202889 -0.202707 0 0 0 0 0 0 0 0 0 -0 -0.181408 -0.0212989 -0 -0 -0 -0 -0
0.629375 -0.204543 -0.204327 0 0 0 0 0 0 0 0 0 -0 -0.179478 -0.0248487 -0 -0 -0 -0 -0
0.63 -0.206197 -0.205947 0 0 0 0 0 0 0 0 0 -0 -0.177548 -0.0283985 -0 -0 -0 -0 -0
0.630625 -0.207852 -0.207567 0 0 0 0 0 0 0 0 0 -0 -0.175618 -0.0319483 -0 -0 -0 -0 -0
0.63125 -0.209508 -0.209186 0 0 0 0 0 0 0 0 0 -0 -0.173688 -0.0354981 -0 -0 -0 -0 -0
0.631875 -0.211165 -0.210806 0 0 0 0 0 0 0 0 0 -0 -0.171758 -0.0390479 -0 -0 -0 -0 -0
0.6325 -0.212823 -0.212426 0 0 0 0 0 0 0 0 0 -0 -0.169829 -0.0425977 -0 -0 -0 -0 -0
0.633125 -0.214482 -0.214046 0 0 0 0 0 0 0 0 0 -0 -0.167899 -0.0461475 -0 -0 -0 -0 -0
0.63375 -0.216141 -0.215666 0 0 0 0 0 0 0 0 0 -0 -0.165969 -0.0496973 -0 -0 -0 -0 -0
0.634375 -0.217801 -0.217286 0 0 0 0 0 0 0 0 0 -0 -0.164039 -0.0532471 -0 -0 -0 -0 -0
0.635 -0.219462 -0.218906 0 0 0 0 0 0 0 0 0 -0 -0.162109 -0.0567969 -0 -0 -0 -0 -0
0.635625 -0.221123 -0.220526 0 0 0 0 0 0 0 0 0 -0 -0.160179 -0.0603468 -0 -0 -0 -0 -0
0.63625 -0.222785 -0.222146 0 0 0 0 0 0 0 0 0 -0 -0.158249 -0.0638966 -0 -0 -0 -0 -0
0.636875 -0.224448 -0.223766 0 0 0 0 0 0 0 0 0 -0 -0.15632 -0.0674464 -0 -0 -0 -0 -0
0.6375 -0.226111 -0.225386 0 0 0 0 0 0 0 0 0 -0 -0.15439 -0.0709962 -0 -0 -0 -0 -0
0.638125 -0.227775 -0.227006 0 0 0 0 0 0 0 0 0 -0 -0.15246 -0.074546 -0 -0 -0 -0 -0
0.63875 -0.22944 -0.228626 0 0 0 0 0 0 0 0 0 -0 -0.15053 -0.0780958 -0 -0 -0 -0 -0
0.639375 -0.231105 -0.230246 0 0 0 0 0 0 0 0 0 -0 -0.1486 -0.0816456 -0 -0 -0 -0 -0
0.64 -0.23277 -0.231866 0 0 0 0 0 0 0 0 0 -0 -0.14667 -0.0851954 -0 -0 -0 -0 -0
0.640625 -0.234436 -0.233486 0 0 0 0 0 0 0 0 0 -0 -0.14474 -0.0887452 -0 -0 -0 -0 -0
0.64125 -0.236102 -0.235105 0 0 0 0 0 0 0 0 0 -0 -0.14281 -0.092295 -0 -0 -0 -0 -0
0.641875 -0.237768 -0.236725 0 0 0 0 0 0 0 0 0 -0 -0.140881 -0.0958448 -0 -0 -0 -0 -0
0.6425 -0.239435 -0.238345 0 0 0 0 0 0 0 0 0 -0 -0.138951 -0.0993947 -0 -0 -0 -0 -0
0.643125 -0.241102 -0.239965 0 0 0 0 0 0 0 0 0 -0 -0.137021 -0.102944 -0 -0 -0 -0 -0
0.64375 -0.242769 -0.241585 0 0 0 0 0 0 0 0 0 -0 -0.135091 -0.106494 -0 -0 -0 -0 -0
0.644375 -0.244436 -0.243205 0 0 0 0 0 0 0 0 0 -0 -0.133161 -0.110044 -0 -0 -0 -0 -0
0.645 -0.246103 -0.244825 0 0 0 0 0 0 0 0 0 -0 -0.131231 -0.113594 -0 -0 -0 -0 -0
0.645625 -0.24777 -0.246445 0 0 0 0 0 0 0 0 0 -0 -0.129301 -0.117144 -0 -0 -0 -0 -0
0.64625 -0.249437 -0.248065 0 0 0 0 0 0 0 0 0 -0 -0.127371 -0.120694 -0 -0 -0 -0 -0
0.646875 -0.251103 -0.249685 0 0 0 0 0 0 0 0 0 -0 -0.125442 -0.124243 -0 -0 -0 -0 -0
0.6475 -0.25277 -0.251305 0 0 0 0 0 0 0 0 0 -0 -0.123512 -0.127793 -0 -0 -0 -0 -0
0.648125 -0.254436 -0.252925 0 0 0 0 0 0 0 0 0 -0 -0.121582 -0.131343 -0 -0 -0 -0 -0
0.64875 -0.256102 -0.254545 0 0 0 0 0 0 0 0 0 -0 -0.119652 -0.134893 -0 -0 -0 -0 -0
0.649375 -0.257768 -0.256165 0 0 0 0 0 0 0 0 0 -0 -0.117722 -0.138443 -0 -0 -0 -0 -0
0.65 -0.259433 -0.257785 0 0 0 0 0 0 0 0 0 -0 -0.115792 -0.141992 -0 -0 -0 -0 -0
0.650625 -0.261097 -0.259405 0 0 0 0 0 0 0 0 0 -0 -0.113862 -0.145542 -0 -0 -0 -0 -0
0.65125 -0.262761 -0.261024 0 0 0 0 0 0 0 0 0 -0 -0.111933 -0.149092 -0 -0 -0 -0 -0
0.651875 -0.264424 -0.262644 0 0 0 0 0 0 0 0 0 -0 -0.110003 -0.152642 -0 -0 -0 -0 -0
0.6525 -0.266086 -0.264264 0 0 0 0 0 0 0 0 0 -0 -0.108073 -0.156192 -0 -0 -0 -0 -0
0.653125 -0.267748 -0.265884 0 0 0 0 0 0 0 0 0 -0 -0.106143 -0.159741 -0 -0 -0 -0 -0
0.65375 -0.269408 -0.267504 0 0 0 0 0 0 0 0 0 -0 -0.104213 -0.163291 -0 -0 -0 -0 -0
0.654375 -0.271067 -0.269124 0 0 0 0 0 0 0 0 0 -0 -0.102283 -0.166841 -0 -0 -0 -0 -0
0.655 -0.272726 -0.270744 0 0 0 0 0 0 0 0 0 -0 -0.100353 -0.170391 -0 -0 -0 -0 -0
0.655625 -0.274383 -0.272364 0 0 0 0 0 0 0 0 0 -0 -0.0984234 -0.173941 -0 -0 -0 -0 -0
0.65625 -0.276038 -0.273984 0 0 0 0 0 0 0 0 0 -0 -0.0964935 -0.17749 -0 -0 -0 -0 -0
0.656875 -0.277693 -0.275604 0 0 0 0 0 0 0 0 0 -0 -0.0945637 -0.18104 -0 -0 -0 -0 -0
0.6575 -0.279346 -0.277224 0 0 0 0 0 0 0 0 0 -0 -0.0926338 -0.18459 -0 -0 -0 -0 -0
0.658125 -0.280997 -0.278844 0 0 0 0 0 0 0 0 0 -0 -0.0907039 -0.18814 -0 -0 -0 -0 -0
0.65875 -0.282647 -0.280464 0 0 0 0 0 0 0 0 0 -0 -0.0887741 -0.19169 -0 -0 -0 -0 -0
0.659375 -0.284295 -0.282084 0 0 0 0 0 0 0 0 0 -0 -0.0868442 -0.195239 -0 -0 -0 -0 -0
0.66 -0.285941 -0.283704 0 0 0 0 0 0 0 0 0 -0 -0.0849143 -0.198789 -0 -0 -0 -0 -0
0.660625 -0.287585 -0.285324 0 0 0 0 0 0 0 0 0 -0 -0.0829844 -0.202339 -0 -0 -0 -0 -0
0.66125 -0.289228 -0.286943 0 0 0 0 0 0 0 0 0 -0 -0.0810546 -0.205889 -0 -0 -0 -0 -0
0.661875 -0.290868 -0.288563 0 0 0 0 0 0 0 0 0 -0 -0.0791247 -0.209439 -0 -0 -0 -0 -0
0.6625 -0.292506 -0.290183 0 0 0 0 0 0 0 0 0 -0 -0.0771948 -0.212989 -0 -0 -0 -0 -0
0.663125 -0.294141 -0.291803 0 0 0 0 0 0 0 0 0 -0 -0.075265 -0.216538 -0 -0 -0 -0 -0
0.66375 -0.295774 -0.293423 0 0 0 0 0 0 0 0 0 -0 -0.0733351 -0.220088 -0 -0 -0 -0 -0
0.664375 -0.297405 -0.295043 0 0 0 0 0 0 0 0 0 -0 -0.0714052 -0.223638 -0 -0 -0 -0 -0
0.665 -0.299033 -0.296663 0 0 0 0 0 0 0 0 0 -0 -0.0694753 -0.227188 -0 -0 -0 -0 -0
0.665625 -0.300658 -0.298283 0 0 0 0 0 0 0 0 0 -0 -0.0675455 -0.230738 -0 -0 -0 -0 -0
0.66625 -0.302281 -0.299903 0 0 0 0 0 0 0 0 0 -0 -0.0656156 -0.234287 -0 -0 -0 -0 -0
0.666875 -0.303901 -0.301523 0 0 0 0 0 0 0 0 0 -0 -0.0636857 -0.237837 -0 -0 -0 -0 -0
0.6675 -0.305517 -0.303143 0 0 0 0 0 0 0 0 0 -0 -0.0617559 -0.241387 -0 -0 -0 -0 -0
0.668125 -0.307131 -0.304763 0 0 0 0 0 0 0 0 0 -0 -0.059826 -0.244937 -0 -0 -0 -0 -0
0.66875 -0.308741 -0.306383 0 0 0 0 0 0 0 0 0 -0 -0.0578961 -0.248487 -0 -0 -0 -0 -0
0.669375 -0.310348 -0.308003 0 0 0 0 0 0 0 0 0 -0 -0.0559663 -0.252036 -0 -0 -0 -0 -0
0.67 -0.311951 -0.309623 0 0 0 0 0 0 0 0 0 -0 -0.0540364 -0.255586 -0 -0 -0 -0 -0
0.670625 -0.313551 -0.311243 0 0 0 0 0 0 0 0 0 -0 -0.0521065 -0.259136 -0 -0 -0 -0 -0
0.67125 -0.315147 -0.312863 0 0 0 0 0 0 0 0 0 -0 -0.0501766 -0.262686 -0 -0 -0 -0 -0
0.671875 -0.316739 -0.314482 0 0 0 0 0 0 0 0 0 -0 -0.0482468 -0.266236 -0 -0 -0 -0 -0
0.6725 -0.318328 -0.316102 0 0 0 0 0 0 0 0 0 -0 -0.0463169 -0.269785 -0 -0 -0 -0 -0
0.673125 -0.319912 -0.317722 0 0 0 0 0 0 0 0 0 -0 -0.044387 -0.273335 -0 -0 -0 -0 -0
0.67375 -0.321493 -0.319342 0 0 0 0 0 0 0 0 0 -0 -0.0424572 -0.276885 -0 -0 -0 -0 -0
0.674375 -0.323069 -0.320962 0 0 0 0 0 0 0 0 0 -0 -0.0405273 -0.280435 -0 -0 -0 -0 -0
0.675 -0.32464 -0.322582 0 0 0 0 0 0 0 0 0 -0 -0.0385974 -0.283985 -0 -0 -0 -0 -0
0.675625 -0.326208 -0.324202 0 0 0 0 0 0 0 0 0 -0 -0.0366675 -0.287535 -0 -0 -0 -0 -0
0.67625 -0.32777 -0.325822 0 0 0 0 0 0 0 0 0 -0 -0.0347377 -0.291084 -0 -0 -0 -0 -0
0.676875 -0.329328 -0.327442 0 0 0 0 0 0 0 0 0 -0 -0.0328078 -0.294634 -0 -0 -0 -0 -0
0.6775 -0.330881 -0.329062 0 0 0 0 0 0 0 0 0 -0 -0.0308779 -0.298184 -0 -0 -0 -0 -0
0.678125 -0.33243 -0.330682 0 0 0 0 0 0 0 0 0 -0 -0.0289481 -0.301734 -0 -0 -0 -0 -0
0.67875 -0.333973 -0.332302 0 0 0 0 0 0 0 0 0 -0 -0.0270182 -0.305284 -0 -0 -0 -0 -0
0.679375 -0.335511 -0.333922 0 0 0 0 0 0 0 0 0 -0 -0.0250883 -0.308833 -0 -0 -0 -0 -0
0.68 -0.337044 -0.335542 0 0 0 0 0 0 0 0 0 -0 -0.0231584 -0.312383 -0 -0 -0 -0 -0
0.680625 -0.338571 -0.337162 0 0 0 0 0 0 0 0 0 -0 -0.0212286 -0.315933 -0 -0 -0 -0 -0
0.68125 -0.340093 -0.338782 0 0 0 0 0 0 0 0 0 -0 -0.0192987 -0.319483 -0 -0 -0 -0 -0
0.681875 -0.341609 -0.340401 0 0 0 0 0 0 0 0 0 -0 -0.0173688 -0.323033 -0 -0 -0 -0 -0
0.6825 -0.343119 -0.342021 0 0 0 0 0 0 0 0 0 -0 -0.015439 -0.326582 -0 -0 -0 -0 -0
0.683125 -0.344624 -0.343641 0 0 0 0 0 0 0 0 0 -0 -0.0135091 -0.330132 -0 -0 -0 -0 -0
0.68375 -0.346122 -0.345261 0 0 0 0 0 0 0 0 0 -0 -0.0115792 -0.333682 -0 -0 -0 -0 -0
0.684375 -0.347615 -0.346881 0 0 0 0 0 0 0 0 0 -0 -0.00964935 -0.337232 -0 -0 -0 -0 -0
0.685 -0.349101 -0.348501 0 0 0 0 0 0 0 0 0 -0 -0.00771948 -0.340782 -0 -0 -0 -0 -0
0.685625 -0.350581 -0.350121 0 0 0 0 0 0 0 0 0 -0 -0.00578961 -0.344331 -0 -0 -0 -0 -0
0.68625 -0.352054 -0.351741 0 0 0 0 0 0 0 0 0 -0 -0.00385974 -0.347881 -0 -0 -0 -0 -0
0.686875 -0.353521 -0.353361 0 0 0 0 0 0 0 0 0 -0 -0.00192987 -0.351431 -0 -0 -0 -0 -0
0.6875 -0.354981 -0.354981 0 0 0 0 0 0 0 0 0 -0 -0 -0.354981 -0 -0 -0 -0 -0
0.688125 -0.356434 -0.355911 0 0 0 0 0 0 0 0 0 -0 -0 -0.351431 -0.00447974 -0 -0 -0 -0
0.68875 -0.35788 -0.356841 0 0 0 0 0 0 0 0 0 -0 -0 -0.347881 -0.00895949 -0 -0 -0 -0
0.689375 -0.359319 -0.357771 0 0 0 0 0 0 0 0 0 -0 -0 -0.344331 -0.0134392 -0 -0 -0 -0
0.69 -0.360751 -0.358701 0 0 0 0 0 0 0 0 0 -0 -0 -0.340782 -0.017919 -0 -0 -0 -0
0.690625 -0.362176 -0.359631 0 0 0 0 0 0 0 0 0 -0 -0 -0.337232 -0.0223987 -0 -0 -0 -0
0.69125 -0.363593 -0.360561 0 0 0 0 0 0 0 0 0 -0 -0 -0.333682 -0.0268785 -0 -0 -0 -0
0.691875 -0.365003 -0.36149 0 0 0 0 0 0 0 0 0 -0 -0 -0.330132 -0.0313582 -0 -0 -0 -0
0.6925 -0.366405 -0.36242 0 0 0 0 0 0 0 0 0 -0 -0 -0.326582 -0.035838 -0 -0 -0 -0
0.693125 -0.367799 -0.36335 0 0 0 0 0 0 0 0 0 -0 -0 -0.323033 -0.0403177 -0 -0 -0 -0
0.69375 -0.369185 -0.36428 0 0 0 0 0 0 0 0 0 -0 -0 -0.319483 -0.0447974 -0 -0 -0 -0
0.694375 -0.370563 -0.36521 0 0 0 0 0 0 0 0 0 -0 -0 -0.315933 -0.0492772 -0 -0 -0 -0
0.695 -0.371933 -0.36614 0 0 0 0 0 0 0 0 0 -0 -0 -0.312383 -0.0537569 -0 -0 -0 -0
0.695625 -0.373295 -0.36707 0 0 0 0 0 0 0 0 0 -0 -0 -0.308833 -0.0582367 -0 -0 -0 -0
0.69625 -0.374648 -0.368 0 0 0 0 0 0 0 0 0 -0 -0 -0.305284 -0.0627164 -0 -0 -0 -0
0.696875 -0.375993 -0.36893 0 0 0 0 0 0 0 0 0 -0 -0 -0.301734 -0.0671962 -0 -0 -0 -0
0.6975 -0.377329 -0.36986 0 0 0 0 0 0 0 0 0 -0 -0 -0.298184 -0.0716759 -0 -0 -0 -0
0.698125 -0.378656 -0.37079 0 0 0 0 0 0 0 0 0 -0 -0 -0.294634 -0.0761557 -0 -0 -0 -0
0.69875 -0.379974 -0.37172 0 0 0 0 0 0 0 0 0 -0 -0 -0.291084 -0.0806354 -0 -0 -0 -0
0.699375 -0.381284 -0.37265 0 0 0 0 0 0 0 0 0 -0 -0 -0.287535 -0.0851151 -0 -0 -0 -0
0.7 -0.382584 -0.37358 0 0 0 0 0 0 0 0 0 -0 -0 -0.283985 -0.0895949 -0 -0 -0 -0
0.700625 -0.383875 -0.37451 0 0 0 0 0 0 0 0 0 -0 -0 -0.280435 -0.0940746 -0 -0 -0 -0
0.70125 -0.385157 -0.375439 0 0 0 0 0 0 0 0 0 -0 -0 -0.276885 -0.0985544 -0 -0 -0 -0
0.701875 -0.386429 -0.376369 0 0 0 0 0 0 0 0 0 -0 -0 -0.273335 -0.103034 -0 -0 -0 -0
0.7025 -0.387692 -0.377299 0 0 0 0 0 0 0 0 0 -0 -0 -0.269785 -0.107514 -0 -0 -0 -0
0.703125 -0.388945 -0.378229 0 0 0 0 0 0 0 0 0 -0 -0 -0.266236 -0.111994 -0 -0 -0 -0
0.70375 -0.390188 -0.379159 0 0 0 0 0 0 0 0 0 -0 -0 -0.262686 -0.116473 -0 -0 -0 -0
0.704375 -0.391421 -0.380089 0 0 0 0 0 0 0 0 0 -0 -0 -0.259136 -0.120953 -0 -0 -0 -0
0.705 -0.392645 -0.381019 0 0 0 0 0 0 0 0 0 -0 -0 -0.255586 -0.125433 -0 -0 -0 -0
0.705625 -0.393858 -0.381949 0 0 0 0 0 0 0 0 0 -0 -0 -0.252036 -0.129913 -0 -0 -0 -0
0.70625 -0.39506 -0.382879 0 0 0 0 0 0 0 0 0 -0 -0 -0.248487 -0.134392 -0 -0 -0 -0
0.706875 -0.396253 -0.383809 0 0 0 0 0 0 0 0 0 -0 -0 -0.244937 -0.138872 -0 -0 -0 -0
0.7075 -0.397435 -0.384739 0 0 0 0 0 0 0 0 0 -0 -0 -0.241387 -0.143352 -0 -0 -0 -0
0.708125 -0.398606 -0.385669 0 0 0 0 0 0 0 0 0 -0 -0 -0.237837 -0.147832 -0 -0 -0 -0
0.70875 -0.399767 -0.386599 0 0 0 0 0 0 0 0 0 -0 -0 -0.234287 -0.152311 -0 -0 -0 -0
0.709375 -0.400916 -0.387529 0 0 0 0 0 0 0 0 0 -0 -0 -0.230738 -0.156791 -0 -0 -0 -0
0.71 -0.402055 -0.388459 0 0 0 0 0 0 0 0 0 -0 -0 -0.227188 -0.161271 -0 -0 -0 -0
0.710625 -0.403183 -0.389389 0 0 0 0 0 0 0 0 0 -0 -0 -0.223638 -0.165751 -0 -0 -0 -0
0.71125 -0.4043 -0.390318 0 0 0 0 0 0 0 0 0 -0 -0 -0.220088 -0.17023 -0 -0 -0 -0
0.711875 -0.405405 -0.391248 0 0 0 0 0 0 0 0 0 -0 -0 -0.216538 -0.17471 -0 -0 -0 -0
0.7125 -0.406499 -0.392178 0 0 0 0 0 0 0 0 0 -0 -0 -0.212989 -0.17919 -0 -0 -0 -0
0.713125 -0.407582 -0.393108 0 0 0 0 0 0 0 0 0 -0 -0 -0.209439 -0.18367 -0 -0 -0 -0
0.71375 -0.408653 -0.394038 0 0 0 0 0 0 0 0 0 -0 -0 -0.205889 -0.188149 -0 -0 -0 -0
0.714375 -0.409712 -0.394968 0 0 0 0 0 0 0 0 0 -0 -0 -0.202339 -0.192629 -0 -0 -0 -0
0.715 -0.410759 -0.395898 0 0 0 0 0 0 0 0 0 -0 -0 -0.198789 -0.197109 -0 -0 -0 -0
0.715625 -0.411795 -0.396828 0 0 0 0 0 0 0 0 0 -0 -0 -0.195239 -0.201588 -0 -0 -0 -0
0.71625 -0.412819 -0.397758 0 0 0 0 0 0 0 0 0 -0 -0 -0.19169 -0.206068 -0 -0 -0 -0
0.716875 -0.41383 -0.398688 0 0 0 0 0 0 0 0 0 -0 -0 -0.18814 -0.210548 -0 -0 -0 -0
0.7175 -0.41483 -0.399618 0 0 0 0 0 0 0 0 0 -0 -0 -0.18459 -0.215028 -0 -0 -0 -0
0.718125 -0.415817 -0.400548 0 0 0 0 0 0 0 0 0 -0 -0 -0.18104 -0.219507 -0 -0 -0 -0
0.71875 -0.416792 -0.401478 0 0 0 0 0 0 0 0 0 -0 -0 -0.17749 -0.223987 -0 -0 -0 -0
0.719375 -0.417754 -0.402408 0 0 0 0 0 0 0 0 0 -0 -0 -0.173941 -0.228467 -0 -0 -0 -0
0.72 -0.418704 -0.403338 0 0 0 0 0 0 0 0 0 -0 -0 -0.170391 -0.232947 -0 -0 -0 -0
0.720625 -0.419641 -0.404267 0 0 0 0 0 0 0 0 0 -0 -0 -0.166841 -0.237426 -0 -0 -0 -0
0.72125 -0.420566 -0.405197 0 0 0 0 0 0 0 0 0 -0 -0 -0.163291 -0.241906 -0 -0 -0 -0
0.721875 -0.421477 -0.406127 0 0 0 0 0 0 0 0 0 -0 -0 -0.159741 -0.246386 -0 -0 -0 -0
0.7225 -0.422376 -0.407057 0 0 0 0 0 0 0 0 0 -0 -0 -0.156192 -0.250866 -0 -0 -0 -0
0.723125 -0.423261 -0.407987 0 0 0 0 0 0 0 0 0 -0 -0 -0.152642 -0.255345 -0 -0 -0 -0
0.72375 -0.424134 -0.408917 0 0 0 0 0 0 0 0 0 -0 -0 -0.149092 -0.259825 -0 -0 -0 -0
0.724375 -0.424993 -0.409847 0 0 0 0 0 0 0 0 0 -0 -0 -0.145542 -0.264305 -0 -0 -0 -0
0.725 -0.425839 -0.410777 0 0 0 0 0 0 0 0 0 -0 -0 -0.141992 -0.268785 -0 -0 -0 -0
0.725625 -0.426672 -0.411707 0 0 0 0 0 0 0 0 0 -0 -0 -0.138443 -0.273264 -0 -0 -0 -0
0.72625 -0.427491 -0.412637 0 0 0 0 0 0 0 0 0 -0 -0 -0.134893 -0.277744 -0 -0 -0 -0
0.726875 -0.428297 -0.413567 0 0 0 0 0 0 0 0 0 -0 -0 -0.131343 -0.282224 -0 -0 -0 -0
0.7275 -0.429089 -0.414497 0 0 0 0 0 0 0 0 0 -0 -0 -0.127793 -0.286704 -0 -0 -0 -0
0.728125 -0.429868 -0.415427 0 0 0 0 0 0 0 0 0 -0 -0 -0.124243 -0.291183 -0 -0 -0 -0
0.72875 -0.430633 -0.416357 0 0 0 0 0 0 0 0 0 -0 -0 -0.120694 -0.295663 -0 -0 -0 -0
0.729375 -0.431383 -0.417287 0 0 0 0 0 0 0 0 0 -0 -0 -0.117144 -0.300143 -0 -0 -0 -0
0.73 -0.43212 -0.418216 0 0 0 0 0 0 0 0 0 -0 -0 -0.113594 -0.304623 -0 -0 -0 -0
0.730625 -0.432843 -0.419146 0 0 0 0 0 0 0 0 0 -0 -0 -0.110044 -0.309102 -0 -0 -0 -0
0.73125 -0.433552 -0.420076 0 0 0 0 0 0 0 0 0 -0 -0 -0.106494 -0.313582 -0 -0 -0 -0
0.731875 -0.434247 -0.421006 0 0 0 0 0 0 0 0 0 -0 -0 -0.102944 -0.318062 -0 -0 -0 -0
0.7325 -0.434928 -0.421936 0 0 0 0 0 0 0 0 0 -0 -0 -0.0993947 -0.322542 -0 -0 -0 -0
0.733125 -0.435594 -0.422866 0 0 0 0 0 0 0 0 0 -0 -0 -0.0958448 -0.327021 -0 -0 -0 -0
0.73375 -0.436246 -0.423796 0 0 0 0 0 0 0 0 0 -0 -0 -0.092295 -0.331501 -0 -0 -0 -0
0.734375 -0.436883 -0.424726 0 0 0 0 0 0 0 0 0 -0 -0 -0.0887452 -0.335981 -0 -0 -0 -0
0.735 -0.437506 -0.425656 0 0 0 0 0 0 0 0 0 -0 -0 -0.0851954 -0.340461 -0 -0 -0 -0
0.735625 -0.438115 -0.426586 0 0 0 0 0 0 0 0 0 -0 -0 -0.0816456 -0.34494 -0 -0 -0 -0
0.73625 -0.438709 -0.427516 0 0 0 0 0 0 0 0 0 -0 -0 -0.0780958 -0.34942 -0 -0 -0 -0
0.736875 -0.439288 -0.428446 0 0 0 0 0 0 0 0 0 -0 -0 -0.074546 -0.3539 -0 -0 -0 -0
0.7375 -0.439853 -0.429376 0 0 0 0 0 0 0 0 0 -0 -0 -0.0709962 -0.35838 -0 -0 -0 -0
0.738125 -0.440402 -0.430306 0 0 0 0 0 0 0 0 0 -0 -0 -0.0674464 -0.362859 -0 -0 -0 -0
0.73875 -0.440937 -0.431236 0 0 0 0 0 0 0 0 0 -0 -0 -0.0638966 -0.367339 -0 -0 -0 -0
0.739375 -0.441457 -0.432166 0 0 0 0 0 0 0 0 0 -0 -0 -0.0603468 -0.371819 -0 -0 -0 -0
0.74 -0.441963 -0.433095 0 0 0 0 0 0 0 0 0 -0 -0 -0.0567969 -0.376299 -0 -0 -0 -0
0.740625 -0.442453 -0.434025 0 0 0 0 0 0 0 0 0 -0 -0 -0.0532471 -0.380778 -0 -0 -0 -0
0.74125 -0.442928 -0.434955 0 0 0 0 0 0 0 0 0 -0 -0 -0.0496973 -0.385258 -0 -0 -0 -0
0.741875 -0.443388 -0.435885 0 0 0 0 0 0 0 0 0 -0 -0 -0.0461475 -0.389738 -0 -0 -0 -0
0.7425 -0.443833 -0.436815 0 0 0 0 0 0 0 0 0 -0 -0 -0.0425977 -0.394217 -0 -0 -0 -0
0.743125 -0.444262 -0.437745 0 0 0 0 0 0 0 0 0 -0 -0 -0.0390479 -0.398697 -0 -0 -0 -0
0.74375 -0.444677 -0.438675 0 0 0 0 0 0 0 0 0 -0 -0 -0.0354981 -0.403177 -0 -0 -0 -0
0.744375 -0.445076 -0.439605 0 0 0 0 0 0 0 0 0 -0 -0 -0.0319483 -0.407657 -0 -0 -0 -0
0.745 -0.44546 -0.440535 0 0 0 0 0 0 0 0 0 -0 -0 -0.0283985 -0.412136 -0 -0 -0 -0
0.745625 -0.445828 -0.441465 0 0 0 0 0 0 0 0 0 -0 -0 -0.0248487 -0.416616 -0 -0 -0 -0
0.74625 -0.446181 -0.442395 0 0 0 0 0 0 0 0 0 -0 -0 -0.0212989 -0.421096 -0 -0 -0 -0
0.746875 -0.446519 -0.443325 0 0 0 0 0 0 0 0 0 -0 -0 -0.017749 -0.425576 -0 -0 -0 -0
0.7475 -0.446841 -0.444255 0 0 0 0 0 0 0 0 0 -0 -0 -0.0141992 -0.430055 -0 -0 -0 -0
0.748125 -0.447148 -0.445185 0 0 0 0 0 0 0 0 0 -0 -0 -0.0106494 -0.434535 -0 -0 -0 -0
0.74875 -0.447439 -0.446115 0 0 0 0 0 0 0 0 0 -0 -0 -0.00709962 -0.439015 -0 -0 -0 -0
0.749375 -0.447714 -0.447044 0 0 0 0 0 0 0 0 0 -0 -0 -0.00354981 -0.443495 -0 -0 -0 -0
0.75 -0.447974 -0.447974 0 0 0 0 0 0 0 0 0 -0 -0 -0 -0.447974 -0 -0 -0 -0
0.750625 -0.448219 -0.44747 0 0 0 0 0 0 0 0 0 -0 -0 -0 -0.443495 -0.00397508 -0 -0 -0
0.75125 -0.448448 -0.446965 0 0 0 0 0 0 0 0 0 -0 -0 -0 -0.439015 -0.00795017 -0 -0 -0
0.751875 -0.448661 -0.44646 0 0 0 0 0 0 0 0 0 -0 -0 -0 -0.434535 -0.0119253 -0 -0 -0
0.7525 -0.448858 -0.445956 0 0 0 0 0 0 0 0 0 -0 -0 -0 -0.430055 -0.0159003 -0 -0 -0
0.753125 -0.44904 -0.445451 0 0 0 0 0 0 0 0 0 -0 -0 -0 -0.425576 -0.0198754 -0 -0 -0
0.75375 -0.449206 -0.444946 0 0 0 0 0 0 0 0 0 -0 -0 -0 -0.421096 -0.0238505 -0 -0 -0
0.754375 -0.449356 -0.444442 0 0 0 0 0 0 0 0 0 -0 -0 -0 -0.416616 -0.0278256 -0 -0 -0
0.755 -0.44949 -0.443937 0 0 0 0 0 0 0 0 0 -0 -0 -0 -0.412136 -0.0318007 -0 -0 -0
0.755625 -0.449609 -0.443432 0 0 0 0 0 0 0 0 0 -0 -0 -0 -0.407657 -0.0357758 -0 -0 -0
0.75625 -0.449712 -0.442928 0 0 0 0 0 0 0 0 0 -0 -0 -0 -0.403177 -0.0397508 -0 -0 -0
0.756875 -0.449799 -0.442423 0 0 0 0 0 0 0 0 0 -0 -0 -0 -0.398697 -0.0437259 -0 -0 -0
0.7575 -0.44987 -0.441919 0 0 0 0 0 0 0 0 0 -0 -0 -0 -0.394217 -0.047701 -0 -0 -0
0.758125 -0.449926 -0.441414 0 0 0 0 0 0 0 0 0 -0 -0 -0 -0.389738 -0.0516761 -0 -0 -0
0.75875 -0.449966 -0.440909 0 0 0 0 0 0 0 0 0 -0 -0 -0 -0.385258 -0.0556512 -0 -0 -0
0.759375 -0.449989 -0.440405 0 0 0 0 0 0 0 0 0 -0 -0 -0 -0.380778 -0.0596263 -0 -0 -0
0.76 -0.449997 -0.4399 0 0 0 0 0 0 0 0 0 -0 -0 -0 -0.376299 -0.0636014 -0 -0 -0
0.760625 -0.44999 -0.439395 0 0 0 0 0 0 0 0 0 -0 -0 -0 -0.371819 -0.0675764 -0 -0 -0
0.76125 -0.449966 -0.438891 0 0 0 0 0 0 0 0 0 -0 -0 -0 -0.367339 -0.0715515 -0 -0 -0
0.761875 -0.449927 -0.438386 0 0 0 0 0 0 0 0 0 -0 -0 -0 -0.362859 -0.0755266 -0 -0 -0
0.7625 -0.449871 -0.437881 0 0 0 0 0 0 0 0 0 -0 -0 -0 -0.35838 -0.0795017 -0 -0 -0
0.763125 -0.4498 -0.437377 0 0 0 0 0 0 0 0 0 -0 -0 -0 -0.3539 -0.0834768 -0 -0 -0
0.76375 -0.449713 -0.436872 0 0 0 0 0 0 0 0 0 -0 -0 -0 -0.34942 -0.0874519 -0 -0 -0
0.764375 -0.449611 -0.436367 0 0 0 0 0 0 0 0 0 -0 -0 -0 -0.34494 -0.0914269 -0 -0 -0
0.765 -0.449492 -0.435863 0 0 0 0 0 0 0 0 0 -0 -0 -0 -0.340461 -0.095402 -0 -0 -0
0.765625 -0.449358 -0.435358 0 0 0 0 0 0 0 0 0 -0 -0 -0 -0.335981 -0.0993771 -0 -0 -0
0.76625 -0.449208 -0.434853 0 0 0 0 0 0 0 0 0 -0 -0 -0 -0.331501 -0.103352 -0 -0 -0
0.766875 -0.449042 -0.434349 0 0 0 0 0 0 0 0 0 -0 -0 -0 -0.327021 -0.107327 -0 -0 -0
0.7675 -0.448861 -0.433844 0 0 0 0 0 0 0 0 0 -0 -0 -0 -0.322542 -0.111302 -0 -0 -0
0.768125 -0.448664 -0.433339 0 0 0 0 0 0 0 0 0 -0 -0 -0 -0.318062 -0.115277 -0 -0 -0
0.76875 -0.448451 -0.432835 0 0 0 0 0 0 0 0 0 -0 -0 -0 -0.313582 -0.119253 -0 -0 -0
0.769375 -0.448222 -0.43233 0 0 0 0 0 0 0 0 0 -0 -0 -0 -0.309102 -0.123228 -0 -0 -0
0.77 -0.447978 -0.431825 0 0 0 0 0 0 0 0 0 -0 -0 -0 -0.304623 -0.127203 -0 -0 -0
0.770625 -0.447719 -0.431321 0 0 0 0 0 0 0 0 0 -0 -0 -0 -0.300143 -0.131178 -0 -0 -0
0.77125 -0.447443 -0.430816 0 0 0 0 0 0 0 0 0 -0 -0 -0 -0.295663 -0.135153 -0 -0 -0
0.771875 -0.447152 -0.430311 0 0 0 0 0 0 0 0 0 -0 -0 -0 -0.291183 -0.139128 -0 -0 -0
0.7725 -0.446846 -0.429807 0 0 0 0 0 0 0 0 0 -0 -0 -0 -0.286704 -0.143103 -0 -0 -0
0.773125 -0.446524 -0.429302 0 0 0 0 0 0 0 0 0 -0 -0 -0 -0.282224 -0.147078 -0 -0 -0
0.77375 -0.446187 -0.428797 0 0 0 0 0 0 0 0 0 -0 -0 -0 -0.277744 -0.151053 -0 -0 -0
0.774375 -0.445834 -0.428293 0 0 0 0 0 0 0 0 0 -0 -0 -0 -0.273264 -0.155028 -0 -0 -0
0.775 -0.445466 -0.427788 0 0 0 0 0 0 0 0 0 -0 -0 -0 -0.268785 -0.159003 -0 -0 -0
0.775625 -0.445082 -0.427283 0 0 0 0 0 0 0 0 0 -0 -0 -0 -0.264305 -0.162978 -0 -0 -0
0.77625 -0.444684 -0.426779 0 0 0 0 0 0 0 0 0 -0 -0 -0 -0.259825 -0.166954 -0 -0 -0
0.776875 -0.444269 -0.426274 0 0 0 0 0 0 0 0 0 -0 -0 -0 -0.255345 -0.170929 -0 -0 -0
0.7775 -0.44384 -0.425769 0 0 0 0 0 0 0 0 0 -0 -0 -0 -0.250866 -0.174904 -0 -0 -0
0.778125 -0.443396 -0.425265 0 0 0 0 0 0 0 0 0 -0 -0 -0 -0.246386 -0.178879 -0 -0 -0
0.77875 -0.442936 -0.42476 0 0 0 0 0 0 0 0 0 -0 -0 -0 -0.241906 -0.182854 -0 -0 -0
0.779375 -0.442462 -0.424255 0 0 0 0 0 0 0 0 0 -0 -0 -0 -0.237426 -0.186829 -0 -0 -0
0.78 -0.441972 -0.423751 0 0 0 0 0 0 0 0 0 -0 -0 -0 -0.232947 -0.190804 -0 -0 -0
0.780625 -0.441467 -0.423246 0 0 0 0 0 0 0 0 0 -0 -0 -0 -0.228467 -0.194779 -0 -0 -0
0.78125 -0.440948 -0.422741 0 0 0 0 0 0 0 0 0 -0 -0 -0 -0.223987 -0.198754 -0 -0 -0
0.781875 -0.440413 -0.422237 0 0 0 0 0 0 0 0 0 -0 -0 -0 -0.219507 -0.202729 -0 -0 -0
0.7825 -0.439864 -0.421732 0 0 0 0 0 0 0 0 0 -0 -0 -0 -0.215028 -0.206704 -0 -0 -0
0.783125 -0.4393 -0.421227 0 0 0 0 0 0 0 0 0 -0 -0 -0 -0.210548 -0.210679 -0 -0 -0
0.78375 -0.438721 -0.420723 0 0 0 0 0 0 0 0 0 -0 -0 -0 -0.206068 -0.214655 -0 -0 -0
0.784375 -0.438128 -0.420218 0 0 0 0 0 0 0 0 0 -0 -0 -0 -0.201588 -0.21863 -0 -0 -0
0.785 -0.43752 -0.419713 0 0 0 0 0 0 0 0 0 -0 -0 -0 -0.197109 -0.222605 -0 -0 -0
0.785625 -0.436897 -0.419209 0 0 0 0 0 0 0 0 0 -0 -0 -0 -0.192629 -0.22658 -0 -0 -0
0.78625 -0.43626 -0.418704 0 0 0 0 0 0 0 0 0 -0 -0 -0 -0.188149 -0.230555 -0 -0 -0
0.786875 -0.435609 -0.418199 0 0 0 0 0 0 0 0 0 -0 -0 -0 -0.18367 -0.23453 -0 -0 -0
0.7875 -0.434943 -0.417695 0 0 0 0 0 0 0 0 0 -0 -0 -0 -0.17919 -0.238505 -0 -0 -0
0.788125 -0.434263 -0.41719 0 0 0 0 0 0 0 0 0 -0 -0 -0 -0.17471 -0.24248 -0 -0 -0
0.78875 -0.433569 -0.416686 0 0 0 0 0 0 0 0 0 -0 -0 -0 -0.17023 -0.246455 -0 -0 -0
0.789375 -0.432861 -0.416181 0 0 0 0 0 0 0 0 0 -0 -0 -0 -0.165751 -0.25043 -0 -0 -0
0.79 -0.432139 -0.415676 0 0 0 0 0 0 0 0 0 -0 -0 -0 -0.161271 -0.254405 -0 -0 -0
0.790625 -0.431403 -0.415172 0 0 0 0 0 0 0 0 0 -0 -0 -0 -0.156791 -0.25838 -0 -0 -0
0.79125 -0.430653 -0.414667 0 0 0 0 0 0 0 0 0 -0 -0 -0 -0.152311 -0.262356 -0 -0 -0
0.791875 -0.429889 -0.414162 0 0 0 0 0 0 0 0 0 -0 -0 -0 -0.147832 -0.266331 -0 -0 -0
0.7925 -0.429111 -0.413658 0 0 0 0 0 0 0 0 0 -0 -0 -0 -0.143352 -0.270306 -0 -0 -0
0.793125 -0.42832 -0.413153 0 0 0 0 0 0 0 0 0 -0 -0 -0 -0.138872 -0.274281 -0 -0 -0
0.79375 -0.427515 -0.412648 0 0 0 0 0 0 0 0 0 -0 -0 -0 -0.134392 -0.278256 -0 -0 -0
0.794375 -0.426697 -0.412144 0 0 0 0 0 0 0 0 0 -0 -0 -0 -0.129913 -0.282231 -0 -0 -0
0.795 -0.425865 -0.411639 0 0 0 0 0 0 0 0 0 -0 -0 -0 -0.125433 -0.286206 -0 -0 -0
0.795625 -0.42502 -0.411134 0 0 0 0 0 0 0 0 0 -0 -0 -0 -0.120953 -0.290181 -0 -0 -0
0.79625 -0.424162 -0.41063 0 0 0 0 0 0 0 0 0 -0 -0 -0 -0.116473 -0.294156 -0 -0 -0
0.796875 -0.42329 -0.410125 0 0 0 0 0 0 0 0 0 -0 -0 -0 -0.111994 -0.298131 -0 -0 -0
0.7975 -0.422406 -0.40962 0 0 0 0 0 0 0 0 0 -0 -0 -0 -0.107514 -0.302106 -0 -0 -0
0.798125 -0.421508 -0.409116 0 0 0 0 0 0 0 0 0 -0 -0 -0 -0.103034 -0.306082 -0 -0 -0
0.79875 -0.420598 -0.408611 0 0 0 0 0 0 0 0 0 -0 -0 -0 -0.0985544 -0.310057 -0 -0 -0
0.799375 -0.419675 -0.408106 0 0 0 0 0 0 0 0 0 -0 -0 -0 -0.0940746 -0.314032 -0 -0 -0
0.8 -0.418739 -0.407602 0 0 0 0 0 0 0 0 0 -0 -0 -0 -0.0895949 -0.318007 -0 -0 -0
0.800625 -0.41779 -0.407097 0 0 0 0 0 0 0 0 0 -0 -0 -0 -0.0851151 -0.321982 -0 -0 -0
0.80125 -0.416829 -0.406592 0 0 0 0 0 0 0 0 0 -0 -0 -0 -0.0806354 -0.325957 -0 -0 -0
0.801875 -0.415856 -0.406088 0 0 0 0 0 0 0 0 0 -0 -0 -0 -0.0761557 -0.329932 -0 -0 -0
0.8025 -0.41487 -0.405583 0 0 0 0 0 0 0 0 0 -0 -0 -0 -0.0716759 -0.333907 -0 -0 -0
0.803125 -0.413872 -0.405078 0 0 0 0 0 0 0 0 0 -0 -0 -0 -0.0671962 -0.337882 -0 -0 -0
0.80375 -0.412862 -0.404574 0 0 0 0 0 0 0 0 0 -0 -0 -0 -0.0627164 -0.341857 -0 -0 -0
0.804375 -0.41184 -0.404069 0 0 0 0 0 0 0 0 0 -0 -0 -0 -0.0582367 -0.345832 -0 -0 -0
0.805 -0.410807 -0.403564 0 0 0 0 0 0 0 0 0 -0 -0 -0 -0.0537569 -0.349807 -0 -0 -0
0.805625 -0.409761 -0.40306 0 0 0 0 0 0 0 0 0 -0 -0 -0 -0.0492772 -0.353783 -0 -0 -0
0.80625 -0.408703 -0.402555 0 0 0 0 0 0 0 0 0 -0 -0 -0 -0.0447974 -0.357758 -0 -0 -0
0.806875 -0.407634 -0.40205 0 0 0 0 0 0 0 0 0 -0 -0 -0 -0.0403177 -0.361733 -0 -0 -0
0.8075 -0.406554 -0.401546 0 0 0 0 0 0 0 0 0 -0 -0 -0 -0.035838 -0.365708 -0 -0 -0
0.808125 -0.405462 -0.401041 0 0 0 0 0 0 0 0 0 -0 -0 -0 -0.0313582 -0.369683 -0 -0 -0
0.80875 -0.404359 -0.400536 0 0 0 0 0 0 0 0 0 -0 -0 -0 -0.0268785 -0.373658 -0 -0 -0
0.809375 -0.403244 -0.400032 0 0 0 0 0 0 0 0 0 -0 -0 -0 -0.0223987 -0.377633 -0 -0 -0
0.81 -0.402119 -0.399527 0 0 0 0 0 0 0 0 0 -0 -0 -0 -0.017919 -0.381608 -0 -0 -0
0.810625 -0.400982 -0.399022 0 0 0 0 0 0 0 0 0 -0 -0 -0 -0.0134392 -0.385583 -0 -0 -0
0.81125 -0.399835 -0.398518 0 0 0 0 0 0 0 0 0 -0 -0 -0 -0.00895949 -0.389558 -0 -0 -0
0.811875 -0.398677 -0.398013 0 0 0 0 0 0 0 0 0 -0 -0 -0 -0.00447974 -0.393533 -0 -0 -0
0.8125 -0.397508 -0.397508 0 0 0 0 0 0 0 0 0 -0 -0 -0 -0 -0.397508 -0 -0 -0
0.813125 -0.396329 -0.396015 0 0 0 0 0 0 0 0 0 -0 -0 -0 -0 -0.393533 -0.00248172 -0 -0
0.81375 -0.39514 -0.394522 0 0 0 0 0 0 0 0 0 -0 -0 -0 -0 -0.389558 -0.00496344 -0 -0
0.814375 -0.39394 -0.393028 0 0 0 0 0 0 0 0 0 -0 -0 -0 -0 -0.385583 -0.00744516 -0 -0
0.815 -0.39273 -0.391535 0 0 0 0 0 0 0 0 0 -0 -0 -0 -0 -0.381608 -0.00992689 -0 -0
0.815625 -0.39151 -0.390042 0 0 0 0 0 0 0 0 0 -0 -0 -0 -0 -0.377633 -0.0124086 -0 -0
0.81625 -0.39028 -0.388548 0 0 0 0 0 0 0 0 0 -0 -0 -0 -0 -0.373658 -0.0148903 -0 -0
0.816875 -0.38904 -0.387055 0 0 0 0 0 0 0 0 0 -0 -0 -0 -0 -0.369683 -0.017372 -0 -0
0.8175 -0.387791 -0.385562 0 0 0 0 0 0 0 0 0 -0 -0 -0 -0 -0.365708 -0.0198538 -0 -0
0.818125 -0.386532 -0.384068 0 0 0 0 0 0 0 0 0 -0 -0 -0 -0 -0.361733 -0.0223355 -0 -0
0.81875 -0.385263 -0.382575 0 0 0 0 0 0 0 0 0 -0 -0 -0 -0 -0.357758 -0.0248172 -0 -0
0.819375 -0.383986 -0.381081 0 0 0 0 0 0 0 0 0 -0 -0 -0 -0 -0.353783 -0.0272989 -0 -0
0.82 -0.382699 -0.379588 0 0 0 0 0 0 0 0 0 -0 -0 -0 -0 -0.349807 -0.0297807 -0 -0
0.820625 -0.381402 -0.378095 0 0 0 0 0 0 0 0 0 -0 -0 -0 -0 -0.345832 -0.0322624 -0 -0
0.82125 -0.380097 -0.376601 0 0 0 0 0 0 0 0 0 -0 -0 -0 -0 -0.341857 -0.0347441 -0 -0
0.821875 -0.378783 -0.375108 0 0 0 0 0 0 0 0 0 -0 -0 -0 -0 -0.337882 -0.0372258 -0 -0
0.8225 -0.377461 -0.373615 0 0 0 0 0 0 0 0 0 -0 -0 -0 -0 -0.333907 -0.0397075 -0 -0
0.823125 -0.376129 -0.372121 0 0 0 0 0 0 0 0 0 -0 -0 -0 -0 -0.329932 -0.0421893 -0 -0
0.82375 -0.37479 -0.370628 0 0 0 0 0 0 0 0 0 -0 -0 -0 -0 -0.325957 -0.044671 -0 -0
0.824375 -0.373441 -0.369135 0 0 0 0 0 0 0 0 0 -0 -0 -0 -0 -0.321982 -0.0471527 -0 -0
0.825 -0.372085 -0.367641 0 0 0 0 0 0 0 0 0 -0 -0 -0 -0 -0.318007 -0.0496344 -0 -0
0.825625 -0.370721 -0.366148 0 0 0 0 0 0 0 0 0 -0 -0 -0 -0 -0.314032 -0.0521161 -0 -0
0.82625 -0.369348 -0.364654 0 0 0 0 0 0 0 0 0 -0 -0 -0 -0 -0.310057 -0.0545979 -0 -0
0.826875 -0.367968 -0.363161 0 0 0 0 0 0 0 0 0 -0 -0 -0 -0 -0.306082 -0.0570796 -0 -0
0.8275 -0.36658 -0.361668 0 0 0 0 0 0 0 0 0 -0 -0 -0 -0 -0.302106 -0.0595613 -0 -0
0.828125 -0.365184 -0.360174 0 0 0 0 0 0 0 0 0 -0 -0 -0 -0 -0.298131 -0.062043 -0 -0
0.82875 -0.363781 -0.358681 0 0 0 0 0 0 0 0 0 -0 -0 -0 -0 -0.294156 -0.0645248 -0 -0
0.829375 -0.362371 -0.357188 0 0 0 0 0 0 0 0 0 -0 -0 -0 -0 -0.290181 -0.0670065 -0 -0
0.83 -0.360953 -0.355694 0 0 0 0 0 0 0 0 0 -0 -0 -0 -0 -0.286206 -0.0694882 -0 -0
0.830625 -0.359528 -0.354201 0 0 0 0 0 0 0 0 0 -0 -0 -0 -0 -0.282231 -0.0719699 -0 -0
0.83125 -0.358096 -0.352708 0 0 0 0 0 0 0 0 0 -0 -0 -0 -0 -0.278256 -0.0744516 -0 -0
0.831875 -0.356658 -0.351214 0 0 0 0 0 0 0 0 0 -0 -0 -0 -0 -0.274281 -0.0769334 -0 -0
0.8325 -0.355213 -0.349721 0 0 0 0 0 0 0 0 0 -0 -0 -0 -0 -0.270306 -0.0794151 -0 -0
0.833125 -0.353761 -0.348227 0 0 0 0 0 0 0 0 0 -0 -0 -0 -0 -0.266331 -0.0818968 -0 -0
0.83375 -0.352302 -0.346734 0 0 0 0 0 0 0 0 0 -0 -0 -0 -0 -0.262356 -0.0843785 -0 -0
0.834375 -0.350838 -0.345241 0 0 0 0 0 0 0 0 0 -0 -0 -0 -0 -0.25838 -0.0868602 -0 -0
0.835 -0.349367 -0.343747 0 0 0 0 0 0 0 0 0 -0 -0 -0 -0 -0.254405 -0.089342 -0 -0
0.835625 -0.34789 -0.342254 0 0 0 0 0 0 0 0 0 -0 -0 -0 -0 -0.25043 -0.0918237 -0 -0
0.83625 -0.346407 -0.340761 0 0 0 0 0 0 0 0 0 -0 -0 -0 -0 -0.246455 -0.0943054 -0 -0
0.836875 -0.344918 -0.339267 0 0 0 0 0 0 0 0 0 -0 -0 -0 -0 -0.24248 -0.0967871 -0 -0
0.8375 -0.343424 -0.337774 0 0 0 0 0 0 0 0 0 -0 -0 -0 -0 -0.238505 -0.0992689 -0 -0
0.838125 -0.341924 -0.336281 0 0 0 0 0 0 0 0 0 -0 -0 -0 -0 -0.23453 -0.101751 -0 -0
0.83875 -0.340419 -0.334787 0 0 0 0 0 0 0 0 0 -0 -0 -0 -0 -0.230555 -0.104232 -0 -0
0.839375 -0.338908 -0.333294 0 0 0 0 0 0 0 0 0 -0 -0 -0 -0 -0.22658 -0.106714 -0 -0
0.84 -0.337393 -0.3318 0 0 0 0 0 0 0 0 0 -0 -0 -0 -0 -0.222605 -0.109196 -0 -0
0.840625 -0.335872 -0.330307 0 0 0 0 0 0 0 0 0 -0 -0 -0 -0 -0.21863 -0.111677 -0 -0
0.84125 -0.334346 -0.328814 0 0 0 0 0 0 0 0 0 -0 -0 -0 -0 -0.214655 -0.114159 -0 -0
0.841875 -0.332816 -0.32732 0 0 0 0 0 0 0 0 0 -0 -0 -0 -0 -0.210679 -0.116641 -0 -0
0.8425 -0.331281 -0.325827 0 0 0 0 0 0 0 0 0 -0 -0 -0 -0 -0.206704 -0.119123 -0 -0
0.843125 -0.329741 -0.324334 0 0 0 0 0 0 0 0 0 -0 -0 -0 -0 -0.202729 -0.121604 -0 -0
0.84375 -0.328197 -0.32284 0 0 0 0 0 0 0 0 0 -0 -0 -0 -0 -0.198754 -0.124086 -0 -0
0.844375 -0.326649 -0.321347 0 0 0 0 0 0 0 0 0 -0 -0 -0 -0 -0.194779 -0.126568 -0 -0
0.845 -0.325097 -0.319854 0 0 0 0 0 0 0 0 0 -0 -0 -0 -0 -0.190804 -0.12905 -0 -0
0.845625 -0.32354 -0.31836 0 0 0 0 0 0 0 0 0 -0 -0 -0 -0 -0.186829 -0.131531 -0 -0
0.84625 -0.32198 -0.316867 0 0 0 0 0 0 0 0 0 -0 -0 -0 -0 -0.182854 -0.134013 -0 -0
0.846875 -0.320416 -0.315373 0 0 0 0 0 0 0 0 0 -0 -0 -0 -0 -0.178879 -0.136495 -0 -0
0.8475 -0.318849 -0.31388 0 0 0 0 0 0 0 0 0 -0 -0 -0 -0 -0.174904 -0.138976 -0 -0
0.848125 -0.317278 -0.312387 0 0 0 0 0 0 0 0 0 -0 -0 -0 -0 -0.170929 -0.141458 -0 -0
0.84875 -0.315703 -0.310893 0 0 0 0 0 0 0 0 0 -0 -0 -0 -0 -0.166954 -0.14394 -0 -0
0.849375 -0.314125 -0.3094 0 0 0 0 0 0 0 0 0 -0 -0 -0 -0 -0.162978 -0.146422 -0 -0
0.85 -0.312545 -0.307907 0 0 0 0 0 0 0 0 0 -0 -0 -0 -0 -0.159003 -0.148903 -0 -0
0.850625 -0.310961 -0.306413 0 0 0 0 0 0 0 0 0 -0 -0 -0 -0 -0.155028 -0.151385 -0 -0
0.85125 -0.309374 -0.30492 0 0 0 0 0 0 0 0 0 -0 -0 -0 -0 -0.151053 -0.153867 -0 -0
0.851875 -0.307785 -0.303427 0 0 0 0 0 0 0 0 0 -0 -0 -0 -0 -0.147078 -0.156348 -0 -0
0.8525 -0.306193 -0.301933 0 0 0 0 0 0 0 0 0 -0 -0 -0 -0 -0.143103 -0.15883 -0 -0
0.853125 -0.304599 -0.30044 0 0 0 0 0 0 0 0 0 -0 -0 -0 -0 -0.139128 -0.161312 -0 -0
0.85375 -0.303002 -0.298946 0 0 0 0 0 0 0 0 0 -0 -0 -0 -0 -0.135153 -0.163794 -0 -0
0.854375 -0.301403 -0.297453 0 0 0 0 0 0 0 0 0 -0 -0 -0 -0 -0.131178 -0.166275 -0 -0
0.855 -0.299802 -0.29596 0 0 0 0 0 0 0 0 0 -0 -0 -0 -0 -0.127203 -0.168757 -0 -0
0.855625 -0.298199 -0.294466 0 0 0 0 0 0 0 0 0 -0 -0 -0 -0 -0.123228 -0.171239 -0 -0
0.85625 -0.296594 -0.292973 0 0 0 0 0 0 0 0 0 -0 -0 -0 -0 -0.119253 -0.17372 -0 -0
0.856875 -0.294988 -0.29148 0 0 0 0 0 0 0 0 0 -0 -0 -0 -0 -0.115277 -0.176202 -0 -0
0.8575 -0.293379 -0.289986 0 0 0 0 0 0 0 0 0 -0 -0 -0 -0 -0.111302 -0.178684 -0 -0
0.858125 -0.29177 -0.288493 0 0 0 0 0 0 0 0 0 -0 -0 -0 -0 -0.107327 -0.181166 -0 -0
0.85875 -0.290158 -0.287 0 0 0 0 0 0 0 0 0 -0 -0 -0 -0 -0.103352 -0.183647 -0 -0
0.859375 -0.288546 -0.285506 0 0 0 0 0 0 0 0 0 -0 -0 -0 -0 -0.0993771 -0.186129 -0 -0
0.86 -0.286933 -0.284013 0 0 0 0 0 0 0 0 0 -0 -0 -0 -0 -0.095402 -0.188611 -0 -0
0.860625 -0.285318 -0.282519 0 0 0 0 0 0 0 0 0 -0 -0 -0 -0 -0.0914269 -0.191093 -0 -0
0.86125 -0.283703 -0.281026 0 0 0 0 0 0 0 0 0 -0 -0 -0 -0 -0.0874519 -0.193574 -0 -0
0.861875 -0.282087 -0.279533 0 0 0 0 0 0 0 0 0 -0 -0 -0 -0 -0.0834768 -0.196056 -0 -0
0.8625 -0.28047 -0.278039 0 0 0 0 0 0 0 0 0 -0 -0 -0 -0 -0.0795017 -0.198538 -0 -0
0.863125 -0.278853 -0.276546 0 0 0 0 0 0 0 0 0 -0 -0 -0 -0 -0.0755266 -0.201019 -0 -0
0.86375 -0.277235 -0.275053 0 0 0 0 0 0 0 0 0 -0 -0 -0 -0 -0.0715515 -0.203501 -0 -0
0.864375 -0.275617 -0.273559 0 0 0 0 0 0 0 0 0 -0 -0 -0 -0 -0.0675764 -0.205983 -0 -0
0.865 -0.273998 -0.272066 0 0 0 0 0 0 0 0 0 -0 -0 -0 -0 -0.0636014 -0.208465 -0 -0
0.865625 -0.27238 -0.270573 0 0 0 0 0 0 0 0 0 -0 -0 -0 -0 -0.0596263 -0.210946 -0 -0
0.86625 -0.270762 -0.269079 0 0 0 0 0 0 0 0 0 -0 -0 -0 -0 -0.0556512 -0.213428 -0 -0
0.866875 -0.269144 -0.267586 0 0 0 0 0 0 0 0 0 -0 -0 -0 -0 -0.0516761 -0.21591 -0 -0
0.8675 -0.267526 -0.266092 0 0 0 0 0 0 0 0 0 -0 -0 -0 -0 -0.047701 -0.218391 -0 -0
0.868125 -0.265908 -0.264599 0 0 0 0 0 0 0 0 0 -0 -0 -0 -0 -0.0437259 -0.220873 -0 -0
0.86875 -0.264291 -0.263106 0 0 0 0 0 0 0 0 0 -0 -0 -0 -0 -0.0397508 -0.223355 -0 -0
0.869375 -0.262675 -0.261612 0 0 0 0 0 0 0 0 0 -0 -0 -0 -0 -0.0357758 -0.225837 -0 -0
0.87 -0.261059 -0.260119 0 0 0 0 0 0 0 0 0 -0 -0 -0 -0 -0.0318007 -0.228318 -0 -0
0.870625 -0.259444 -0.258626 0 0 0 0 0 0 0 0 0 -0 -0 -0 -0 -0.0278256 -0.2308 -0 -0
0.87125 -0.25783 -0.257132 0 0 0 0 0 0 0 0 0 -0 -0 -0 -0 -0.0238505 -0.233282 -0 -0
0.871875 -0.256218 -0.255639 0 0 0 0 0 0 0 0 0 -0 -0 -0 -0 -0.0198754 -0.235764 -0 -0
0.8725 -0.254606 -0.254146 0 0 0 0 0 0 0 0 0 -0 -0 -0 -0 -0.0159003 -0.238245 -0 -0
0.873125 -0.252995 -0.252652 0 0 0 0 0 0 0 0 0 -0 -0 -0 -0 -0.0119253 -0.240727 -0 -0
0.87375 -0.251386 -0.251159 0 0 0 0 0 0 0 0 0 -0 -0 -0 -0 -0.00795017 -0.243209 -0 -0
0.874375 -0.249778 -0.249665 0 0 0 0 0 0 0 0 0 -0 -0 -0 -0 -0.00397508 -0.24569 -0 -0
0.875 -0.248172 -0.248172 0 0 0 0 0 0 0 0 0 -0 -0 -0 -0 -0 -0.248172 -0 -0
0.875625 -0.246568 -0.246781 0 0 0 0 0 0 0 0 0 -0 -0 -0 -0 -0 -0.24569 -0.00109013 -0
0.87625 -0.244965 -0.245389 0 0 0 0 0 0 0 0 0 -0 -0 -0 -0 -0 -0.243209 -0.00218026 -0
0.876875 -0.243364 -0.243997 0 0 0 0 0 0 0 0 0 -0 -0 -0 -0 -0 -0.240727 -0.00327039 -0
0.8775 -0.241765 -0.242606 0 0 0 0 0 0 0 0 0 -0 -0 -0 -0 -0 -0.238245 -0.00436052 -0
0.878125 -0.240168 -0.241214 0 0 0 0 0 0 0 0 0 -0 -0 -0 -0 -0 -0.235764 -0.00545065 -0
0.87875 -0.238573 -0.239823 0 0 0 0 0 0 0 0 0 -0 -0 -0 -0 -0 -0.233282 -0.00654077 -0
0.879375 -0.236981 -0.238431 0 0 0 0 0 0 0 0 0 -0 -0 -0 -0 -0 -0.2308 -0.0076309 -0
0.88 -0.235391 -0.237039 0 0 0 0 0 0 0 0 0 -0 -0 -0 -0 -0 -0.228318 -0.00872103 -0
0.880625 -0.233803 -0.235648 0 0 0 0 0 0 0 0 0 -0 -0 -0 -0 -0 -0.225837 -0.00981116 -0
0.88125 -0.232218 -0.234256 0 0 0 0 0 0 0 0 0 -0 -0 -0 -0 -0 -0.223355 -0.0109013 -0
0.881875 -0.230636 -0.232865 0 0 0 0 0 0 0 0 0 -0 -0 -0 -0 -0 -0.220873 -0.0119914 -0
0.8825 -0.229056 -0.231473 0 0 0 0 0 0 0 0 0 -0 -0 -0 -0 -0 -0.218391 -0.0130815 -0
0.883125 -0.227479 -0.230081 0 0 0 0 0 0 0 0 0 -0 -0 -0 -0 -0 -0.21591 -0.0141717 -0
0.88375 -0.225905 -0.22869 0 0 0 0 0 0 0 0 0 -0 -0 -0 -0 -0 -0.213428 -0.0152618 -0
0.884375 -0.224334 -0.227298 0 0 0 0 0 0 0 0 0 -0 -0 -0 -0 -0 -0.210946 -0.0163519 -0
0.885 -0.222766 -0.225907 0 0 0 0 0 0 0 0 0 -0 -0 -0 -0 -0 -0.208465 -0.0174421 -0
0.885625 -0.221201 -0.224515 0 0 0 0 0 0 0 0 0 -0 -0 -0 -0 -0 -0.205983 -0.0185322 -0
0.88625 -0.21964 -0.223123 0 0 0 0 0 0 0 0 0 -0 -0 -0 -0 -0 -0.203501 -0.0196223 -0
0.886875 -0.218082 -0.221732 0 0 0 0 0 0 0 0 0 -0 -0 -0 -0 -0 -0.201019 -0.0207125 -0
0.8875 -0.216527 -0.22034 0 0 0 0 0 0 0 0 0 -0 -0 -0 -0 -0 -0.198538 -0.0218026 -0
0.888125 -0.214976 -0.218949 0 0 0 0 0 0 0 0 0 -0 -0 -0 -0 -0 -0.196056 -0.0228927 -0
0.88875 -0.213429 -0.217557 0 0 0 0 0 0 0 0 0 -0 -0 -0 -0 -0 -0.193574 -0.0239828 -0
0.889375 -0.211885 -0.216166 0 0 0 0 0 0 0 0 0 -0 -0 -0 -0 -0 -0.191093 -0.025073 -0
0.89 -0.210345 -0.214774 0 0 0 0 0 0 0 0 0 -0 -0 -0 -0 -0 -0.188611 -0.0261631 -0
0.890625 -0.208808 -0.213382 0 0 0 0 0 0 0 0 0 -0 -0 -0 -0 -0 -0.186129 -0.0272532 -0
0.89125 -0.207276 -0.211991 0 0 0 0 0 0 0 0 0 -0 -0 -0 -0 -0 -0.183647 -0.0283434 -0
0.891875 -0.205748 -0.210599 0 0 0 0 0 0 0 0 0 -0 -0 -0 -0 -0 -0.181166 -0.0294335 -0
0.8925 -0.204224 -0.209208 0 0 0 0 0 0 0 0 0 -0 -0 -0 -0 -0 -0.178684 -0.0305236 -0
0.893125 -0.202704 -0.207816 0 0 0 0 0 0 0 0 0 -0 -0 -0 -0 -0 -0.176202 -0.0316137 -0
0.89375 -0.201188 -0.206424 0 0 0 0 0 0 0 0 0 -0 -0 -0 -0 -0 -0.17372 -0.0327039 -0
0.894375 -0.199677 -0.205033 0 0 0 0 0 0 0 0 0 -0 -0 -0 -0 -0 -0.171239 -0.033794 -0
0.895 -0.198169 -0.203641 0 0 0 0 0 0 0 0 0 -0 -0 -0 -0 -0 -0.168757 -0.0348841 -0
0.895625 -0.196667 -0.20225 0 0 0 0 0 0 0 0 0 -0 -0 -0 -0 -0 -0.166275 -0.0359743 -0
0.89625 -0.195169 -0.200858 0 0 0 0 0 0 0 0 0 -0 -0 -0 -0 -0 -0.163794 -0.0370644 -0
0.896875 -0.193675 -0.199466 0 0 0 0 0 0 0 0 0 -0 -0 -0 -0 -0 -0.161312 -0.0381545 -0
0.8975 -0.192187 -0.198075 0 0 0 0 0 0 0 0 0 -0 -0 -0 -0 -0 -0.15883 -0.0392446 -0
0.898125 -0.190702 -0.196683 0 0 0 0 0 0 0 0 0 -0 -0 -0 -0 -0 -0.156348 -0.0403348 -0
0.89875 -0.189223 -0.195292 0 0 0 0 0 0 0 0 0 -0 -0 -0 -0 -0 -0.153867 -0.0414249 -0
0.899375 -0.187749 -0.1939 0 0 0 0 0 0 0 0 0 -0 -0 -0 -0 -0 -0.151385 -0.042515 -0
0.9 -0.186279 -0.192508 0 0 0 0 0 0 0 0 0 -0 -0 -0 -0 -0 -0.148903 -0.0436052 -0
0.900625 -0.184815 -0.191117 0 0 0 0 0 0 0 0 0 -0 -0 -0 -0 -0 -0.146422 -0.0446953 -0
0.90125 -0.183356 -0.189725 0 0 0 0 0 0 0 0 0 -0 -0 -0 -0 -0 -0.14394 -0.0457854 -0
0.901875 -0.181901 -0.188334 0 0 0 0 0 0 0 0 0 -0 -0 -0 -0 -0 -0.141458 -0.0468756 -0
0.9025 -0.180452 -0.186942 0 0 0 0 0 0 0 0 0 -0 -0 -0 -0 -0 -0.138976 -0.0479657 -0
0.903125 -0.179008 -0.18555 0 0 0 0 0 0 0 0 0 -0 -0 -0 -0 -0 -0.136495 -0.0490558 -0
0.90375 -0.17757 -0.184159 0 0 0 0 0 0 0 0 0 -0 -0 -0 -0 -0 -0.134013 -0.0501459 -0
0.904375 -0.176137 -0.182767 0 0 0 0 0 0 0 0 0 -0 -0 -0 -0 -0 -0.131531 -0.0512361 -0
0.905 -0.174709 -0.181376 0 0 0 0 0 0 0 0 0 -0 -0 -0 -0 -0 -0.12905 -0.0523262 -0
0.905625 -0.173287 -0.179984 0 0 0 0 0 0 0 0 0 -0 -0 -0 -0 -0 -0.126568 -0.0534163 -0
0.90625 -0.17187 -0.178593 0 0 0 0 0 0 0 0 0 -0 -0 -0 -0 -0 -0.124086 -0.0545065 -0
0.906875 -0.170459 -0.177201 0 0 0 0 0 0 0 0 0 -0 -0 -0 -0 -0 -0.121604 -0.0555966 -0
0.9075 -0.169054 -0.175809 0 0 0 0 0 0 0 0 0 -0 -0 -0 -0 -0 -0.119123 -0.0566867 -0
0.908125 -0.167654 -0.174418 0 0 0 0 0 0 0 0 0 -0 -0 -0 -0 -0 -0.116641 -0.0577768 -0
0.90875 -0.16626 -0.173026 0 0 0 0 0 0 0 0 0 -0 -0 -0 -0 -0 -0.114159 -0.058867 -0
0.909375 -0.164872 -0.171635 0 0 0 0 0 0 0 0 0 -0 -0 -0 -0 -0 -0.111677 -0.0599571 -0
0.91 -0.163489 -0.170243 0 0 0 0 0 0 0 0 0 -0 -0 -0 -0 -0 -0.109196 -0.0610472 -0
0.910625 -0.162113 -0.168851 0 0 0 0 0 0 0 0 0 -0 -0 -0 -0 -0 -0.106714 -0.0621374 -0
0.91125 -0.160742 -0.16746 0 0 0 0 0 0 0 0 0 -0 -0 -0 -0 -0 -0.104232 -0.0632275 -0
0.911875 -0.159378 -0.166068 0 0 0 0 0 0 0 0 0 -0 -0 -0 -0 -0 -0.101751 -0.0643176 -0
0.9125 -0.158019 -0.164677 0 0 0 0 0 0 0 0 0 -0 -0 -0 -0 -0 -0.0992689 -0.0654077 -0
0.913125 -0.156667 -0.163285 0 0 0 0 0 0 0 0 0 -0 -0 -0 -0 -0 -0.0967871 -0.0664979 -0
0.91375 -0.15532 -0.161893 0 0 0 0 0 0 0 0 0 -0 -0 -0 -0 -0 -0.0943054 -0.067588 -0
0.914375 -0.15398 -0.160502 0 0 0 0 0 0 0 0 0 -0 -0 -0 -0 -0 -0.0918237 -0.0686781 -0
0.915 -0.152646 -0.15911 0 0 0 0 0 0 0 0 0 -0 -0 -0 -0 -0 -0.089342 -0.0697683 -0
0.915625 -0.151318 -0.157719 0 0 0 0 0 0 0 0 0 -0 -0 -0 -0 -0 -0.0868602 -0.0708584 -0
0.91625 -0.149997 -0.156327 0 0 0 0 0 0 0 0 0 -0 -0 -0 -0 -0 -0.0843785 -0.0719485 -0
0.916875 -0.148682 -0.154935 0 0 0 0 0 0 0 0 0 -0 -0 -0 -0 -0 -0.0818968 -0.0730387 -0
0.9175 -0.147373 -0.153544 0 0 0 0 0 0 0 0 0 -0 -0 -0 -0 -0 -0.0794151 -0.0741288 -0
0.918125 -0.14607 -0.152152 0 0 0 0 0 0 0 0 0 -0 -0 -0 -0 -0 -0.0769334 -0.0752189 -0
0.91875 -0.144774 -0.150761 0 0 0 0 0 0 0 0 0 -0 -0 -0 -0 -0 -0.0744516 -0.076309 -0
0.919375 -0.143485 -0.149369 0 0 0 0 0 0 0 0 0 -0 -0 -0 -0 -0 -0.0719699 -0.0773992 -0
0.92 -0.142202 -0.147977 0 0 0 0 0 0 0 0 0 -0 -0 -0 -0 -0 -0.0694882 -0.0784893 -0
0.920625 -0.140925 -0.146586 0 0 0 0 0 0 0 0 0 -0 -0 -0 -0 -0 -0.0670065 -0.0795794 -0
0.92125 -0.139655 -0.145194 0 0 0 0 0 0 0 0 0 -0 -0 -0 -0 -0 -0.0645248 -0.0806696 -0
0.921875 -0.138392 -0.143803 0 0 0 0 0 0 0 0 0 -0 -0 -0 -0 -0 -0.062043 -0.0817597 -0
0.9225 -0.137135 -0.142411 0 0 0 0 0 0 0 0 0 -0 -0 -0 -0 -0 -0.0595613 -0.0828498 -0
0.923125 -0.135885 -0.14102 0 0 0 0 0 0 0 0 0 -0 -0 -0 -0 -0 -0.0570796 -0.0839399 -0
0.92375 -0.134641 -0.139628 0 0 0 0 0 0 0 0 0 -0 -0 -0 -0 -0 -0.0545979 -0.0850301 -0
0.924375 -0.133405 -0.138236 0 0 0 0 0 0 0 0 0 -0 -0 -0 -0 -0 -0.0521161 -0.0861202 -0
0.925 -0.132174 -0.136845 0 0 0 0 0 0 0 0 0 -0 -0 -0 -0 -0 -0.0496344 -0.0872103 -0
0.925625 -0.130951 -0.135453 0 0 0 0 0 0 0 0 0 -0 -0 -0 -0 -0 -0.0471527 -0.0883005 -0
0.92625 -0.129734 -0.134062 0 0 0 0 0 0 0 0 0 -0 -0 -0 -0 -0 -0.044671 -0.0893906 -0
0.926875 -0.128525 -0.13267 0 0 0 0 0 0 0 0 0 -0 -0 -0 -0 -0 -0.0421893 -0.0904807 -0
0.9275 -0.127322 -0.131278 0 0 0 0 0 0 0 0 0 -0 -0 -0 -0 -0 -0.0397075 -0.0915708 -0
0.928125 -0.126125 -0.129887 0 0 0 0 0 0 0 0 0 -0 -0 -0 -0 -0 -0.0372258 -0.092661 -0
0.92875 -0.124936 -0.128495 0 0 0 0 0 0 0 0 0 -0 -0 -0 -0 -0 -0.0347441 -0.0937511 -0
0.929375 -0.123754 -0.127104 0 0 0 0 0 0 0 0 0 -0 -0 -0 -0 -0 -0.0322624 -0.0948412 -0
0.93 -0.122578 -0.125712 0 0 0 0 0 0 0 0 0 -0 -0 -0 -0 -0 -0.0297807 -0.0959314 -0
0.930625 -0.121409 -0.12432 0 0 0 0 0 0 0 0 0 -0 -0 -0 -0 -0 -0.0272989 -0.0970215 -0
0.93125 -0.120248 -0.122929 0 0 0 0 0 0 0 0 0 -0 -0 -0 -0 -0 -0.0248172 -0.0981116 -0
0.931875 -0.119093 -0.121537 0 0 0 0 0 0 0 0 0 -0 -0 -0 -0 -0 -0.0223355 -0.0992017 -0
0.9325 -0.117945 -0.120146 0 0 0 0 0 0 0 0 0 -0 -0 -0 -0 -0 -0.0198538 -0.100292 -0
0.933125 -0.116804 -0.118754 0 0 0 0 0 0 0 0 0 -0 -0 -0 -0 -0 -0.017372 -0.101382 -0
0.93375 -0.11567 -0.117362 0 0 0 0 0 0 0 0 0 -0 -0 -0 -0 -0 -0.0148903 -0.102472 -0
0.934375 -0.114543 -0.115971 0 0 0 0 0 0 0 0 0 -0 -0 -0 -0 -0 -0.0124086 -0.103562 -0
0.935 -0.113423 -0.114579 0 0 0 0 0 0 0 0 0 -0 -0 -0 -0 -0 -0.00992689 -0.104652 -0
0.935625 -0.11231 -0.113188 0 0 0 0 0 0 0 0 0 -0 -0 -0 -0 -0 -0.00744516 -0.105743 -0
0.93625 -0.111204 -0.111796 0 0 0 0 0 0 0 0 0 -0 -0 -0 -0 -0 -0.00496344 -0.106833 -0
0.936875 -0.110105 -0.110405 0 0 0 0 0 0 0 0 0 -0 -0 -0 -0 -0 -0.00248172 -0.107923 -0
0.9375 -0.109013 -0.109013 0 0 0 0 0 0 0 0 0 -0 -0 -0 -0 -0 -0 -0.109013 -0
0.938125 -0.107928 -0.10826 0 0 0 0 0 0 0 0 0 -0 -0 -0 -0 -0 -0 -0.107923 -0.000336916
0.93875 -0.10685 -0.107506 0 0 0 0 0 0 0 0 0 -0 -0 -0 -0 -0 -0 -0.106833 -0.000673831
0.939375 -0.105779 -0.106753 0 0 0 0 0 0 0 0 0 -0 -0 -0 -0 -0 -0 -0.105743 -0.00101075
0.94 -0.104716 -0.106 0 0 0 0 0 0 0 0 0 -0 -0 -0 -0 -0 -0 -0.104652 -0.00134766
0.940625 -0.103659 -0.105247 0 0 0 0 0 0 0 0 0 -0 -0 -0 -0 -0 -0 -0.103562 -0.00168458
0.94125 -0.102609 -0.104494 0 0 0 0 0 0 0 0 0 -0 -0 -0 -0 -0 -0 -0.102472 -0.00202149
0.941875 -0.101567 -0.10374 0 0 0 0 0 0 0 0 0 -0 -0 -0 -0 -0 -0 -0.101382 -0.00235841
0.9425 -0.100531 -0.102987 0 0 0 0 0 0 0 0 0 -0 -0 -0 -0 -0 -0 -0.100292 -0.00269533
0.943125 -0.0995025 -0.102234 0 0 0 0 0 0 0 0 0 -0 -0 -0 -0 -0 -0 -0.0992017 -0.00303224
0.94375 -0.0984811 -0.101481 0 0 0 0 0 0 0 0 0 -0 -0 -0 -0 -0 -0 -0.0981116 -0.00336916
0.944375 -0.0974667 -0.100728 0 0 0 0 0 0 0 0 0 -0 -0 -0 -0 -0 -0 -0.0970215 -0.00370607
0.945 -0.0964594 -0.0999744 0 0 0 0 0 0 0 0 0 -0 -0 -0 -0 -0 -0 -0.0959314 -0.00404299
0.945625 -0.0954592 -0.0992211 0 0 0 0 0 0 0 0 0 -0 -0 -0 -0 -0 -0 -0.0948412 -0.0043799
0.94625 -0.094466 -0.0984679 0 0 0 0 0 0 0 0 0 -0 -0 -0 -0 -0 -0 -0.0937511 -0.00471682
0.946875 -0.0934798 -0.0977147 0 0 0 0 0 0 0 0 0 -0 -0 -0 -0 -0 -0 -0.092661 -0.00505374
0.9475 -0.0925007 -0.0969615 0 0 0 0 0 0 0 0 0 -0 -0 -0 -0 -0 -0 -0.0915708 -0.00539065
0.948125 -0.0915286 -0.0962083 0 0 0 0 0 0 0 0 0 -0 -0 -0 -0 -0 -0 -0.0904807 -0.00572757
0.94875 -0.0905636 -0.0954551 0 0 0 0 0 0 0 0 0 -0 -0 -0 -0 -0 -0 -0.0893906 -0.00606448
0.949375 -0.0896056 -0.0947019 0 0 0 0 0 0 0 0 0 -0 -0 -0 -0 -0 -0 -0.0883005 -0.0064014
0.95 -0.0886546 -0.0939486 0 0 0 0 0 0 0 0 0 -0 -0 -0 -0 -0 -0 -0.0872103 -0.00673831
0.950625 -0.0877106 -0.0931954 0 0 0 0 0 0 0 0 0 -0 -0 -0 -0 -0 -0 -0.0861202 -0.00707523
0.95125 -0.0867736 -0.0924422 0 0 0 0 0 0 0 0 0 -0 -0 -0 -0 -0 -0 -0.0850301 -0.00741214
0.951875 -0.0858436 -0.091689 0 0 0 0 0 0 0 0 0 -0 -0 -0 -0 -0 -0 -0.0839399 -0.00774906
0.9525 -0.0849206 -0.0909358 0 0 0 0 0 0 0 0 0 -0 -0 -0 -0 -0 -0 -0.0828498 -0.00808598
0.953125 -0.0840045 -0.0901826 0 0 0 0 0 0 0 0 0 -0 -0 -0 -0 -0 -0 -0.0817597 -0.00842289
0.95375 -0.0830954 -0.0894294 0 0 0 0 0 0 0 0 0 -0 -0 -0 -0 -0 -0 -0.0806696 -0.00875981
0.954375 -0.0821933 -0.0886761 0 0 0 0 0 0 0 0 0 -0 -0 -0 -0 -0 -0 -0.0795794 -0.00909672
0.955 -0.0812981 -0.0879229 0 0 0 0 0 0 0 0 0 -0 -0 -0 -0 -0 -0 -0.0784893 -0.00943364
0.955625 -0.0804098 -0.0871697 0 0 0 0 0 0 0 0 0 -0 -0 -0 -0 -0 -0 -0.0773992 -0.00977055
0.95625 -0.0795284 -0.0864165 0 0 0 0 0 0 0 0 0 -0 -0 -0 -0 -0 -0 -0.076309 -0.0101075
0.956875 -0.078654 -0.0856633 0 0 0 0 0 0 0 0 0 -0 -0 -0 -0 -0 -0 -0.0752189 -0.0104444
0.9575 -0.0777864 -0.0849101 0 0 0 0 0 0 0 0 0 -0 -0 -0 -0 -0 -0 -0.0741288 -0.0107813
0.958125 -0.0769257 -0.0841569 0 0 0 0 0 0 0 0 0 -0 -0 -0 -0 -0 -0 -0.0730387 -0.0111182
0.95875 -0.0760718 -0.0834037 0 0 0 0 0 0 0 0 0 -0 -0 -0 -0 -0 -0 -0.0719485 -0.0114551
0.959375 -0.0752247 -0.0826504 0 0 0 0 0 0 0 0 0 -0 -0 -0 -0 -0 -0 -0.0708584 -0.011792
0.96 -0.0743845 -0.0818972 0 0 0 0 0 0 0 0 0 -0 -0 -0 -0 -0 -0 -0.0697683 -0.012129
0.960625 -0.0735511 -0.081144 0 0 0 0 0 0 0 0 0 -0 -0 -0 -0 -0 -0 -0.0686781 -0.0124659
0.96125 -0.0727244 -0.0803908 0 0 0 0 0 0 0 0 0 -0 -0 -0 -0 -0 -0 -0.067588 -0.0128028
0.961875 -0.0719045 -0.0796376 0 0 0 0 0 0 0 0 0 -0 -0 -0 -0 -0 -0 -0.0664979 -0.0131397
0.9625 -0.0710914 -0.0788844 0 0 0 0 0 0 0 0 0 -0 -0 -0 -0 -0 -0 -0.0654077 -0.0134766
0.963125 -0.070285 -0.0781312 0 0 0 0 0 0 0 0 0 -0 -0 -0 -0 -0 -0 -0.0643176 -0.0138135
0.96375 -0.0694853 -0.0773779 0 0 0 0 0 0 0 0 0 -0 -0 -0 -0 -0 -0 -0.0632275 -0.0141505
0.964375 -0.0686922 -0.0766247 0 0 0 0 0 0 0 0 0 -0 -0 -0 -0 -0 -0 -0.0621374 -0.0144874
0.965 -0.0679059 -0.0758715 0 0 0 0 0 0 0 0 0 -0 -0 -0 -0 -0 -0 -0.0610472 -0.0148243
0.965625 -0.0671262 -0.0751183 0 0 0 0 0 0 0 0 0 -0 -0 -0 -0 -0 -0 -0.0599571 -0.0151612
0.96625 -0.0663531 -0.0743651 0 0 0 0 0 0 0 0 0 -0 -0 -0 -0 -0 -0 -0.058867 -0.0154981
0.966875 -0.0655865 -0.0736119 0 0 0 0 0 0 0 0 0 -0 -0 -0 -0 -0 -0 -0.0577768 -0.015835
0.9675 -0.0648266 -0.0728587 0 0 0 0 0 0 0 0 0 -0 -0 -0 -0 -0 -0 -0.0566867 -0.016172
0.968125 -0.0640732 -0.0721055 0 0 0 0 0 0 0 0 0 -0 -0 -0 -0 -0 -0 -0.0555966 -0.0165089
0.96875 -0.0633264 -0.0713522 0 0 0 0 0 0 0 0 0 -0 -0 -0 -0 -0 -0 -0.0545065 -0.0168458
0.969375 -0.0625861 -0.070599 0 0 0 0 0 0 0 0 0 -0 -0 -0 -0 -0 -0 -0.0534163 -0.0171827
0.97 -0.0618522 -0.0698458 0 0 0 0 0 0 0 0 0 -0 -0 -0 -0 -0 -0 -0.0523262 -0.0175196
0.970625 -0.0611248 -0.0690926 0 0 0 0 0 0 0 0 0 -0 -0 -0 -0 -0 -0 -0.0512361 -0.0178565
0.97125 -0.0604038 -0.0683394 0 0 0 0 0 0 0 0 0 -0 -0 -0 -0 -0 -0 -0.0501459 -0.0181934
0.971875 -0.0596892 -0.0675862 0 0 0 0 0 0 0 0 0 -0 -0 -0 -0 -0 -0 -0.0490558 -0.0185304
0.9725 -0.0589811 -0.066833 0 0 0 0 0 0 0 0 0 -0 -0 -0 -0 -0 -0 -0.0479657 -0.0188673
0.973125 -0.0582792 -0.0660797 0 0 0 0 0 0 0 0 0 -0 -0 -0 -0 -0 -0 -0.0468756 -0.0192042
0.97375 -0.0575837 -0.0653265 0 0 0 0 0 0 0 0 0 -0 -0 -0 -0 -0 -0 -0.0457854 -0.0195411
0.974375 -0.0568945 -0.0645733 0 0 0 0 0 0 0 0 0 -0 -0 -0 -0 -0 -0 -0.0446953 -0.019878
0.975 -0.0562116 -0.0638201 0 0 0 0 0 0 0 0 0 -0 -0 -0 -0 -0 -0 -0.0436052 -0.0202149
0.975625 -0.0555349 -0.0630669 0 0 0 0 0 0 0 0 0 -0 -0 -0 -0 -0 -0 -0.042515 -0.0205519
0.97625 -0.0548644 -0.0623137 0 0 0 0 0 0 0 0 0 -0 -0 -0 -0 -0 -0 -0.0414249 -0.0208888
0.976875 -0.0542001 -0.0615605 0 0 0 0 0 0 0 0 0 -0 -0 -0 -0 -0 -0 -0.0403348 -0.0212257
0.9775 -0.053542 -0.0608073 0 0 0 0 0 0 0 0 0 -0 -0 -0 -0 -0 -0 -0.0392446 -0.0215626
0.978125 -0.05289 -0.060054 0 0 0 0 0 0 0 0 0 -0 -0 -0 -0 -0 -0 -0.0381545 -0.0218995
0.97875 -0.0522441 -0.0593008 0 0 0 0 0 0 0 0 0 -0 -0 -0 -0 -0 -0 -0.0370644 -0.0222364
0.979375 -0.0516043 -0.0585476 0 0 0 0 0 0 0 0 0 -0 -0 -0 -0 -0 -0 -0.0359743 -0.0225734
0.98 -0.0509705 -0.0577944 0 0 0 0 0 0 0 0 0 -0 -0 -0 -0 -0 -0 -0.0348841 -0.0229103
0.980625 -0.0503428 -0.0570412 0 0 0 0 0 0 0 0 0 -0 -0 -0 -0 -0 -0 -0.033794 -0.0232472
0.98125 -0.049721 -0.056288 0 0 0 0 0 0 0 0 0 -0 -0 -0 -0 -0 -0 -0.0327039 -0.0235841
0.981875 -0.0491052 -0.0555348 0 0 0 0 0 0 0 0 0 -0 -0 -0 -0 -0 -0 -0.0316137 -0.023921
0.9825 -0.0484953 -0.0547815 0 0 0 0 0 0 0 0 0 -0 -0 -0 -0 -0 -0 -0.0305236 -0.0242579
0.983125 -0.0478913 -0.0540283 0 0 0 0 0 0 0 0 0 -0 -0 -0 -0 -0 -0 -0.0294335 -0.0245948
0.98375 -0.0472931 -0.0532751 0 0 0 0 0 0 0 0 0 -0 -0 -0 -0 -0 -0 -0.0283434 -0.0249318
0.984375 -0.0467008 -0.0525219 0 0 0 0 0 0 0 0 0 -0 -0 -0 -0 -0 -0 -0.0272532 -0.0252687
0.985 -0.0461143 -0.0517687 0 0 0 0 0 0 0 0 0 -0 -0 -0 -0 -0 -0 -0.0261631 -0.0256056
0.985625 -0.0455335 -0.0510155 0 0 0 0 0 0 0 0 0 -0 -0 -0 -0 -0 -0 -0.025073 -0.0259425
0.98625 -0.0449585 -0.0502623 0 0 0 0 0 0 0 0 0 -0 -0 -0 -0 -0 -0 -0.0239828 -0.0262794
0.986875 -0.0443892 -0.049509 0 0 0 0 0 0 0 0 0 -0 -0 -0 -0 -0 -0 -0.0228927 -0.0266163
0.9875 -0.0438255 -0.0487558 0 0 0 0 0 0 0 0 0 -0 -0 -0 -0 -0 -0 -0.0218026 -0.0269533
0.988125 -0.0432675 -0.0480026 0 0 0 0 0 0 0 0 0 -0 -0 -0 -0 -0 -0 -0.0207125 -0.0272902
0.98875 -0.0427151 -0.0472494 0 0 0 0 0 0 0 0 0 -0 -0 -0 -0 -0 -0 -0.0196223 -0.0276271
0.989375 -0.0421682 -0.0464962 0 0 0 0 0 0 0 0 0 -0 -0 -0 -0 -0 -0 -0.0185322 -0.027964
0.99 -0.0416269 -0.045743 0 0 0 0 0 0 0 0 0 -0 -0 -0 -0 -0 -0 -0.0174421 -0.0283009
0.990625 -0.0410911 -0.0449898 0 0 0 0 0 0 0 0 0 -0 -0 -0 -0 -0 -0 -0.0163519 -0.0286378
0.99125 -0.0405608 -0.0442366 0 0 0 0 0 0 0 0 0 -0 -0 -0 -0 -0 -0 -0.0152618 -0.0289747
0.991875 -0.0400359 -0.0434833 0 0 0 0 0 0 0 0 0 -0 -0 -0 -0 -0 -0 -0.0141717 -0.0293117
0.9925 -0.0395164 -0.0427301 0 0 0 0 0 0 0 0 0 -0 -0 -0 -0 -0 -0 -0.0130815 -0.0296486
0.993125 -0.0390023 -0.0419769 0 0 0 0 0 0 0 0 0 -0 -0 -0 -0 -0 -0 -0.0119914 -0.0299855
0.99375 -0.0384935 -0.0412237 0 0 0 0 0 0 0 0 0 -0 -0 -0 -0 -0 -0 -0.0109013 -0.0303224
0.994375 -0.03799 -0.0404705 0 0 0 0 0 0 0 0 0 -0 -0 -0 -0 -0 -0 -0.00981116 -0.0306593
0.995 -0.0374918 -0.0397173 0 0 0 0 0 0 0 0 0 -0 -0 -0 -0 -0 -0 -0.00872103 -0.0309962
0.995625 -0.0369988 -0.0389641 0 0 0 0 0 0 0 0 0 -0 -0 -0 -0 -0 -0 -0.0076309 -0.0313332
0.99625 -0.036511 -0.0382108 0 0 0 0 0 0 0 0 0 -0 -0 -0 -0 -0 -0 -0.00654077 -0.0316701
0.996875 -0.0360284 -0.0374576 0 0 0 0 0 0 0 0 0 -0 -0 -0 -0 -0 -0 -0.00545065 -0.032007
0.9975 -0.0355509 -0.0367044 0 0 0 0 0 0 0 0 0 -0 -0 -0 -0 -0 -0 -0.00436052 -0.0323439
0.998125 -0.0350785 -0.0359512 0 0 0 0 0 0 0 0 0 -0 -0 -0 -0 -0 -0 -0.00327039 -0.0326808
0.99875 -0.0346112 -0.035198 0 0 0 0 0 0 0 0 0 -0 -0 -0 -0 -0 -0 -0.00218026 -0.0330177
0.999375 -0.0341489 -0.0344448 0 0 0 0 0 0 0 0 0 -0 -0 -0 -0 -0 -0 -0.00109013 -0.0333547
1 -0.0336916 -0.0336916 0 0 0 0 0 0 0 0 0 -0 -0 -0 -0 -0 -0 -0 -0.0336916
