x up dup us dus ddus uu duu dduu
0 0 0.5 0 0.74925 -2 0 1 -2
0.0005 0.00025 0.5 0.000374625 0.74875 -2 0.00049975 0.999 -2
0.001 0.0005 0.5 0.00074875 0.74775 -2 0.000999 0.998 -2
0.0015 0.00075 0.5 0.00112238 0.74675 -2 0.00149775 0.997 -2
0.002 0.001 0.5 0.0014955 0.74575 -2 0.001996 0.996 -2
0.0025 0.00125 0.5 0.00186812 0.74475 -2 0.00249375 0.995 -2
0.003 0.0015 0.5 0.00224025 0.74375 -2 0.002991 0.994 -2
0.0035 0.00175 0.5 0.00261188 0.74275 -2 0.00348775 0.993 -2
0.004 0.002 0.5 0.002983 0.74175 -2 0.003984 0.992 -2
0.0045 0.00225 0.5 0.00335363 0.74075 -2 0.00447975 0.991 -2
0.005 0.0025 0.5 0.00372375 0.73975 -2 0.004975 0.99 -2
0.0055 0.00275 0.5 0.00409337 0.73875 -2 0.00546975 0.989 -2
0.006 0.003 0.5 0.0044625 0.73775 -2 0.005964 0.988 -2
0.0065 0.00325 0.5 0.00483113 0.73675 -2 0.00645775 0.987 -2
0.007 0.0035 0.5 0.00519925 0.73575 -2 0.006951 0.986 -2
0.0075 0.00375 0.5 0.00556687 0.73475 -2 0.00744375 0.985 -2
0.008 0.004 0.5 0.005934 0.73375 -2 0.007936 0.984 -2
0.0085 0.00425 0.5 0.00630063 0.73275 -2 0.00842775 0.983 -2
0.009 0.0045 0.5 0.00666675 0.73175 -2 0.008919 0.982 -2
0.0095 0.00475 0.5 0.00703237 0.73075 -2 0.00940975 0.981 -2
0.01 0.005 0.5 0.0073975 0.72975 -2 0.0099 0.98 -2
0.0105 0.00525 0.5 0.00776213 0.72875 -2 0.0103898 0.979 -2
0.011 0.0055 0.5 0.00812625 0.72775 -2 0.010879 0.978 -2
0.0115 0.00575 0.5 0.00848987 0.72675 -2 0.0113678 0.977 -2
0.012 0.006 0.5 0.008853 0.72575 -2 0.011856 0.976 -2
0.0125 0.00625 0.5 0.00921563 0.72475 -2 0.0123438 0.975 -2
0.013 0.0065 0.5 0.00957775 0.72375 -2 0.012831 0.974 -2
0.0135 0.00675 0.5 0.00993938 0.72275 -2 0.0133177 0.973 -2
0.014 0.007 0.5 0.0103005 0.72175 -2 0.013804 0.972 -2
0.0145 0.00725 0.5 0.0106611 0.72075 -2 0.0142898 0.971 -2
0.015 0.0075 0.5 0.0110212 0.71975 -2 0.014775 0.97 -2
0.0155 0.00775 0.5 0.0113809 0.71875 -2 0.0152598 0.969 -2
0.016 0.008 0.5 0.01174 0.71775 -2 0.015744 0.968 -2
0.0165 0.00825 0.5 0.0120986 0.71675 -2 0.0162278 0.967 -2
0.017 0.0085 0.5 0.0124568 0.71575 -2 0.016711 0.966 -2
0.0175 0.00875 0.5 0.0128144 0.71475 -2 0.0171938 0.965 -2
0.018 0.009 0.5 0.0131715 0.71375 -2 0.017676 0.964 -2
0.0185 0.00925 0.5 0.0135281 0.71275 -2 0.0181578 0.963 -2
0.019 0.0095 0.5 0.0138842 0.71175 -2 0.018639 0.962 -2
0.0195 0.00975 0.5 0.0142399 0.71075 -2 0.0191198 0.961 -2
0.02 0.01 0.5 0.014595 0.70975 -2 0.0196 0.96 -2
0.0205 0.01025 0.5 0.0149496 0.70875 -2 0.0200798 0.959 -2
0.021 0.0105 0.5 0.0153038 0.70775 -2 0.020559 0.958 -2
0.0215 0.01075 0.5 0.0156574 0.70675 -2 0.0210378 0.957 -2
0.022 0.011 0.5 0.0160105 0.70575 -2 0.021516 0.956 -2
0.0225 0.01125 0.5 0.0163631 0.70475 -2 0.0219937 0.955 -2
0.023 0.0115 0.5 0.0167153 0.70375 -2 0.022471 0.954 -2
0.0235 0.01175 0.5 0.0170669 0.70275 -2 0.0229477 0.953 -2
0.024 0.012 0.5 0.017418 0.70175 -2 0.023424 0.952 -2
0.0245 0.01225 0.5 0.0177686 0.70075 -2 0.0238998 0.951 -2
0.025 0.0125 0.5 0.0181188 0.69975 -2 0.024375 0.95 -2
0.0255 0.01275 0.5 0.0184684 0.69875 -2 0.0248498 0.949 -2
0.026 0.013 0.5 0.0188175 0.69775 -2 0.025324 0.948 -2
0.0265 0.01325 0.5 0.0191661 0.69675 -2 0.0257978 0.947 -2
0.027 0.0135 0.5 0.0195143 0.69575 -2 0.026271 0.946 -2
0.0275 0.01375 0.5 0.0198619 0.69475 -2 0.0267438 0.945 -2
0.028 0.014 0.5 0.020209 0.69375 -2 0.027216 0.944 -2
0.0285 0.01425 0.5 0.0205556 0.69275 -2 0.0276878 0.943 -2
0.029 0.0145 0.5 0.0209018 0.69175 -2 0.028159 0.942 -2
0.0295 0.01475 0.5 0.0212474 0.69075 -2 0.0286298 0.941 -2
0.03 0.015 0.5 0.0215925 0.68975 -2 0.0291 0.94 -2
0.0305 0.01525 0.5 0.0219371 0.68875 -2 0.0295697 0.939 -2
0.031 0.0155 0.5 0.0222813 0.68775 -2 0.030039 0.938 -2
0.0315 0.01575 0.5 0.0226249 0.68675 -2 0.0305078 0.937 -2
0.032 0.016 0.5 0.022968 0.68575 -2 0.030976 0.936 -2
0.0325 0.01625 0.5 0.0233106 0.68475 -2 0.0314437 0.935 -2
0.033 0.0165 0.5 0.0236528 0.68375 -2 0.031911 0.934 -2
0.0335 0.01675 0.5 0.0239944 0.68275 -2 0.0323778 0.933 -2
0.034 0.017 0.5 0.0243355 0.68175 -2 0.032844 0.932 -2
0.0345 0.01725 0.5 0.0246761 0.68075 -2 0.0333098 0.931 -2
0.035 0.0175 0.5 0.0250163 0.67975 -2 0.033775 0.93 -2
0.0355 0.01775 0.5 0.0253559 0.67875 -2 0.0342398 0.929 -2
0.036 0.018 0.5 0.025695 0.67775 -2 0.034704 0.928 -2
0.0365 0.01825 0.5 0.0260336 0.67675 -2 0.0351677 0.927 -2
0.037 0.0185 0.5 0.0263717 0.67575 -2 0.035631 0.926 -2
0.0375 0.01875 0.5 0.0267094 0.67475 -2 0.0360938 0.925 -2
0.038 0.019 0.5 0.0270465 0.67375 -2 0.036556 0.924 -2
0.0385 0.01925 0.5 0.0273831 0.67275 -2 0.0370178 0.923 -2
0.039 0.0195 0.5 0.0277193 0.67175 -2 0.037479 0.922 -2
0.0395 0.01975 0.5 0.0280549 0.67075 -2 0.0379398 0.921 -2
0.04 0.02 0.5 0.02839 0.66975 -2 0.0384 0.92 -2
0.0405 0.02025 0.5 0.0287246 0.66875 -2 0.0388598 0.919 -2
0.041 0.0205 0.5 0.0290587 0.66775 -2 0.039319 0.918 -2
0.0415 0.02075 0.5 0.0293924 0.66675 -2 0.0397778 0.917 -2
0.042 0.021 0.5 0.0297255 0.66575 -2 0.040236 0.916 -2
0.0425 0.02125 0.5 0.0300581 0.66475 -2 0.0406938 0.915 -2
0.043 0.0215 0.5 0.0303903 0.66375 -2 0.041151 0.914 -2
0.0435 0.02175 0.5 0.0307219 0.66275 -2 0.0416078 0.913 -2
0.044 0.022 0.5 0.031053 0.66175 -2 0.042064 0.912 -2
0.0445 0.02225 0.5 0.0313836 0.66075 -2 0.0425198 0.911 -2
0.045 0.0225 0.5 0.0317137 0.65975 -2 0.042975 0.91 -2
0.0455 0.02275 0.5 0.0320434 0.65875 -2 0.0434297 0.909 -2
0.046 0.023 0.5 0.0323725 0.65775 -2 0.043884 0.908 -2
0.0465 0.02325 0.5 0.0327011 0.65675 -2 0.0443378 0.907 -2
0.047 0.0235 0.5 0.0330293 0.65575 -2 0.044791 0.906 -2
0.0475 0.02375 0.5 0.0333569 0.65475 -2 0.0452437 0.905 -2
0.048 0.024 0.5 0.033684 0.65375 -2 0.045696 0.904 -2
0.0485 0.02425 0.5 0.0340106 0.65275 -2 0.0461478 0.903 -2
0.049 0.0245 0.5 0.0343367 0.65175 -2 0.046599 0.902 -2
0.0495 0.02475 0.5 0.0346624 0.65075 -2 0.0470498 0.901 -2
0.05 0.025 0.5 0.0349875 0.64975 -2 0.0475 0.9 -2
0.0505 0.02525 0.5 0.0353121 0.64875 -2 0.0479498 0.899 -2
0.051 0.0255 0.5 0.0356363 0.64775 -2 0.048399 0.898 -2
0.0515 0.02575 0.5 0.0359599 0.64675 -2 0.0488478 0.897 -2
0.052 0.026 0.5 0.036283 0.64575 -2 0.049296 0.896 -2
0.0525 0.02625 0.5 0.0366056 0.64475 -2 0.0497437 0.895 -2
0.053 0.0265 0.5 0.0369278 0.64375 -2 0.050191 0.894 -2
0.0535 0.02675 0.5 0.0372494 0.64275 -2 0.0506378 0.893 -2
0.054 0.027 0.5 0.0375705 0.64175 -2 0.051084 0.892 -2
0.0545 0.02725 0.5 0.0378911 0.64075 -2 0.0515297 0.891 -2
0.055 0.0275 0.5 0.0382113 0.63975 -2 0.051975 0.89 -2
0.0555 0.02775 0.5 0.0385309 0.63875 -2 0.0524198 0.889 -2
0.056 0.028 0.5 0.03885 0.63775 -2 0.052864 0.888 -2
0.0565 0.02825 0.5 0.0391686 0.63675 -2 0.0533078 0.887 -2
0.057 0.0285 0.5 0.0394868 0.63575 -2 0.053751 0.886 -2
0.0575 0.02875 0.5 0.0398044 0.63475 -2 0.0541938 0.885 -2
0.058 0.029 0.5 0.0401215 0.63375 -2 0.054636 0.884 -2
0.0585 0.02925 0.5 0.0404381 0.63275 -2 0.0550778 0.883 -2
0.059 0.0295 0.5 0.0407542 0.63175 -2 0.055519 0.882 -2
0.0595 0.02975 0.5 0.0410699 0.63075 -2 0.0559598 0.881 -2
0.06 0.03 0.5 0.041385 0.62975 -2 0.0564 0.88 -2
0.0605 0.03025 0.5 0.0416996 0.62875 -2 0.0568398 0.879 -2
0.061 0.0305 0.5 0.0420138 0.62775 -2 0.057279 0.878 -2
0.0615 0.03075 0.5 0.0423274 0.62675 -2 0.0577177 0.877 -2
0.062 0.031 0.5 0.0426405 0.62575 -2 0.058156 0.876 -2
0.0625 0.03125 0.5 0.0429531 0.62475 -2 0.0585938 0.875 -2
0.063 0.0315 0.5 0.0432653 0.62375 -2 0.059031 0.874 -2
0.0635 0.03175 0.5 0.0435769 0.62275 -2 0.0594677 0.873 -2
0.064 0.032 0.5 0.043888 0.62175 -2 0.059904 0.872 -2
0.0645 0.03225 0.5 0.0441986 0.62075 -2 0.0603398 0.871 -2
0.065 0.0325 0.5 0.0445087 0.61975 -2 0.060775 0.87 -2
0.0655 0.03275 0.5 0.0448184 0.61875 -2 0.0612098 0.869 -2
0.066 0.033 0.5 0.0451275 0.61775 -2 0.061644 0.868 -2
0.0665 0.03325 0.5 0.0454361 0.61675 -2 0.0620778 0.867 -2
0.067 0.0335 0.5 0.0457443 0.61575 -2 0.062511 0.866 -2
0.0675 0.03375 0.5 0.0460519 0.61475 -2 0.0629438 0.865 -2
0.068 0.034 0.5 0.046359 0.61375 -2 0.063376 0.864 -2
0.0685 0.03425 0.5 0.0466656 0.61275 -2 0.0638078 0.863 -2
0.069 0.0345 0.5 0.0469717 0.61175 -2 0.064239 0.862 -2
0.0695 0.03475 0.5 0.0472774 0.61075 -2 0.0646698 0.861 -2
0.07 0.035 0.5 0.0475825 0.60975 -2 0.0651 0.86 -2
0.0705 0.03525 0.5 0.0478871 0.60875 -2 0.0655298 0.859 -2
0.071 0.0355 0.5 0.0481913 0.60775 -2 0.065959 0.858 -2
0.0715 0.03575 0.5 0.0484949 0.60675 -2 0.0663878 0.857 -2
0.072 0.036 0.5 0.048798 0.60575 -2 0.066816 0.856 -2
0.0725 0.03625 0.5 0.0491006 0.60475 -2 0.0672437 0.855 -2
0.073 0.0365 0.5 0.0494027 0.60375 -2 0.067671 0.854 -2
0.0735 0.03675 0.5 0.0497044 0.60275 -2 0.0680977 0.853 -2
0.074 0.037 0.5 0.0500055 0.60175 -2 0.068524 0.852 -2
0.0745 0.03725 0.5 0.0503061 0.60075 -2 0.0689497 0.851 -2
0.075 0.0375 0.5 0.0506062 0.59975 -2 0.069375 0.85 -2
0.0755 0.03775 0.5 0.0509059 0.59875 -2 0.0697997 0.849 -2
0.076 0.038 0.5 0.051205 0.59775 -2 0.070224 0.848 -2
0.0765 0.03825 0.5 0.0515036 0.59675 -2 0.0706477 0.847 -2
0.077 0.0385 0.5 0.0518018 0.59575 -2 0.071071 0.846 -2
0.0775 0.03875 0.5 0.0520994 0.59475 -2 0.0714937 0.845 -2
0.078 0.039 0.5 0.0523965 0.59375 -2 0.071916 0.844 -2
0.0785 0.03925 0.5 0.0526931 0.59275 -2 0.0723377 0.843 -2
0.079 0.0395 0.5 0.0529893 0.59175 -2 0.072759 0.842 -2
0.0795 0.03975 0.5 0.0532849 0.59075 -2 0.0731798 0.841 -2
0.08 0.04 0.5 0.05358 0.58975 -2 0.0736 0.84 -2
0.0805 0.04025 0.5 0.0538746 0.58875 -2 0.0740197 0.839 -2
0.081 0.0405 0.5 0.0541688 0.58775 -2 0.074439 0.838 -2
0.0815 0.04075 0.5 0.0544624 0.58675 -2 0.0748578 0.837 -2
0.082 0.041 0.5 0.0547555 0.58575 -2 0.075276 0.836 -2
0.0825 0.04125 0.5 0.0550481 0.58475 -2 0.0756938 0.835 -2
0.083 0.0415 0.5 0.0553403 0.58375 -2 0.076111 0.834 -2
0.0835 0.04175 0.5 0.0556319 0.58275 -2 0.0765278 0.833 -2
0.084 0.042 0.5 0.055923 0.58175 -2 0.076944 0.832 -2
0.0845 0.04225 0.5 0.0562136 0.58075 -2 0.0773598 0.831 -2
0.085 0.0425 0.5 0.0565038 0.57975 -2 0.077775 0.83 -2
0.0855 0.04275 0.5 0.0567934 0.57875 -2 0.0781898 0.829 -2
0.086 0.043 0.5 0.0570825 0.57775 -2 0.078604 0.828 -2
0.0865 0.04325 0.5 0.0573711 0.57675 -2 0.0790178 0.827 -2
0.087 0.0435 0.5 0.0576593 0.57575 -2 0.079431 0.826 -2
0.0875 0.04375 0.5 0.0579469 0.57475 -2 0.0798438 0.825 -2
0.088 0.044 0.5 0.058234 0.57375 -2 0.080256 0.824 -2
0.0885 0.04425 0.5 0.0585206 0.57275 -2 0.0806677 0.823 -2
0.089 0.0445 0.5 0.0588068 0.57175 -2 0.081079 0.822 -2
0.0895 0.04475 0.5 0.0590924 0.57075 -2 0.0814897 0.821 -2
0.09 0.045 0.5 0.0593775 0.56975 -2 0.0819 0.82 -2
0.0905 0.04525 0.5 0.0596621 0.56875 -2 0.0823098 0.819 -2
0.091 0.0455 0.5 0.0599462 0.56775 -2 0.082719 0.818 -2
0.0915 0.04575 0.5 0.0602299 0.56675 -2 0.0831278 0.817 -2
0.092 0.046 0.5 0.060513 0.56575 -2 0.083536 0.816 -2
0.0925 0.04625 0.5 0.0607956 0.56475 -2 0.0839437 0.815 -2
0.093 0.0465 0.5 0.0610778 0.56375 -2 0.084351 0.814 -2
0.0935 0.04675 0.5 0.0613594 0.56275 -2 0.0847577 0.813 -2
0.094 0.047 0.5 0.0616405 0.56175 -2 0.085164 0.812 -2
0.0945 0.04725 0.5 0.0619211 0.56075 -2 0.0855697 0.811 -2
0.095 0.0475 0.5 0.0622012 0.55975 -2 0.085975 0.81 -2
0.0955 0.04775 0.5 0.0624809 0.55875 -2 0.0863798 0.809 -2
0.096 0.048 0.5 0.06276 0.55775 -2 0.086784 0.808 -2
0.0965 0.04825 0.5 0.0630386 0.55675 -2 0.0871877 0.807 -2
0.097 0.0485 0.5 0.0633168 0.55575 -2 0.087591 0.806 -2
0.0975 0.04875 0.5 0.0635944 0.55475 -2 0.0879937 0.805 -2
0.098 0.049 0.5 0.0638715 0.55375 -2 0.088396 0.804 -2
0.0985 0.04925 0.5 0.0641481 0.55275 -2 0.0887977 0.803 -2
0.099 0.0495 0.5 0.0644243 0.55175 -2 0.089199 0.802 -2
0.0995 0.04975 0.5 0.0646999 0.55075 -2 0.0895998 0.801 -2
0.1 0.05 0.5 0.064975 0.54975 -2 0.09 0.8 -2
0.1005 0.05025 0.5 0.0652496 0.54875 -2 0.0903998 0.799 -2
0.101 0.0505 0.5 0.0655237 0.54775 -2 0.090799 0.798 -2
0.1015 0.05075 0.5 0.0657974 0.54675 -2 0.0911978 0.797 -2
0.102 0.051 0.5 0.0660705 0.54575 -2 0.091596 0.796 -2
0.1025 0.05125 0.5 0.0663431 0.54475 -2 0.0919937 0.795 -2
0.103 0.0515 0.5 0.0666153 0.54375 -2 0.092391 0.794 -2
0.1035 0.05175 0.5 0.0668869 0.54275 -2 0.0927878 0.793 -2
0.104 0.052 0.5 0.067158 0.54175 -2 0.093184 0.792 -2
0.1045 0.05225 0.5 0.0674286 0.54075 -2 0.0935797 0.791 -2
0.105 0.0525 0.5 0.0676988 0.53975 -2 0.093975 0.79 -2
0.1055 0.05275 0.5 0.0679684 0.53875 -2 0.0943697 0.789 -2
0.106 0.053 0.5 0.0682375 0.53775 -2 0.094764 0.788 -2
0.1065 0.05325 0.5 0.0685061 0.53675 -2 0.0951577 0.787 -2
0.107 0.0535 0.5 0.0687743 0.53575 -2 0.095551 0.786 -2
0.1075 0.05375 0.5 0.0690419 0.53475 -2 0.0959437 0.785 -2
0.108 0.054 0.5 0.069309 0.53375 -2 0.096336 0.784 -2
0.1085 0.05425 0.5 0.0695756 0.53275 -2 0.0967278 0.783 -2
0.109 0.0545 0.5 0.0698418 0.53175 -2 0.097119 0.782 -2
0.1095 0.05475 0.5 0.0701074 0.53075 -2 0.0975097 0.781 -2
0.11 0.055 0.5 0.0703725 0.52975 -2 0.0979 0.78 -2
0.1105 0.05525 0.5 0.0706371 0.52875 -2 0.0982897 0.779 -2
0.111 0.0555 0.5 0.0709012 0.52775 -2 0.098679 0.778 -2
0.1115 0.05575 0.5 0.0711649 0.52675 -2 0.0990677 0.777 -2
0.112 0.056 0.5 0.071428 0.52575 -2 0.099456 0.776 -2
0.1125 0.05625 0.5 0.0716906 0.52475 -2 0.0998437 0.775 -2
0.113 0.0565 0.5 0.0719528 0.52375 -2 0.100231 0.774 -2
0.1135 0.05675 0.5 0.0722144 0.52275 -2 0.100618 0.773 -2
0.114 0.057 0.5 0.0724755 0.52175 -2 0.101004 0.772 -2
0.1145 0.05725 0.5 0.0727361 0.52075 -2 0.10139 0.771 -2
0.115 0.0575 0.5 0.0729963 0.51975 -2 0.101775 0.77 -2
0.1155 0.05775 0.5 0.0732559 0.51875 -2 0.10216 0.769 -2
0.116 0.058 0.5 0.073515 0.51775 -2 0.102544 0.768 -2
0.1165 0.05825 0.5 0.0737736 0.51675 -2 0.102928 0.767 -2
0.117 0.0585 0.5 0.0740317 0.51575 -2 0.103311 0.766 -2
0.1175 0.05875 0.5 0.0742894 0.51475 -2 0.103694 0.765 -2
0.118 0.059 0.5 0.0745465 0.51375 -2 0.104076 0.764 -2
0.1185 0.05925 0.5 0.0748031 0.51275 -2 0.104458 0.763 -2
0.119 0.0595 0.5 0.0750592 0.51175 -2 0.104839 0.762 -2
0.1195 0.05975 0.5 0.0753149 0.51075 -2 0.10522 0.761 -2
0.12 0.06 0.5 0.07557 0.50975 -2 0.1056 0.76 -2
0.1205 0.06025 0.5 0.0758246 0.50875 -2 0.10598 0.759 -2
0.121 0.0605 0.5 0.0760788 0.50775 -2 0.106359 0.758 -2
0.1215 0.06075 0.5 0.0763324 0.50675 -2 0.106738 0.757 -2
0.122 0.061 0.5 0.0765855 0.50575 -2 0.107116 0.756 -2
0.1225 0.06125 0.5 0.0768381 0.50475 -2 0.107494 0.755 -2
0.123 0.0615 0.5 0.0770902 0.50375 -2 0.107871 0.754 -2
0.1235 0.06175 0.5 0.0773419 0.50275 -2 0.108248 0.753 -2
0.124 0.062 0.5 0.077593 0.50175 -2 0.108624 0.752 -2
0.1245 0.06225 0.5 0.0778436 0.50075 -2 0.109 0.751 -2
0.125 0.0625 0.5 0.0780937 0.49975 -2 0.109375 0.75 -2
0.1255 0.06275 0.5 0.0783434 0.49875 -2 0.10975 0.749 -2
0.126 0.063 0.5 0.0785925 0.49775 -2 0.110124 0.748 -2
0.1265 0.06325 0.5 0.0788411 0.49675 -2 0.110498 0.747 -2
0.127 0.0635 0.5 0.0790892 0.49575 -2 0.110871 0.746 -2
0.1275 0.06375 0.5 0.0793369 0.49475 -2 0.111244 0.745 -2
0.128 0.064 0.5 0.079584 0.49375 -2 0.111616 0.744 -2
0.1285 0.06425 0.5 0.0798306 0.49275 -2 0.111988 0.743 -2
0.129 0.0645 0.5 0.0800767 0.49175 -2 0.112359 0.742 -2
0.1295 0.06475 0.5 0.0803224 0.49075 -2 0.11273 0.741 -2
0.13 0.065 0.5 0.0805675 0.48975 -2 0.1131 0.74 -2
0.1305 0.06525 0.5 0.0808121 0.48875 -2 0.11347 0.739 -2
0.131 0.0655 0.5 0.0810562 0.48775 -2 0.113839 0.738 -2
0.1315 0.06575 0.5 0.0812999 0.48675 -2 0.114208 0.737 -2
0.132 0.066 0.5 0.081543 0.48575 -2 0.114576 0.736 -2
0.1325 0.06625 0.5 0.0817856 0.48475 -2 0.114944 0.735 -2
0.133 0.0665 0.5 0.0820278 0.48375 -2 0.115311 0.734 -2
0.1335 0.06675 0.5 0.0822694 0.48275 -2 0.115678 0.733 -2
0.134 0.067 0.5 0.0825105 0.48175 -2 0.116044 0.732 -2
0.1345 0.06725 0.5 0.0827511 0.48075 -2 0.11641 0.731 -2
0.135 0.0675 0.5 0.0829913 0.47975 -2 0.116775 0.73 -2
0.1355 0.06775 0.5 0.0832309 0.47875 -2 0.11714 0.729 -2
0.136 0.068 0.5 0.08347 0.47775 -2 0.117504 0.728 -2
0.1365 0.06825 0.5 0.0837086 0.47675 -2 0.117868 0.727 -2
0.137 0.0685 0.5 0.0839468 0.47575 -2 0.118231 0.726 -2
0.1375 0.06875 0.5 0.0841844 0.47475 -2 0.118594 0.725 -2
0.138 0.069 0.5 0.0844215 0.47375 -2 0.118956 0.724 -2
0.1385 0.06925 0.5 0.0846581 0.47275 -2 0.119318 0.723 -2
0.139 0.0695 0.5 0.0848943 0.47175 -2 0.119679 0.722 -2
0.1395 0.06975 0.5 0.0851299 0.47075 -2 0.12004 0.721 -2
0.14 0.07 0.5 0.085365 0.46975 -2 0.1204 0.72 -2
0.1405 0.07025 0.5 0.0855996 0.46875 -2 0.12076 0.719 -2
0.141 0.0705 0.5 0.0858338 0.46775 -2 0.121119 0.718 -2
0.1415 0.07075 0.5 0.0860674 0.46675 -2 0.121478 0.717 -2
0.142 0.071 0.5 0.0863005 0.46575 -2 0.121836 0.716 -2
0.1425 0.07125 0.5 0.0865331 0.46475 -2 0.122194 0.715 -2
0.143 0.0715 0.5 0.0867653 0.46375 -2 0.122551 0.714 -2
0.1435 0.07175 0.5 0.0869969 0.46275 -2 0.122908 0.713 -2
0.144 0.072 0.5 0.087228 0.46175 -2 0.123264 0.712 -2
0.1445 0.07225 0.5 0.0874586 0.46075 -2 0.12362 0.711 -2
0.145 0.0725 0.5 0.0876887 0.45975 -2 0.123975 0.71 -2
0.1455 0.07275 0.5 0.0879184 0.45875 -2 0.12433 0.709 -2
0.146 0.073 0.5 0.0881475 0.45775 -2 0.124684 0.708 -2
0.1465 0.07325 0.5 0.0883761 0.45675 -2 0.125038 0.707 -2
0.147 0.0735 0.5 0.0886042 0.45575 -2 0.125391 0.706 -2
0.1475 0.07375 0.5 0.0888319 0.45475 -2 0.125744 0.705 -2
0.148 0.074 0.5 0.089059 0.45375 -2 0.126096 0.704 -2
0.1485 0.07425 0.5 0.0892856 0.45275 -2 0.126448 0.703 -2
0.149 0.0745 0.5 0.0895118 0.45175 -2 0.126799 0.702 -2
0.1495 0.07475 0.5 0.0897374 0.45075 -2 0.12715 0.701 -2
0.15 0.075 0.5 0.0899625 0.44975 -2 0.1275 0.7 -2
0.1505 0.07525 0.5 0.0901871 0.44875 -2 0.12785 0.699 -2
0.151 0.0755 0.5 0.0904112 0.44775 -2 0.128199 0.698 -2
0.1515 0.07575 0.5 0.0906349 0.44675 -2 0.128548 0.697 -2
0.152 0.076 0.5 0.090858 0.44575 -2 0.128896 0.696 -2
0.1525 0.07625 0.5 0.0910806 0.44475 -2 0.129244 0.695 -2
0.153 0.0765 0.5 0.0913028 0.44375 -2 0.129591 0.694 -2
0.1535 0.07675 0.5 0.0915244 0.44275 -2 0.129938 0.693 -2
0.154 0.077 0.5 0.0917455 0.44175 -2 0.130284 0.692 -2
0.1545 0.07725 0.5 0.0919661 0.44075 -2 0.13063 0.691 -2
0.155 0.0775 0.5 0.0921862 0.43975 -2 0.130975 0.69 -2
0.1555 0.07775 0.5 0.0924059 0.43875 -2 0.13132 0.689 -2
0.156 0.078 0.5 0.092625 0.43775 -2 0.131664 0.688 -2
0.1565 0.07825 0.5 0.0928436 0.43675 -2 0.132008 0.687 -2
0.157 0.0785 0.5 0.0930617 0.43575 -2 0.132351 0.686 -2
0.1575 0.07875 0.5 0.0932794 0.43475 -2 0.132694 0.685 -2
0.158 0.079 0.5 0.0934965 0.43375 -2 0.133036 0.684 -2
0.1585 0.07925 0.5 0.0937131 0.43275 -2 0.133378 0.683 -2
0.159 0.0795 0.5 0.0939292 0.43175 -2 0.133719 0.682 -2
0.1595 0.07975 0.5 0.0941449 0.43075 -2 0.13406 0.681 -2
0.16 0.08 0.5 0.09436 0.42975 -2 0.1344 0.68 -2
0.1605 0.08025 0.5 0.0945746 0.42875 -2 0.13474 0.679 -2
0.161 0.0805 0.5 0.0947888 0.42775 -2 0.135079 0.678 -2
0.1615 0.08075 0.5 0.0950024 0.42675 -2 0.135418 0.677 -2
0.162 0.081 0.5 0.0952155 0.42575 -2 0.135756 0.676 -2
0.1625 0.08125 0.5 0.0954281 0.42475 -2 0.136094 0.675 -2
0.163 0.0815 0.5 0.0956402 0.42375 -2 0.136431 0.674 -2
0.1635 0.08175 0.5 0.0958519 0.42275 -2 0.136768 0.673 -2
0.164 0.082 0.5 0.096063 0.42175 -2 0.137104 0.672 -2
0.1645 0.08225 0.5 0.0962736 0.42075 -2 0.13744 0.671 -2
0.165 0.0825 0.5 0.0964838 0.41975 -2 0.137775 0.67 -2
0.1655 0.08275 0.5 0.0966934 0.41875 -2 0.13811 0.669 -2
0.166 0.083 0.5 0.0969025 0.41775 -2 0.138444 0.668 -2
0.1665 0.08325 0.5 0.0971111 0.41675 -2 0.138778 0.667 -2
0.167 0.0835 0.5 0.0973192 0.41575 -2 0.139111 0.666 -2
0.1675 0.08375 0.5 0.0975269 0.41475 -2 0.139444 0.665 -2
0.168 0.084 0.5 0.097734 0.41375 -2 0.139776 0.664 -2
0.1685 0.08425 0.5 0.0979406 0.41275 -2 0.140108 0.663 -2
0.169 0.0845 0.5 0.0981468 0.41175 -2 0.140439 0.662 -2
0.1695 0.08475 0.5 0.0983524 0.41075 -2 0.14077 0.661 -2
0.17 0.085 0.5 0.0985575 0.40975 -2 0.1411 0.66 -2
0.1705 0.08525 0.5 0.0987621 0.40875 -2 0.14143 0.659 -2
0.171 0.0855 0.5 0.0989663 0.40775 -2 0.141759 0.658 -2
0.1715 0.08575 0.5 0.0991699 0.40675 -2 0.142088 0.657 -2
0.172 0.086 0.5 0.099373 0.40575 -2 0.142416 0.656 -2
0.1725 0.08625 0.5 0.0995756 0.40475 -2 0.142744 0.655 -2
0.173 0.0865 0.5 0.0997778 0.40375 -2 0.143071 0.654 -2
0.1735 0.08675 0.5 0.0999794 0.40275 -2 0.143398 0.653 -2
0.174 0.087 0.5 0.100181 0.40175 -2 0.143724 0.652 -2
0.1745 0.08725 0.5 0.100381 0.40075 -2 0.14405 0.651 -2
0.175 0.0875 0.5 0.100581 0.39975 -2 0.144375 0.65 -2
0.1755 0.08775 0.5 0.100781 0.39875 -2 0.1447 0.649 -2
0.176 0.088 0.5 0.10098 0.39775 -2 0.145024 0.648 -2
0.1765 0.08825 0.5 0.101179 0.39675 -2 0.145348 0.647 -2
0.177 0.0885 0.5 0.101377 0.39575 -2 0.145671 0.646 -2
0.1775 0.08875 0.5 0.101574 0.39475 -2 0.145994 0.645 -2
0.178 0.089 0.5 0.101772 0.39375 -2 0.146316 0.644 -2
0.1785 0.08925 0.5 0.101968 0.39275 -2 0.146638 0.643 -2
0.179 0.0895 0.5 0.102164 0.39175 -2 0.146959 0.642 -2
0.1795 0.08975 0.5 0.10236 0.39075 -2 0.14728 0.641 -2
0.18 0.09 0.5 0.102555 0.38975 -2 0.1476 0.64 -2
0.1805 0.09025 0.5 0.10275 0.38875 -2 0.14792 0.639 -2
0.181 0.0905 0.5 0.102944 0.38775 -2 0.148239 0.638 -2
0.1815 0.09075 0.5 0.103137 0.38675 -2 0.148558 0.637 -2
0.182 0.091 0.5 0.103331 0.38575 -2 0.148876 0.636 -2
0.1825 0.09125 0.5 0.103523 0.38475 -2 0.149194 0.635 -2
0.183 0.0915 0.5 0.103715 0.38375 -2 0.149511 0.634 -2
0.1835 0.09175 0.5 0.103907 0.38275 -2 0.149828 0.633 -2
0.184 0.092 0.5 0.104098 0.38175 -2 0.150144 0.632 -2
0.1845 0.09225 0.5 0.104289 0.38075 -2 0.15046 0.631 -2
0.185 0.0925 0.5 0.104479 0.37975 -2 0.150775 0.63 -2
0.1855 0.09275 0.5 0.104668 0.37875 -2 0.15109 0.629 -2
0.186 0.093 0.5 0.104857 0.37775 -2 0.151404 0.628 -2
0.1865 0.09325 0.5 0.105046 0.37675 -2 0.151718 0.627 -2
0.187 0.0935 0.5 0.105234 0.37575 -2 0.152031 0.626 -2
0.1875 0.09375 0.5 0.105422 0.37475 -2 0.152344 0.625 -2
0.188 0.094 0.5 0.105609 0.37375 -2 0.152656 0.624 -2
0.1885 0.09425 0.5 0.105796 0.37275 -2 0.152968 0.623 -2
0.189 0.0945 0.5 0.105982 0.37175 -2 0.153279 0.622 -2
0.1895 0.09475 0.5 0.106167 0.37075 -2 0.15359 0.621 -2
0.19 0.095 0.5 0.106353 0.36975 -2 0.1539 0.62 -2
0.1905 0.09525 0.5 0.106537 0.36875 -2 0.15421 0.619 -2
0.191 0.0955 0.5 0.106721 0.36775 -2 0.154519 0.618 -2
0.1915 0.09575 0.5 0.106905 0.36675 -2 0.154828 0.617 -2
0.192 0.096 0.5 0.107088 0.36575 -2 0.155136 0.616 -2
0.1925 0.09625 0.5 0.107271 0.36475 -2 0.155444 0.615 -2
0.193 0.0965 0.5 0.107453 0.36375 -2 0.155751 0.614 -2
0.1935 0.09675 0.5 0.107634 0.36275 -2 0.156058 0.613 -2
0.194 0.097 0.5 0.107816 0.36175 -2 0.156364 0.612 -2
0.1945 0.09725 0.5 0.107996 0.36075 -2 0.15667 0.611 -2
0.195 0.0975 0.5 0.108176 0.35975 -2 0.156975 0.61 -2
0.1955 0.09775 0.5 0.108356 0.35875 -2 0.15728 0.609 -2
0.196 0.098 0.5 0.108535 0.35775 -2 0.157584 0.608 -2
0.1965 0.09825 0.5 0.108714 0.35675 -2 0.157888 0.607 -2
0.197 0.0985 0.5 0.108892 0.35575 -2 0.158191 0.606 -2
0.1975 0.09875 0.5 0.109069 0.35475 -2 0.158494 0.605 -2
0.198 0.099 0.5 0.109246 0.35375 -2 0.158796 0.604 -2
0.1985 0.09925 0.5 0.109423 0.35275 -2 0.159098 0.603 -2
0.199 0.0995 0.5 0.109599 0.35175 -2 0.159399 0.602 -2
0.1995 0.09975 0.5 0.109775 0.35075 -2 0.1597 0.601 -2
0.2 0.1 0.5 0.10995 0.34975 -2 0.16 0.6 -2
0.2005 0.10025 0.5 0.110125 0.34875 -2 0.1603 0.599 -2
0.201 0.1005 0.5 0.110299 0.34775 -2 0.160599 0.598 -2
0.2015 0.10075 0.5 0.110472 0.34675 -2 0.160898 0.597 -2
0.202 0.101 0.5 0.110645 0.34575 -2 0.161196 0.596 -2
0.2025 0.10125 0.5 0.110818 0.34475 -2 0.161494 0.595 -2
0.203 0.1015 0.5 0.11099 0.34375 -2 0.161791 0.594 -2
0.2035 0.10175 0.5 0.111162 0.34275 -2 0.162088 0.593 -2
0.204 0.102 0.5 0.111333 0.34175 -2 0.162384 0.592 -2
0.2045 0.10225 0.5 0.111504 0.34075 -2 0.16268 0.591 -2
0.205 0.1025 0.5 0.111674 0.33975 -2 0.162975 0.59 -2
0.2055 0.10275 0.5 0.111843 0.33875 -2 0.16327 0.589 -2
0.206 0.103 0.5 0.112013 0.33775 -2 0.163564 0.588 -2
0.2065 0.10325 0.5 0.112181 0.33675 -2 0.163858 0.587 -2
0.207 0.1035 0.5 0.112349 0.33575 -2 0.164151 0.586 -2
0.2075 0.10375 0.5 0.112517 0.33475 -2 0.164444 0.585 -2
0.208 0.104 0.5 0.112684 0.33375 -2 0.164736 0.584 -2
0.2085 0.10425 0.5 0.112851 0.33275 -2 0.165028 0.583 -2
0.209 0.1045 0.5 0.113017 0.33175 -2 0.165319 0.582 -2
0.2095 0.10475 0.5 0.113182 0.33075 -2 0.16561 0.581 -2
0.21 0.105 0.5 0.113347 0.32975 -2 0.1659 0.58 -2
0.2105 0.10525 0.5 0.113512 0.32875 -2 0.16619 0.579 -2
0.211 0.1055 0.5 0.113676 0.32775 -2 0.166479 0.578 -2
0.2115 0.10575 0.5 0.11384 0.32675 -2 0.166768 0.577 -2
0.212 0.106 0.5 0.114003 0.32575 -2 0.167056 0.576 -2
0.2125 0.10625 0.5 0.114166 0.32475 -2 0.167344 0.575 -2
0.213 0.1065 0.5 0.114328 0.32375 -2 0.167631 0.574 -2
0.2135 0.10675 0.5 0.114489 0.32275 -2 0.167918 0.573 -2
0.214 0.107 0.5 0.11465 0.32175 -2 0.168204 0.572 -2
0.2145 0.10725 0.5 0.114811 0.32075 -2 0.16849 0.571 -2
0.215 0.1075 0.5 0.114971 0.31975 -2 0.168775 0.57 -2
0.2155 0.10775 0.5 0.115131 0.31875 -2 0.16906 0.569 -2
0.216 0.108 0.5 0.11529 0.31775 -2 0.169344 0.568 -2
0.2165 0.10825 0.5 0.115449 0.31675 -2 0.169628 0.567 -2
0.217 0.1085 0.5 0.115607 0.31575 -2 0.169911 0.566 -2
0.2175 0.10875 0.5 0.115764 0.31475 -2 0.170194 0.565 -2
0.218 0.109 0.5 0.115922 0.31375 -2 0.170476 0.564 -2
0.2185 0.10925 0.5 0.116078 0.31275 -2 0.170758 0.563 -2
0.219 0.1095 0.5 0.116234 0.31175 -2 0.171039 0.562 -2
0.2195 0.10975 0.5 0.11639 0.31075 -2 0.17132 0.561 -2
0.22 0.11 0.5 0.116545 0.30975 -2 0.1716 0.56 -2
0.2205 0.11025 0.5 0.1167 0.30875 -2 0.17188 0.559 -2
0.221 0.1105 0.5 0.116854 0.30775 -2 0.172159 0.558 -2
0.2215 0.11075 0.5 0.117007 0.30675 -2 0.172438 0.557 -2
0.222 0.111 0.5 0.117161 0.30575 -2 0.172716 0.556 -2
0.2225 0.11125 0.5 0.117313 0.30475 -2 0.172994 0.555 -2
0.223 0.1115 0.5 0.117465 0.30375 -2 0.173271 0.554 -2
0.2235 0.11175 0.5 0.117617 0.30275 -2 0.173548 0.553 -2
0.224 0.112 0.5 0.117768 0.30175 -2 0.173824 0.552 -2
0.2245 0.11225 0.5 0.117919 0.30075 -2 0.1741 0.551 -2
0.225 0.1125 0.5 0.118069 0.29975 -2 0.174375 0.55 -2
0.2255 0.11275 0.5 0.118218 0.29875 -2 0.17465 0.549 -2
0.226 0.113 0.5 0.118368 0.29775 -2 0.174924 0.548 -2
0.2265 0.11325 0.5 0.118516 0.29675 -2 0.175198 0.547 -2
0.227 0.1135 0.5 0.118664 0.29575 -2 0.175471 0.546 -2
0.2275 0.11375 0.5 0.118812 0.29475 -2 0.175744 0.545 -2
0.228 0.114 0.5 0.118959 0.29375 -2 0.176016 0.544 -2
0.2285 0.11425 0.5 0.119106 0.29275 -2 0.176288 0.543 -2
0.229 0.1145 0.5 0.119252 0.29175 -2 0.176559 0.542 -2
0.2295 0.11475 0.5 0.119397 0.29075 -2 0.17683 0.541 -2
0.23 0.115 0.5 0.119542 0.28975 -2 0.1771 0.54 -2
0.2305 0.11525 0.5 0.119687 0.28875 -2 0.17737 0.539 -2
0.231 0.1155 0.5 0.119831 0.28775 -2 0.177639 0.538 -2
0.2315 0.11575 0.5 0.119975 0.28675 -2 0.177908 0.537 -2
0.232 0.116 0.5 0.120118 0.28575 -2 0.178176 0.536 -2
0.2325 0.11625 0.5 0.120261 0.28475 -2 0.178444 0.535 -2
0.233 0.1165 0.5 0.120403 0.28375 -2 0.178711 0.534 -2
0.2335 0.11675 0.5 0.120544 0.28275 -2 0.178978 0.533 -2
0.234 0.117 0.5 0.120686 0.28175 -2 0.179244 0.532 -2
0.2345 0.11725 0.5 0.120826 0.28075 -2 0.17951 0.531 -2
0.235 0.1175 0.5 0.120966 0.27975 -2 0.179775 0.53 -2
0.2355 0.11775 0.5 0.121106 0.27875 -2 0.18004 0.529 -2
0.236 0.118 0.5 0.121245 0.27775 -2 0.180304 0.528 -2
0.2365 0.11825 0.5 0.121384 0.27675 -2 0.180568 0.527 -2
0.237 0.1185 0.5 0.121522 0.27575 -2 0.180831 0.526 -2
0.2375 0.11875 0.5 0.121659 0.27475 -2 0.181094 0.525 -2
0.238 0.119 0.5 0.121797 0.27375 -2 0.181356 0.524 -2
0.2385 0.11925 0.5 0.121933 0.27275 -2 0.181618 0.523 -2
0.239 0.1195 0.5 0.122069 0.27175 -2 0.181879 0.522 -2
0.2395 0.11975 0.5 0.122205 0.27075 -2 0.18214 0.521 -2
0.24 0.12 0.5 0.12234 0.26975 -2 0.1824 0.52 -2
0.2405 0.12025 0.5 0.122475 0.26875 -2 0.18266 0.519 -2
0.241 0.1205 0.5 0.122609 0.26775 -2 0.182919 0.518 -2
0.2415 0.12075 0.5 0.122742 0.26675 -2 0.183178 0.517 -2
0.242 0.121 0.5 0.122875 0.26575 -2 0.183436 0.516 -2
0.2425 0.12125 0.5 0.123008 0.26475 -2 0.183694 0.515 -2
0.243 0.1215 0.5 0.12314 0.26375 -2 0.183951 0.514 -2
0.2435 0.12175 0.5 0.123272 0.26275 -2 0.184208 0.513 -2
0.244 0.122 0.5 0.123403 0.26175 -2 0.184464 0.512 -2
0.2445 0.12225 0.5 0.123534 0.26075 -2 0.18472 0.511 -2
0.245 0.1225 0.5 0.123664 0.25975 -2 0.184975 0.51 -2
0.2455 0.12275 0.5 0.123793 0.25875 -2 0.18523 0.509 -2
0.246 0.123 0.5 0.123922 0.25775 -2 0.185484 0.508 -2
0.2465 0.12325 0.5 0.124051 0.25675 -2 0.185738 0.507 -2
0.247 0.1235 0.5 0.124179 0.25575 -2 0.185991 0.506 -2
0.2475 0.12375 0.5 0.124307 0.25475 -2 0.186244 0.505 -2
0.248 0.124 0.5 0.124434 0.25375 -2 0.186496 0.504 -2
0.2485 0.12425 0.5 0.124561 0.25275 -2 0.186748 0.503 -2
0.249 0.1245 0.5 0.124687 0.25175 -2 0.186999 0.502 -2
0.2495 0.12475 0.5 0.124812 0.25075 -2 0.18725 0.501 -2
0.25 0.125 0.5 0.124937 0.24975 -2 0.1875 0.5 -2
0.2505 0.12525 0.5 0.125062 0.24875 -2 0.18775 0.499 -2
0.251 0.1255 0.5 0.125186 0.24775 -2 0.187999 0.498 -2
0.2515 0.12575 0.5 0.12531 0.24675 -2 0.188248 0.497 -2
0.252 0.126 0.5 0.125433 0.24575 -2 0.188496 0.496 -2
0.2525 0.12625 0.5 0.125556 0.24475 -2 0.188744 0.495 -2
0.253 0.1265 0.5 0.125678 0.24375 -2 0.188991 0.494 -2
0.2535 0.12675 0.5 0.125799 0.24275 -2 0.189238 0.493 -2
0.254 0.127 0.5 0.12592 0.24175 -2 0.189484 0.492 -2
0.2545 0.12725 0.5 0.126041 0.24075 -2 0.18973 0.491 -2
0.255 0.1275 0.5 0.126161 0.23975 -2 0.189975 0.49 -2
0.2555 0.12775 0.5 0.126281 0.23875 -2 0.19022 0.489 -2
0.256 0.128 0.5 0.1264 0.23775 -2 0.190464 0.488 -2
0.2565 0.12825 0.5 0.126519 0.23675 -2 0.190708 0.487 -2
0.257 0.1285 0.5 0.126637 0.23575 -2 0.190951 0.486 -2
0.2575 0.12875 0.5 0.126754 0.23475 -2 0.191194 0.485 -2
0.258 0.129 0.5 0.126871 0.23375 -2 0.191436 0.484 -2
0.2585 0.12925 0.5 0.126988 0.23275 -2 0.191678 0.483 -2
0.259 0.1295 0.5 0.127104 0.23175 -2 0.191919 0.482 -2
0.2595 0.12975 0.5 0.12722 0.23075 -2 0.19216 0.481 -2
0.26 0.13 0.5 0.127335 0.22975 -2 0.1924 0.48 -2
0.2605 0.13025 0.5 0.12745 0.22875 -2 0.19264 0.479 -2
0.261 0.1305 0.5 0.127564 0.22775 -2 0.192879 0.478 -2
0.2615 0.13075 0.5 0.127677 0.22675 -2 0.193118 0.477 -2
0.262 0.131 0.5 0.12779 0.22575 -2 0.193356 0.476 -2
0.2625 0.13125 0.5 0.127903 0.22475 -2 0.193594 0.475 -2
0.263 0.1315 0.5 0.128015 0.22375 -2 0.193831 0.474 -2
0.2635 0.13175 0.5 0.128127 0.22275 -2 0.194068 0.473 -2
0.264 0.132 0.5 0.128238 0.22175 -2 0.194304 0.472 -2
0.2645 0.13225 0.5 0.128349 0.22075 -2 0.19454 0.471 -2
0.265 0.1325 0.5 0.128459 0.21975 -2 0.194775 0.47 -2
0.2655 0.13275 0.5 0.128568 0.21875 -2 0.19501 0.469 -2
0.266 0.133 0.5 0.128678 0.21775 -2 0.195244 0.468 -2
0.2665 0.13325 0.5 0.128786 0.21675 -2 0.195478 0.467 -2
0.267 0.1335 0.5 0.128894 0.21575 -2 0.195711 0.466 -2
0.2675 0.13375 0.5 0.129002 0.21475 -2 0.195944 0.465 -2
0.268 0.134 0.5 0.129109 0.21375 -2 0.196176 0.464 -2
0.2685 0.13425 0.5 0.129216 0.21275 -2 0.196408 0.463 -2
0.269 0.1345 0.5 0.129322 0.21175 -2 0.196639 0.462 -2
0.2695 0.13475 0.5 0.129427 0.21075 -2 0.19687 0.461 -2
0.27 0.135 0.5 0.129532 0.20975 -2 0.1971 0.46 -2
0.2705 0.13525 0.5 0.129637 0.20875 -2 0.19733 0.459 -2
0.271 0.1355 0.5 0.129741 0.20775 -2 0.197559 0.458 -2
0.2715 0.13575 0.5 0.129845 0.20675 -2 0.197788 0.457 -2
0.272 0.136 0.5 0.129948 0.20575 -2 0.198016 0.456 -2
0.2725 0.13625 0.5 0.130051 0.20475 -2 0.198244 0.455 -2
0.273 0.1365 0.5 0.130153 0.20375 -2 0.198471 0.454 -2
0.2735 0.13675 0.5 0.130254 0.20275 -2 0.198698 0.453 -2
0.274 0.137 0.5 0.130356 0.20175 -2 0.198924 0.452 -2
0.2745 0.13725 0.5 0.130456 0.20075 -2 0.19915 0.451 -2
0.275 0.1375 0.5 0.130556 0.19975 -2 0.199375 0.45 -2
0.2755 0.13775 0.5 0.130656 0.19875 -2 0.1996 0.449 -2
0.276 0.138 0.5 0.130755 0.19775 -2 0.199824 0.448 -2
0.2765 0.13825 0.5 0.130854 0.19675 -2 0.200048 0.447 -2
0.277 0.1385 0.5 0.130952 0.19575 -2 0.200271 0.446 -2
0.2775 0.13875 0.5 0.131049 0.19475 -2 0.200494 0.445 -2
0.278 0.139 0.5 0.131146 0.19375 -2 0.200716 0.444 -2
0.2785 0.13925 0.5 0.131243 0.19275 -2 0.200938 0.443 -2
0.279 0.1395 0.5 0.131339 0.19175 -2 0.201159 0.442 -2
0.2795 0.13975 0.5 0.131435 0.19075 -2 0.20138 0.441 -2
0.28 0.14 0.5 0.13153 0.18975 -2 0.2016 0.44 -2
0.2805 0.14025 0.5 0.131625 0.18875 -2 0.20182 0.439 -2
0.281 0.1405 0.5 0.131719 0.18775 -2 0.202039 0.438 -2
0.2815 0.14075 0.5 0.131812 0.18675 -2 0.202258 0.437 -2
0.282 0.141 0.5 0.131906 0.18575 -2 0.202476 0.436 -2
0.2825 0.14125 0.5 0.131998 0.18475 -2 0.202694 0.435 -2
0.283 0.1415 0.5 0.13209 0.18375 -2 0.202911 0.434 -2
0.2835 0.14175 0.5 0.132182 0.18275 -2 0.203128 0.433 -2
0.284 0.142 0.5 0.132273 0.18175 -2 0.203344 0.432 -2
0.2845 0.14225 0.5 0.132364 0.18075 -2 0.20356 0.431 -2
0.285 0.1425 0.5 0.132454 0.17975 -2 0.203775 0.43 -2
0.2855 0.14275 0.5 0.132543 0.17875 -2 0.20399 0.429 -2
0.286 0.143 0.5 0.132633 0.17775 -2 0.204204 0.428 -2
0.2865 0.14325 0.5 0.132721 0.17675 -2 0.204418 0.427 -2
0.287 0.1435 0.5 0.132809 0.17575 -2 0.204631 0.426 -2
0.2875 0.14375 0.5 0.132897 0.17475 -2 0.204844 0.425 -2
0.288 0.144 0.5 0.132984 0.17375 -2 0.205056 0.424 -2
0.2885 0.14425 0.5 0.133071 0.17275 -2 0.205268 0.423 -2
0.289 0.1445 0.5 0.133157 0.17175 -2 0.205479 0.422 -2
0.2895 0.14475 0.5 0.133242 0.17075 -2 0.20569 0.421 -2
0.29 0.145 0.5 0.133327 0.16975 -2 0.2059 0.42 -2
0.2905 0.14525 0.5 0.133412 0.16875 -2 0.20611 0.419 -2
0.291 0.1455 0.5 0.133496 0.16775 -2 0.206319 0.418 -2
0.2915 0.14575 0.5 0.13358 0.16675 -2 0.206528 0.417 -2
0.292 0.146 0.5 0.133663 0.16575 -2 0.206736 0.416 -2
0.2925 0.14625 0.5 0.133746 0.16475 -2 0.206944 0.415 -2
0.293 0.1465 0.5 0.133828 0.16375 -2 0.207151 0.414 -2
0.2935 0.14675 0.5 0.133909 0.16275 -2 0.207358 0.413 -2
0.294 0.147 0.5 0.13399 0.16175 -2 0.207564 0.412 -2
0.2945 0.14725 0.5 0.134071 0.16075 -2 0.20777 0.411 -2
0.295 0.1475 0.5 0.134151 0.15975 -2 0.207975 0.41 -2
0.2955 0.14775 0.5 0.134231 0.15875 -2 0.20818 0.409 -2
0.296 0.148 0.5 0.13431 0.15775 -2 0.208384 0.408 -2
0.2965 0.14825 0.5 0.134389 0.15675 -2 0.208588 0.407 -2
0.297 0.1485 0.5 0.134467 0.15575 -2 0.208791 0.406 -2
0.2975 0.14875 0.5 0.134544 0.15475 -2 0.208994 0.405 -2
0.298 0.149 0.5 0.134622 0.15375 -2 0.209196 0.404 -2
0.2985 0.14925 0.5 0.134698 0.15275 -2 0.209398 0.403 -2
0.299 0.1495 0.5 0.134774 0.15175 -2 0.209599 0.402 -2
0.2995 0.14975 0.5 0.13485 0.15075 -2 0.2098 0.401 -2
0.3 0.15 0.5 0.134925 0.14975 -2 0.21 0.4 -2
0.3005 0.15025 0.5 0.135 0.14875 -2 0.2102 0.399 -2
0.301 0.1505 0.5 0.135074 0.14775 -2 0.210399 0.398 -2
0.3015 0.15075 0.5 0.135147 0.14675 -2 0.210598 0.397 -2
0.302 0.151 0.5 0.13522 0.14575 -2 0.210796 0.396 -2
0.3025 0.15125 0.5 0.135293 0.14475 -2 0.210994 0.395 -2
0.303 0.1515 0.5 0.135365 0.14375 -2 0.211191 0.394 -2
0.3035 0.15175 0.5 0.135437 0.14275 -2 0.211388 0.393 -2
0.304 0.152 0.5 0.135508 0.14175 -2 0.211584 0.392 -2
0.3045 0.15225 0.5 0.135579 0.14075 -2 0.21178 0.391 -2
0.305 0.1525 0.5 0.135649 0.13975 -2 0.211975 0.39 -2
0.3055 0.15275 0.5 0.135718 0.13875 -2 0.21217 0.389 -2
0.306 0.153 0.5 0.135788 0.13775 -2 0.212364 0.388 -2
0.3065 0.15325 0.5 0.135856 0.13675 -2 0.212558 0.387 -2
0.307 0.1535 0.5 0.135924 0.13575 -2 0.212751 0.386 -2
0.3075 0.15375 0.5 0.135992 0.13475 -2 0.212944 0.385 -2
0.308 0.154 0.5 0.136059 0.13375 -2 0.213136 0.384 -2
0.3085 0.15425 0.5 0.136126 0.13275 -2 0.213328 0.383 -2
0.309 0.1545 0.5 0.136192 0.13175 -2 0.213519 0.382 -2
0.3095 0.15475 0.5 0.136257 0.13075 -2 0.21371 0.381 -2
0.31 0.155 0.5 0.136322 0.12975 -2 0.2139 0.38 -2
0.3105 0.15525 0.5 0.136387 0.12875 -2 0.21409 0.379 -2
0.311 0.1555 0.5 0.136451 0.12775 -2 0.214279 0.378 -2
0.3115 0.15575 0.5 0.136515 0.12675 -2 0.214468 0.377 -2
0.312 0.156 0.5 0.136578 0.12575 -2 0.214656 0.376 -2
0.3125 0.15625 0.5 0.136641 0.12475 -2 0.214844 0.375 -2
0.313 0.1565 0.5 0.136703 0.12375 -2 0.215031 0.374 -2
0.3135 0.15675 0.5 0.136764 0.12275 -2 0.215218 0.373 -2
0.314 0.157 0.5 0.136825 0.12175 -2 0.215404 0.372 -2
0.3145 0.15725 0.5 0.136886 0.12075 -2 0.21559 0.371 -2
0.315 0.1575 0.5 0.136946 0.11975 -2 0.215775 0.37 -2
0.3155 0.15775 0.5 0.137006 0.11875 -2 0.21596 0.369 -2
0.316 0.158 0.5 0.137065 0.11775 -2 0.216144 0.368 -2
0.3165 0.15825 0.5 0.137124 0.11675 -2 0.216328 0.367 -2
0.317 0.1585 0.5 0.137182 0.11575 -2 0.216511 0.366 -2
0.3175 0.15875 0.5 0.137239 0.11475 -2 0.216694 0.365 -2
0.318 0.159 0.5 0.137296 0.11375 -2 0.216876 0.364 -2
0.3185 0.15925 0.5 0.137353 0.11275 -2 0.217058 0.363 -2
0.319 0.1595 0.5 0.137409 0.11175 -2 0.217239 0.362 -2
0.3195 0.15975 0.5 0.137465 0.11075 -2 0.21742 0.361 -2
0.32 0.16 0.5 0.13752 0.10975 -2 0.2176 0.36 -2
0.3205 0.16025 0.5 0.137575 0.10875 -2 0.21778 0.359 -2
0.321 0.1605 0.5 0.137629 0.10775 -2 0.217959 0.358 -2
0.3215 0.16075 0.5 0.137682 0.10675 -2 0.218138 0.357 -2
0.322 0.161 0.5 0.137736 0.10575 -2 0.218316 0.356 -2
0.3225 0.16125 0.5 0.137788 0.10475 -2 0.218494 0.355 -2
0.323 0.1615 0.5 0.13784 0.10375 -2 0.218671 0.354 -2
0.3235 0.16175 0.5 0.137892 0.10275 -2 0.218848 0.353 -2
0.324 0.162 0.5 0.137943 0.10175 -2 0.219024 0.352 -2
0.3245 0.16225 0.5 0.137994 0.10075 -2 0.2192 0.351 -2
0.325 0.1625 0.5 0.138044 0.09975 -2 0.219375 0.35 -2
0.3255 0.16275 0.5 0.138093 0.09875 -2 0.21955 0.349 -2
0.326 0.163 0.5 0.138143 0.09775 -2 0.219724 0.348 -2
0.3265 0.16325 0.5 0.138191 0.09675 -2 0.219898 0.347 -2
0.327 0.1635 0.5 0.138239 0.09575 -2 0.220071 0.346 -2
0.3275 0.16375 0.5 0.138287 0.09475 -2 0.220244 0.345 -2
0.328 0.164 0.5 0.138334 0.09375 -2 0.220416 0.344 -2
0.3285 0.16425 0.5 0.138381 0.09275 -2 0.220588 0.343 -2
0.329 0.1645 0.5 0.138427 0.09175 -2 0.220759 0.342 -2
0.3295 0.16475 0.5 0.138472 0.09075 -2 0.22093 0.341 -2
0.33 0.165 0.5 0.138518 0.08975 -2 0.2211 0.34 -2
0.3305 0.16525 0.5 0.138562 0.08875 -2 0.22127 0.339 -2
0.331 0.1655 0.5 0.138606 0.08775 -2 0.221439 0.338 -2
0.3315 0.16575 0.5 0.13865 0.08675 -2 0.221608 0.337 -2
0.332 0.166 0.5 0.138693 0.08575 -2 0.221776 0.336 -2
0.3325 0.16625 0.5 0.138736 0.08475 -2 0.221944 0.335 -2
0.333 0.1665 0.5 0.138778 0.08375 -2 0.222111 0.334 -2
0.3335 0.16675 0.5 0.138819 0.08275 -2 0.222278 0.333 -2
0.334 0.167 0.5 0.13886 0.08175 -2 0.222444 0.332 -2
0.3345 0.16725 0.5 0.138901 0.08075 -2 0.22261 0.331 -2
0.335 0.1675 0.5 0.138941 0.07975 -2 0.222775 0.33 -2
0.3355 0.16775 0.5 0.138981 0.07875 -2 0.22294 0.329 -2
0.336 0.168 0.5 0.13902 0.07775 -2 0.223104 0.328 -2
0.3365 0.16825 0.5 0.139059 0.07675 -2 0.223268 0.327 -2
0.337 0.1685 0.5 0.139097 0.07575 -2 0.223431 0.326 -2
0.3375 0.16875 0.5 0.139134 0.07475 -2 0.223594 0.325 -2
0.338 0.169 0.5 0.139172 0.07375 -2 0.223756 0.324 -2
0.3385 0.16925 0.5 0.139208 0.07275 -2 0.223918 0.323 -2
0.339 0.1695 0.5 0.139244 0.07175 -2 0.224079 0.322 -2
0.3395 0.16975 0.5 0.13928 0.07075 -2 0.22424 0.321 -2
0.34 0.17 0.5 0.139315 0.06975 -2 0.2244 0.32 -2
0.3405 0.17025 0.5 0.13935 0.06875 -2 0.22456 0.319 -2
0.341 0.1705 0.5 0.139384 0.06775 -2 0.224719 0.318 -2
0.3415 0.17075 0.5 0.139417 0.06675 -2 0.224878 0.317 -2
0.342 0.171 0.5 0.13945 0.06575 -2 0.225036 0.316 -2
0.3425 0.17125 0.5 0.139483 0.06475 -2 0.225194 0.315 -2
0.343 0.1715 0.5 0.139515 0.06375 -2 0.225351 0.314 -2
0.3435 0.17175 0.5 0.139547 0.06275 -2 0.225508 0.313 -2
0.344 0.172 0.5 0.139578 0.06175 -2 0.225664 0.312 -2
0.3445 0.17225 0.5 0.139609 0.06075 -2 0.22582 0.311 -2
0.345 0.1725 0.5 0.139639 0.05975 -2 0.225975 0.31 -2
0.3455 0.17275 0.5 0.139668 0.05875 -2 0.22613 0.309 -2
0.346 0.173 0.5 0.139697 0.05775 -2 0.226284 0.308 -2
0.3465 0.17325 0.5 0.139726 0.05675 -2 0.226438 0.307 -2
0.347 0.1735 0.5 0.139754 0.05575 -2 0.226591 0.306 -2
0.3475 0.17375 0.5 0.139782 0.05475 -2 0.226744 0.305 -2
0.348 0.174 0.5 0.139809 0.05375 -2 0.226896 0.304 -2
0.3485 0.17425 0.5 0.139836 0.05275 -2 0.227048 0.303 -2
0.349 0.1745 0.5 0.139862 0.05175 -2 0.227199 0.302 -2
0.3495 0.17475 0.5 0.139887 0.05075 -2 0.22735 0.301 -2
0.35 0.175 0.5 0.139912 0.04975 -2 0.2275 0.3 -2
0.3505 0.17525 0.5 0.139937 0.04875 -2 0.22765 0.299 -2
0.351 0.1755 0.5 0.139961 0.04775 -2 0.227799 0.298 -2
0.3515 0.17575 0.5 0.139985 0.04675 -2 0.227948 0.297 -2
0.352 0.176 0.5 0.140008 0.04575 -2 0.228096 0.296 -2
0.3525 0.17625 0.5 0.140031 0.04475 -2 0.228244 0.295 -2
0.353 0.1765 0.5 0.140053 0.04375 -2 0.228391 0.294 -2
0.3535 0.17675 0.5 0.140074 0.04275 -2 0.228538 0.293 -2
0.354 0.177 0.5 0.140095 0.04175 -2 0.228684 0.292 -2
0.3545 0.17725 0.5 0.140116 0.04075 -2 0.22883 0.291 -2
0.355 0.1775 0.5 0.140136 0.03975 -2 0.228975 0.29 -2
0.3555 0.17775 0.5 0.140156 0.03875 -2 0.22912 0.289 -2
0.356 0.178 0.5 0.140175 0.03775 -2 0.229264 0.288 -2
0.3565 0.17825 0.5 0.140194 0.03675 -2 0.229408 0.287 -2
0.357 0.1785 0.5 0.140212 0.03575 -2 0.229551 0.286 -2
0.3575 0.17875 0.5 0.140229 0.03475 -2 0.229694 0.285 -2
0.358 0.179 0.5 0.140246 0.03375 -2 0.229836 0.284 -2
0.3585 0.17925 0.5 0.140263 0.03275 -2 0.229978 0.283 -2
0.359 0.1795 0.5 0.140279 0.03175 -2 0.230119 0.282 -2
0.3595 0.17975 0.5 0.140295 0.03075 -2 0.23026 0.281 -2
0.36 0.18 0.5 0.14031 0.02975 -2 0.2304 0.28 -2
0.3605 0.18025 0.5 0.140325 0.02875 -2 0.23054 0.279 -2
0.361 0.1805 0.5 0.140339 0.02775 -2 0.230679 0.278 -2
0.3615 0.18075 0.5 0.140352 0.02675 -2 0.230818 0.277 -2
0.362 0.181 0.5 0.140365 0.02575 -2 0.230956 0.276 -2
0.3625 0.18125 0.5 0.140378 0.02475 -2 0.231094 0.275 -2
0.363 0.1815 0.5 0.14039 0.02375 -2 0.231231 0.274 -2
0.3635 0.18175 0.5 0.140402 0.02275 -2 0.231368 0.273 -2
0.364 0.182 0.5 0.140413 0.02175 -2 0.231504 0.272 -2
0.3645 0.18225 0.5 0.140424 0.02075 -2 0.23164 0.271 -2
0.365 0.1825 0.5 0.140434 0.01975 -2 0.231775 0.27 -2
0.3655 0.18275 0.5 0.140443 0.01875 -2 0.23191 0.269 -2
0.366 0.183 0.5 0.140452 0.01775 -2 0.232044 0.268 -2
0.3665 0.18325 0.5 0.140461 0.01675 -2 0.232178 0.267 -2
0.367 0.1835 0.5 0.140469 0.01575 -2 0.232311 0.266 -2
0.3675 0.18375 0.5 0.140477 0.01475 -2 0.232444 0.265 -2
0.368 0.184 0.5 0.140484 0.01375 -2 0.232576 0.264 -2
0.3685 0.18425 0.5 0.140491 0.01275 -2 0.232708 0.263 -2
0.369 0.1845 0.5 0.140497 0.01175 -2 0.232839 0.262 -2
0.3695 0.18475 0.5 0.140502 0.01075 -2 0.23297 0.261 -2
0.37 0.185 0.5 0.140508 0.00975 -2 0.2331 0.26 -2
0.3705 0.18525 0.5 0.140512 0.00875 -2 0.23323 0.259 -2
0.371 0.1855 0.5 0.140516 0.00775 -2 0.233359 0.258 -2
0.3715 0.18575 0.5 0.14052 0.00675 -2 0.233488 0.257 -2
0.372 0.186 0.5 0.140523 0.00575 -2 0.233616 0.256 -2
0.3725 0.18625 0.5 0.140526 0.00475 -2 0.233744 0.255 -2
0.373 0.1865 0.5 0.140528 0.00375 -2 0.233871 0.254 -2
0.3735 0.18675 0.5 0.140529 0.00275 -2 0.233998 0.253 -2
0.374 0.187 0.5 0.140531 0.00175 -2 0.234124 0.252 -2
0.3745 0.18725 0.5 0.140531 0.00075 -2 0.23425 0.251 -2
0.375 0.1875 0.5 0.140531 -0.00025 -2 0.234375 0.25 -2
0.3755 0.18775 0.5 0.140531 -0.00125 -2 0.2345 0.249 -2
0.376 0.188 0.5 0.14053 -0.00225 -2 0.234624 0.248 -2
0.3765 0.18825 0.5 0.140529 -0.00325 -2 0.234748 0.247 -2
0.377 0.1885 0.5 0.140527 -0.00425 -2 0.234871 0.246 -2
0.3775 0.18875 0.5 0.140524 -0.00525 -2 0.234994 0.245 -2
0.378 0.189 0.5 0.140521 -0.00625 -2 0.235116 0.244 -2
0.3785 0.18925 0.5 0.140518 -0.00725 -2 0.235238 0.243 -2
0.379 0.1895 0.5 0.140514 -0.00825 -2 0.235359 0.242 -2
0.3795 0.18975 0.5 0.14051 -0.00925 -2 0.23548 0.241 -2
0.38 0.19 0.5 0.140505 -0.01025 -2 0.2356 0.24 -2
0.3805 0.19025 0.5 0.1405 -0.01125 -2 0.23572 0.239 -2
0.381 0.1905 0.5 0.140494 -0.01225 -2 0.235839 0.238 -2
0.3815 0.19075 0.5 0.140487 -0.01325 -2 0.235958 0.237 -2
0.382 0.191 0.5 0.140481 -0.01425 -2 0.236076 0.236 -2
0.3825 0.19125 0.5 0.140473 -0.01525 -2 0.236194 0.235 -2
0.383 0.1915 0.5 0.140465 -0.01625 -2 0.236311 0.234 -2
0.3835 0.19175 0.5 0.140457 -0.01725 -2 0.236428 0.233 -2
0.384 0.192 0.5 0.140448 -0.01825 -2 0.236544 0.232 -2
0.3845 0.19225 0.5 0.140439 -0.01925 -2 0.23666 0.231 -2
0.385 0.1925 0.5 0.140429 -0.02025 -2 0.236775 0.23 -2
0.3855 0.19275 0.5 0.140418 -0.02125 -2 0.23689 0.229 -2
0.386 0.193 0.5 0.140408 -0.02225 -2 0.237004 0.228 -2
0.3865 0.19325 0.5 0.140396 -0.02325 -2 0.237118 0.227 -2
0.387 0.1935 0.5 0.140384 -0.02425 -2 0.237231 0.226 -2
0.3875 0.19375 0.5 0.140372 -0.02525 -2 0.237344 0.225 -2
0.388 0.194 0.5 0.140359 -0.02625 -2 0.237456 0.224 -2
0.3885 0.19425 0.5 0.140346 -0.02725 -2 0.237568 0.223 -2
0.389 0.1945 0.5 0.140332 -0.02825 -2 0.237679 0.222 -2
0.3895 0.19475 0.5 0.140317 -0.02925 -2 0.23779 0.221 -2
0.39 0.195 0.5 0.140302 -0.03025 -2 0.2379 0.22 -2
0.3905 0.19525 0.5 0.140287 -0.03125 -2 0.23801 0.219 -2
0.391 0.1955 0.5 0.140271 -0.03225 -2 0.238119 0.218 -2
0.3915 0.19575 0.5 0.140255 -0.03325 -2 0.238228 0.217 -2
0.392 0.196 0.5 0.140238 -0.03425 -2 0.238336 0.216 -2
0.3925 0.19625 0.5 0.140221 -0.03525 -2 0.238444 0.215 -2
0.393 0.1965 0.5 0.140203 -0.03625 -2 0.238551 0.214 -2
0.3935 0.19675 0.5 0.140184 -0.03725 -2 0.238658 0.213 -2
0.394 0.197 0.5 0.140165 -0.03825 -2 0.238764 0.212 -2
0.3945 0.19725 0.5 0.140146 -0.03925 -2 0.23887 0.211 -2
0.395 0.1975 0.5 0.140126 -0.04025 -2 0.238975 0.21 -2
0.3955 0.19775 0.5 0.140106 -0.04125 -2 0.23908 0.209 -2
0.396 0.198 0.5 0.140085 -0.04225 -2 0.239184 0.208 -2
0.3965 0.19825 0.5 0.140064 -0.04325 -2 0.239288 0.207 -2
0.397 0.1985 0.5 0.140042 -0.04425 -2 0.239391 0.206 -2
0.3975 0.19875 0.5 0.140019 -0.04525 -2 0.239494 0.205 -2
0.398 0.199 0.5 0.139997 -0.04625 -2 0.239596 0.204 -2
0.3985 0.19925 0.5 0.139973 -0.04725 -2 0.239698 0.203 -2
0.399 0.1995 0.5 0.139949 -0.04825 -2 0.239799 0.202 -2
0.3995 0.19975 0.5 0.139925 -0.04925 -2 0.2399 0.201 -2
0.4 0.2 0.5 0.1399 -0.05025 -2 0.24 0.2 -2
0.4005 0.20025 0.5 0.139875 -0.05125 -2 0.2401 0.199 -2
0.401 0.2005 0.5 0.139849 -0.05225 -2 0.240199 0.198 -2
0.4015 0.20075 0.5 0.139822 -0.05325 -2 0.240298 0.197 -2
0.402 0.201 0.5 0.139796 -0.05425 -2 0.240396 0.196 -2
0.4025 0.20125 0.5 0.139768 -0.05525 -2 0.240494 0.195 -2
0.403 0.2015 0.5 0.13974 -0.05625 -2 0.240591 0.194 -2
0.4035 0.20175 0.5 0.139712 -0.05725 -2 0.240688 0.193 -2
0.404 0.202 0.5 0.139683 -0.05825 -2 0.240784 0.192 -2
0.4045 0.20225 0.5 0.139654 -0.05925 -2 0.24088 0.191 -2
0.405 0.2025 0.5 0.139624 -0.06025 -2 0.240975 0.19 -2
0.4055 0.20275 0.5 0.139593 -0.06125 -2 0.24107 0.189 -2
0.406 0.203 0.5 0.139562 -0.06225 -2 0.241164 0.188 -2
0.4065 0.20325 0.5 0.139531 -0.06325 -2 0.241258 0.187 -2
0.407 0.2035 0.5 0.139499 -0.06425 -2 0.241351 0.186 -2
0.4075 0.20375 0.5 0.139467 -0.06525 -2 0.241444 0.185 -2
0.408 0.204 0.5 0.139434 -0.06625 -2 0.241536 0.184 -2
0.4085 0.20425 0.5 0.139401 -0.06725 -2 0.241628 0.183 -2
0.409 0.2045 0.5 0.139367 -0.06825 -2 0.241719 0.182 -2
0.4095 0.20475 0.5 0.139332 -0.06925 -2 0.24181 0.181 -2
0.41 0.205 0.5 0.139297 -0.07025 -2 0.2419 0.18 -2
0.4105 0.20525 0.5 0.139262 -0.07125 -2 0.24199 0.179 -2
0.411 0.2055 0.5 0.139226 -0.07225 -2 0.242079 0.178 -2
0.4115 0.20575 0.5 0.13919 -0.07325 -2 0.242168 0.177 -2
0.412 0.206 0.5 0.139153 -0.07425 -2 0.242256 0.176 -2
0.4125 0.20625 0.5 0.139116 -0.07525 -2 0.242344 0.175 -2
0.413 0.2065 0.5 0.139078 -0.07625 -2 0.242431 0.174 -2
0.4135 0.20675 0.5 0.139039 -0.07725 -2 0.242518 0.173 -2
0.414 0.207 0.5 0.139 -0.07825 -2 0.242604 0.172 -2
0.4145 0.20725 0.5 0.138961 -0.07925 -2 0.24269 0.171 -2
0.415 0.2075 0.5 0.138921 -0.08025 -2 0.242775 0.17 -2
0.4155 0.20775 0.5 0.138881 -0.08125 -2 0.24286 0.169 -2
0.416 0.208 0.5 0.13884 -0.08225 -2 0.242944 0.168 -2
0.4165 0.20825 0.5 0.138799 -0.08325 -2 0.243028 0.167 -2
0.417 0.2085 0.5 0.138757 -0.08425 -2 0.243111 0.166 -2
0.4175 0.20875 0.5 0.138714 -0.08525 -2 0.243194 0.165 -2
0.418 0.209 0.5 0.138672 -0.08625 -2 0.243276 0.164 -2
0.4185 0.20925 0.5 0.138628 -0.08725 -2 0.243358 0.163 -2
0.419 0.2095 0.5 0.138584 -0.08825 -2 0.243439 0.162 -2
0.4195 0.20975 0.5 0.13854 -0.08925 -2 0.24352 0.161 -2
0.42 0.21 0.5 0.138495 -0.09025 -2 0.2436 0.16 -2
0.4205 0.21025 0.5 0.13845 -0.09125 -2 0.24368 0.159 -2
0.421 0.2105 0.5 0.138404 -0.09225 -2 0.243759 0.158 -2
0.4215 0.21075 0.5 0.138357 -0.09325 -2 0.243838 0.157 -2
0.422 0.211 0.5 0.138311 -0.09425 -2 0.243916 0.156 -2
0.4225 0.21125 0.5 0.138263 -0.09525 -2 0.243994 0.155 -2
0.423 0.2115 0.5 0.138215 -0.09625 -2 0.244071 0.154 -2
0.4235 0.21175 0.5 0.138167 -0.09725 -2 0.244148 0.153 -2
0.424 0.212 0.5 0.138118 -0.09825 -2 0.244224 0.152 -2
0.4245 0.21225 0.5 0.138069 -0.09925 -2 0.2443 0.151 -2
0.425 0.2125 0.5 0.138019 -0.10025 -2 0.244375 0.15 -2
0.4255 0.21275 0.5 0.137968 -0.10125 -2 0.24445 0.149 -2
0.426 0.213 0.5 0.137918 -0.10225 -2 0.244524 0.148 -2
0.4265 0.21325 0.5 0.137866 -0.10325 -2 0.244598 0.147 -2
0.427 0.2135 0.5 0.137814 -0.10425 -2 0.244671 0.146 -2
0.4275 0.21375 0.5 0.137762 -0.10525 -2 0.244744 0.145 -2
0.428 0.214 0.5 0.137709 -0.10625 -2 0.244816 0.144 -2
0.4285 0.21425 0.5 0.137656 -0.10725 -2 0.244888 0.143 -2
0.429 0.2145 0.5 0.137602 -0.10825 -2 0.244959 0.142 -2
0.4295 0.21475 0.5 0.137547 -0.10925 -2 0.24503 0.141 -2
0.43 0.215 0.5 0.137493 -0.11025 -2 0.2451 0.14 -2
0.4305 0.21525 0.5 0.137437 -0.11125 -2 0.24517 0.139 -2
0.431 0.2155 0.5 0.137381 -0.11225 -2 0.245239 0.138 -2
0.4315 0.21575 0.5 0.137325 -0.11325 -2 0.245308 0.137 -2
0.432 0.216 0.5 0.137268 -0.11425 -2 0.245376 0.136 -2
0.4325 0.21625 0.5 0.137211 -0.11525 -2 0.245444 0.135 -2
0.433 0.2165 0.5 0.137153 -0.11625 -2 0.245511 0.134 -2
0.4335 0.21675 0.5 0.137094 -0.11725 -2 0.245578 0.133 -2
0.434 0.217 0.5 0.137036 -0.11825 -2 0.245644 0.132 -2
0.4345 0.21725 0.5 0.136976 -0.11925 -2 0.24571 0.131 -2
0.435 0.2175 0.5 0.136916 -0.12025 -2 0.245775 0.13 -2
0.4355 0.21775 0.5 0.136856 -0.12125 -2 0.24584 0.129 -2
0.436 0.218 0.5 0.136795 -0.12225 -2 0.245904 0.128 -2
0.4365 0.21825 0.5 0.136734 -0.12325 -2 0.245968 0.127 -2
0.437 0.2185 0.5 0.136672 -0.12425 -2 0.246031 0.126 -2
0.4375 0.21875 0.5 0.136609 -0.12525 -2 0.246094 0.125 -2
0.438 0.219 0.5 0.136547 -0.12625 -2 0.246156 0.124 -2
0.4385 0.21925 0.5 0.136483 -0.12725 -2 0.246218 0.123 -2
0.439 0.2195 0.5 0.136419 -0.12825 -2 0.246279 0.122 -2
0.4395 0.21975 0.5 0.136355 -0.12925 -2 0.24634 0.121 -2
0.44 0.22 0.5 0.13629 -0.13025 -2 0.2464 0.12 -2
0.4405 0.22025 0.5 0.136225 -0.13125 -2 0.24646 0.119 -2
0.441 0.2205 0.5 0.136159 -0.13225 -2 0.246519 0.118 -2
0.4415 0.22075 0.5 0.136092 -0.13325 -2 0.246578 0.117 -2
0.442 0.221 0.5 0.136026 -0.13425 -2 0.246636 0.116 -2
0.4425 0.22125 0.5 0.135958 -0.13525 -2 0.246694 0.115 -2
0.443 0.2215 0.5 0.13589 -0.13625 -2 0.246751 0.114 -2
0.4435 0.22175 0.5 0.135822 -0.13725 -2 0.246808 0.113 -2
0.444 0.222 0.5 0.135753 -0.13825 -2 0.246864 0.112 -2
0.4445 0.22225 0.5 0.135684 -0.13925 -2 0.24692 0.111 -2
0.445 0.2225 0.5 0.135614 -0.14025 -2 0.246975 0.11 -2
0.4455 0.22275 0.5 0.135543 -0.14125 -2 0.24703 0.109 -2
0.446 0.223 0.5 0.135472 -0.14225 -2 0.247084 0.108 -2
0.4465 0.22325 0.5 0.135401 -0.14325 -2 0.247138 0.107 -2
0.447 0.2235 0.5 0.135329 -0.14425 -2 0.247191 0.106 -2
0.4475 0.22375 0.5 0.135257 -0.14525 -2 0.247244 0.105 -2
0.448 0.224 0.5 0.135184 -0.14625 -2 0.247296 0.104 -2
0.4485 0.22425 0.5 0.135111 -0.14725 -2 0.247348 0.103 -2
0.449 0.2245 0.5 0.135037 -0.14825 -2 0.247399 0.102 -2
0.4495 0.22475 0.5 0.134962 -0.14925 -2 0.24745 0.101 -2
0.45 0.225 0.5 0.134887 -0.15025 -2 0.2475 0.1 -2
0.4505 0.22525 0.5 0.134812 -0.15125 -2 0.24755 0.099 -2
0.451 0.2255 0.5 0.134736 -0.15225 -2 0.247599 0.098 -2
0.4515 0.22575 0.5 0.13466 -0.15325 -2 0.247648 0.097 -2
0.452 0.226 0.5 0.134583 -0.15425 -2 0.247696 0.096 -2
0.4525 0.22625 0.5 0.134506 -0.15525 -2 0.247744 0.095 -2
0.453 0.2265 0.5 0.134428 -0.15625 -2 0.247791 0.094 -2
0.4535 0.22675 0.5 0.134349 -0.15725 -2 0.247838 0.093 -2
0.454 0.227 0.5 0.134271 -0.15825 -2 0.247884 0.092 -2
0.4545 0.22725 0.5 0.134191 -0.15925 -2 0.24793 0.091 -2
0.455 0.2275 0.5 0.134111 -0.16025 -2 0.247975 0.09 -2
0.4555 0.22775 0.5 0.134031 -0.16125 -2 0.24802 0.089 -2
0.456 0.228 0.5 0.13395 -0.16225 -2 0.248064 0.088 -2
0.4565 0.22825 0.5 0.133869 -0.16325 -2 0.248108 0.087 -2
0.457 0.2285 0.5 0.133787 -0.16425 -2 0.248151 0.086 -2
0.4575 0.22875 0.5 0.133704 -0.16525 -2 0.248194 0.085 -2
0.458 0.229 0.5 0.133622 -0.16625 -2 0.248236 0.084 -2
0.4585 0.22925 0.5 0.133538 -0.16725 -2 0.248278 0.083 -2
0.459 0.2295 0.5 0.133454 -0.16825 -2 0.248319 0.082 -2
0.4595 0.22975 0.5 0.13337 -0.16925 -2 0.24836 0.081 -2
0.46 0.23 0.5 0.133285 -0.17025 -2 0.2484 0.08 -2
0.4605 0.23025 0.5 0.1332 -0.17125 -2 0.24844 0.079 -2
0.461 0.2305 0.5 0.133114 -0.17225 -2 0.248479 0.078 -2
0.4615 0.23075 0.5 0.133027 -0.17325 -2 0.248518 0.077 -2
0.462 0.231 0.5 0.132941 -0.17425 -2 0.248556 0.076 -2
0.4625 0.23125 0.5 0.132853 -0.17525 -2 0.248594 0.075 -2
0.463 0.2315 0.5 0.132765 -0.17625 -2 0.248631 0.074 -2
0.4635 0.23175 0.5 0.132677 -0.17725 -2 0.248668 0.073 -2
0.464 0.232 0.5 0.132588 -0.17825 -2 0.248704 0.072 -2
0.4645 0.23225 0.5 0.132499 -0.17925 -2 0.24874 0.071 -2
0.465 0.2325 0.5 0.132409 -0.18025 -2 0.248775 0.07 -2
0.4655 0.23275 0.5 0.132318 -0.18125 -2 0.24881 0.069 -2
0.466 0.233 0.5 0.132227 -0.18225 -2 0.248844 0.068 -2
0.4665 0.23325 0.5 0.132136 -0.18325 -2 0.248878 0.067 -2
0.467 0.2335 0.5 0.132044 -0.18425 -2 0.248911 0.066 -2
0.4675 0.23375 0.5 0.131952 -0.18525 -2 0.248944 0.065 -2
0.468 0.234 0.5 0.131859 -0.18625 -2 0.248976 0.064 -2
0.4685 0.23425 0.5 0.131766 -0.18725 -2 0.249008 0.063 -2
0.469 0.2345 0.5 0.131672 -0.18825 -2 0.249039 0.062 -2
0.4695 0.23475 0.5 0.131577 -0.18925 -2 0.24907 0.061 -2
0.47 0.235 0.5 0.131483 -0.19025 -2 0.2491 0.06 -2
0.4705 0.23525 0.5 0.131387 -0.19125 -2 0.24913 0.059 -2
0.471 0.2355 0.5 0.131291 -0.19225 -2 0.249159 0.058 -2
0.4715 0.23575 0.5 0.131195 -0.19325 -2 0.249188 0.057 -2
0.472 0.236 0.5 0.131098 -0.19425 -2 0.249216 0.056 -2
0.4725 0.23625 0.5 0.131001 -0.19525 -2 0.249244 0.055 -2
0.473 0.2365 0.5 0.130903 -0.19625 -2 0.249271 0.054 -2
0.4735 0.23675 0.5 0.130804 -0.19725 -2 0.249298 0.053 -2
0.474 0.237 0.5 0.130706 -0.19825 -2 0.249324 0.052 -2
0.4745 0.23725 0.5 0.130606 -0.19925 -2 0.24935 0.051 -2
0.475 0.2375 0.5 0.130506 -0.20025 -2 0.249375 0.05 -2
0.4755 0.23775 0.5 0.130406 -0.20125 -2 0.2494 0.049 -2
0.476 0.238 0.5 0.130305 -0.20225 -2 0.249424 0.048 -2
0.4765 0.23825 0.5 0.130204 -0.20325 -2 0.249448 0.047 -2
0.477 0.2385 0.5 0.130102 -0.20425 -2 0.249471 0.046 -2
0.4775 0.23875 0.5 0.129999 -0.20525 -2 0.249494 0.045 -2
0.478 0.239 0.5 0.129896 -0.20625 -2 0.249516 0.044 -2
0.4785 0.23925 0.5 0.129793 -0.20725 -2 0.249538 0.043 -2
0.479 0.2395 0.5 0.129689 -0.20825 -2 0.249559 0.042 -2
0.4795 0.23975 0.5 0.129585 -0.20925 -2 0.24958 0.041 -2
0.48 0.24 0.5 0.12948 -0.21025 -2 0.2496 0.04 -2
0.4805 0.24025 0.5 0.129375 -0.21125 -2 0.24962 0.039 -2
0.481 0.2405 0.5 0.129269 -0.21225 -2 0.249639 0.038 -2
0.4815 0.24075 0.5 0.129162 -0.21325 -2 0.249658 0.037 -2
0.482 0.241 0.5 0.129055 -0.21425 -2 0.249676 0.036 -2
0.4825 0.24125 0.5 0.128948 -0.21525 -2 0.249694 0.035 -2
0.483 0.2415 0.5 0.12884 -0.21625 -2 0.249711 0.034 -2
0.4835 0.24175 0.5 0.128732 -0.21725 -2 0.249728 0.033 -2
0.484 0.242 0.5 0.128623 -0.21825 -2 0.249744 0.032 -2
0.4845 0.24225 0.5 0.128514 -0.21925 -2 0.24976 0.031 -2
0.485 0.2425 0.5 0.128404 -0.22025 -2 0.249775 0.03 -2
0.4855 0.24275 0.5 0.128293 -0.22125 -2 0.24979 0.029 -2
0.486 0.243 0.5 0.128183 -0.22225 -2 0.249804 0.028 -2
0.4865 0.24325 0.5 0.128071 -0.22325 -2 0.249818 0.027 -2
0.487 0.2435 0.5 0.127959 -0.22425 -2 0.249831 0.026 -2
0.4875 0.24375 0.5 0.127847 -0.22525 -2 0.249844 0.025 -2
0.488 0.244 0.5 0.127734 -0.22625 -2 0.249856 0.024 -2
0.4885 0.24425 0.5 0.127621 -0.22725 -2 0.249868 0.023 -2
0.489 0.2445 0.5 0.127507 -0.22825 -2 0.249879 0.022 -2
0.4895 0.24475 0.5 0.127392 -0.22925 -2 0.24989 0.021 -2
0.49 0.245 0.5 0.127277 -0.23025 -2 0.2499 0.02 -2
0.4905 0.24525 0.5 0.127162 -0.23125 -2 0.24991 0.019 -2
0.491 0.2455 0.5 0.127046 -0.23225 -2 0.249919 0.018 -2
0.4915 0.24575 0.5 0.12693 -0.23325 -2 0.249928 0.017 -2
0.492 0.246 0.5 0.126813 -0.23425 -2 0.249936 0.016 -2
0.4925 0.24625 0.5 0.126696 -0.23525 -2 0.249944 0.015 -2
0.493 0.2465 0.5 0.126578 -0.23625 -2 0.249951 0.014 -2
0.4935 0.24675 0.5 0.126459 -0.23725 -2 0.249958 0.013 -2
0.494 0.247 0.5 0.12634 -0.23825 -2 0.249964 0.012 -2
0.4945 0.24725 0.5 0.126221 -0.23925 -2 0.24997 0.011 -2
0.495 0.2475 0.5 0.126101 -0.24025 -2 0.249975 0.01 -2
0.4955 0.24775 0.5 0.125981 -0.24125 -2 0.24998 0.009 -2
0.496 0.248 0.5 0.12586 -0.24225 -2 0.249984 0.008 -2
0.4965 0.24825 0.5 0.125739 -0.24325 -2 0.249988 0.007 -2
0.497 0.2485 0.5 0.125617 -0.24425 -2 0.249991 0.006 -2
0.4975 0.24875 0.5 0.125494 -0.24525 -2 0.249994 0.005 -2
0.498 0.249 0.5 0.125371 -0.24625 -2 0.249996 0.004 -2
0.4985 0.24925 0.5 0.125248 -0.24725 -2 0.249998 0.003 -2
0.499 0.2495 0.5 0.125124 -0.24825 -2 0.249999 0.002 -2
0.4995 0.24975 0.5 0.125 -0.24925 -2 0.25 0.001 -2
0.5 0.25 -0.5 0.124875 -0.24975 -0 0.25 0 -2
0.5005 0.24975 -0.5 0.12475 -0.24975 -0 0.25 -0.001 -2
0.501 0.2495 -0.5 0.124625 -0.24975 -0 0.249999 -0.002 -2
0.5015 0.24925 -0.5 0.1245 -0.24975 -0 0.249998 -0.003 -2
0.502 0.249 -0.5 0.124375 -0.24975 -0 0.249996 -0.004 -2
0.5025 0.24875 -0.5 0.124251 -0.24975 -0 0.249994 -0.005 -2
0.503 0.2485 -0.5 0.124126 -0.24975 -0 0.249991 -0.006 -2
0.5035 0.24825 -0.5 0.124001 -0.24975 -0 0.249988 -0.007 -2
0.504 0.248 -0.5 0.123876 -0.24975 -0 0.249984 -0.008 -2
0.5045 0.24775 -0.5 0.123751 -0.24975 -0 0.24998 -0.009 -2
0.505 0.2475 -0.5 0.123626 -0.24975 -0 0.249975 -0.01 -2
0.5055 0.24725 -0.5 0.123501 -0.24975 -0 0.24997 -0.011 -2
0.506 0.247 -0.5 0.123377 -0.24975 -0 0.249964 -0.012 -2
0.5065 0.24675 -0.5 0.123252 -0.24975 -0 0.249958 -0.013 -2
0.507 0.2465 -0.5 0.123127 -0.24975 -0 0.249951 -0.014 -2
0.5075 0.24625 -0.5 0.123002 -0.24975 -0 0.249944 -0.015 -2
0.508 0.246 -0.5 0.122877 -0.24975 -0 0.249936 -0.016 -2
0.5085 0.24575 -0.5 0.122752 -0.24975 -0 0.249928 -0.017 -2
0.509 0.2455 -0.5 0.122627 -0.24975 -0 0.249919 -0.018 -2
0.5095 0.24525 -0.5 0.122502 -0.24975 -0 0.24991 -0.019 -2
0.51 0.245 -0.5 0.122378 -0.24975 -0 0.2499 -0.02 -2
0.5105 0.24475 -0.5 0.122253 -0.24975 -0 0.24989 -0.021 -2
0.511 0.2445 -0.5 0.122128 -0.24975 -0 0.249879 -0.022 -2
0.5115 0.24425 -0.5 0.122003 -0.24975 -0 0.249868 -0.023 -2
0.512 0.244 -0.5 0.121878 -0.24975 -0 0.249856 -0.024 -2
0.5125 0.24375 -0.5 0.121753 -0.24975 -0 0.249844 -0.025 -2
0.513 0.2435 -0.5 0.121628 -0.24975 -0 0.249831 -0.026 -2
0.5135 0.24325 -0.5 0.121503 -0.24975 -0 0.249818 -0.027 -2
0.514 0.243 -0.5 0.121379 -0.24975 -0 0.249804 -0.028 -2
0.5145 0.24275 -0.5 0.121254 -0.24975 -0 0.24979 -0.029 -2
0.515 0.2425 -0.5 0.121129 -0.24975 -0 0.249775 -0.03 -2
0.5155 0.24225 -0.5 0.121004 -0.24975 -0 0.24976 -0.031 -2
0.516 0.242 -0.5 0.120879 -0.24975 -0 0.249744 -0.032 -2
0.5165 0.24175 -0.5 0.120754 -0.24975 -0 0.249728 -0.033 -2
0.517 0.2415 -0.5 0.120629 -0.24975 -0 0.249711 -0.034 -2
0.5175 0.24125 -0.5 0.120504 -0.24975 -0 0.249694 -0.035 -2
0.518 0.241 -0.5 0.120379 -0.24975 -0 0.249676 -0.036 -2
0.5185 0.24075 -0.5 0.120255 -0.24975 -0 0.249658 -0.037 -2
0.519 0.2405 -0.5 0.12013 -0.24975 -0 0.249639 -0.038 -2
0.5195 0.24025 -0.5 0.120005 -0.24975 -0 0.24962 -0.039 -2
0.52 0.24 -0.5 0.11988 -0.24975 -0 0.2496 -0.04 -2
0.5205 0.23975 -0.5 0.119755 -0.24975 -0 0.24958 -0.041 -2
0.521 0.2395 -0.5 0.11963 -0.24975 -0 0.249559 -0.042 -2
0.5215 0.23925 -0.5 0.119505 -0.24975 -0 0.249538 -0.043 -2
0.522 0.239 -0.5 0.119381 -0.24975 -0 0.249516 -0.044 -2
0.5225 0.23875 -0.5 0.119256 -0.24975 -0 0.249494 -0.045 -2
0.523 0.2385 -0.5 0.119131 -0.24975 -0 0.249471 -0.046 -2
0.5235 0.23825 -0.5 0.119006 -0.24975 -0 0.249448 -0.047 -2
0.524 0.238 -0.5 0.118881 -0.24975 -0 0.249424 -0.048 -2
0.5245 0.23775 -0.5 0.118756 -0.24975 -0 0.2494 -0.049 -2
0.525 0.2375 -0.5 0.118631 -0.24975 -0 0.249375 -0.05 -2
0.5255 0.23725 -0.5 0.118506 -0.24975 -0 0.24935 -0.051 -2
0.526 0.237 -0.5 0.118381 -0.24975 -0 0.249324 -0.052 -2
0.5265 0.23675 -0.5 0.118257 -0.24975 -0 0.249298 -0.053 -2
0.527 0.2365 -0.5 0.118132 -0.24975 -0 0.249271 -0.054 -2
0.5275 0.23625 -0.5 0.118007 -0.24975 -0 0.249244 -0.055 -2
0.528 0.236 -0.5 0.117882 -0.24975 -0 0.249216 -0.056 -2
0.5285 0.23575 -0.5 0.117757 -0.24975 -0 0.249188 -0.057 -2
0.529 0.2355 -0.5 0.117632 -0.24975 -0 0.249159 -0.058 -2
0.5295 0.23525 -0.5 0.117507 -0.24975 -0 0.24913 -0.059 -2
0.53 0.235 -0.5 0.117383 -0.24975 -0 0.2491 -0.06 -2
0.5305 0.23475 -0.5 0.117258 -0.24975 -0 0.24907 -0.061 -2
0.531 0.2345 -0.5 0.117133 -0.24975 -0 0.249039 -0.062 -2
0.5315 0.23425 -0.5 0.117008 -0.24975 -0 0.249008 -0.063 -2
0.532 0.234 -0.5 0.116883 -0.24975 -0 0.248976 -0.064 -2
0.5325 0.23375 -0.5 0.116758 -0.24975 -0 0.248944 -0.065 -2
0.533 0.2335 -0.5 0.116633 -0.24975 -0 0.248911 -0.066 -2
0.5335 0.23325 -0.5 0.116508 -0.24975 -0 0.248878 -0.067 -2
0.534 0.233 -0.5 0.116383 -0.24975 -0 0.248844 -0.068 -2
0.5345 0.23275 -0.5 0.116259 -0.24975 -0 0.24881 -0.069 -2
0.535 0.2325 -0.5 0.116134 -0.24975 -0 0.248775 -0.07 -2
0.5355 0.23225 -0.5 0.116009 -0.24975 -0 0.24874 -0.071 -2
0.536 0.232 -0.5 0.115884 -0.24975 -0 0.248704 -0.072 -2
0.5365 0.23175 -0.5 0.115759 -0.24975 -0 0.248668 -0.073 -2
0.537 0.2315 -0.5 0.115634 -0.24975 -0 0.248631 -0.074 -2
0.5375 0.23125 -0.5 0.115509 -0.24975 -0 0.248594 -0.075 -2
0.538 0.231 -0.5 0.115384 -0.24975 -0 0.248556 -0.076 -2
0.5385 0.23075 -0.5 0.11526 -0.24975 -0 0.248518 -0.077 -2
0.539 0.2305 -0.5 0.115135 -0.24975 -0 0.248479 -0.078 -2
0.5395 0.23025 -0.5 0.11501 -0.24975 -0 0.24844 -0.079 -2
0.54 0.23 -0.5 0.114885 -0.24975 -0 0.2484 -0.08 -2
0.5405 0.22975 -0.5 0.11476 -0.24975 -0 0.24836 -0.081 -2
0.541 0.2295 -0.5 0.114635 -0.24975 -0 0.248319 -0.082 -2
0.5415 0.22925 -0.5 0.11451 -0.24975 -0 0.248278 -0.083 -2
0.542 0.229 -0.5 0.114386 -0.24975 -0 0.248236 -0.084 -2
0.5425 0.22875 -0.5 0.114261 -0.24975 -0 0.248194 -0.085 -2
0.543 0.2285 -0.5 0.114136 -0.24975 -0 0.248151 -0.086 -2
0.5435 0.22825 -0.5 0.114011 -0.24975 -0 0.248108 -0.087 -2
0.544 0.228 -0.5 0.113886 -0.24975 -0 0.248064 -0.088 -2
0.5445 0.22775 -0.5 0.113761 -0.24975 -0 0.24802 -0.089 -2
0.545 0.2275 -0.5 0.113636 -0.24975 -0 0.247975 -0.09 -2
0.5455 0.22725 -0.5 0.113511 -0.24975 -0 0.24793 -0.091 -2
0.546 0.227 -0.5 0.113387 -0.24975 -0 0.247884 -0.092 -2
0.5465 0.22675 -0.5 0.113262 -0.24975 -0 0.247838 -0.093 -2
0.547 0.2265 -0.5 0.113137 -0.24975 -0 0.247791 -0.094 -2
0.5475 0.22625 -0.5 0.113012 -0.24975 -0 0.247744 -0.095 -2
0.548 0.226 -0.5 0.112887 -0.24975 -0 0.247696 -0.096 -2
0.5485 0.22575 -0.5 0.112762 -0.24975 -0 0.247648 -0.097 -2
0.549 0.2255 -0.5 0.112637 -0.24975 -0 0.247599 -0.098 -2
0.5495 0.22525 -0.5 0.112512 -0.24975 -0 0.24755 -0.099 -2
0.55 0.225 -0.5 0.112388 -0.24975 -0 0.2475 -0.1 -2
0.5505 0.22475 -0.5 0.112263 -0.24975 -0 0.24745 -0.101 -2
0.551 0.2245 -0.5 0.112138 -0.24975 -0 0.247399 -0.102 -2
0.5515 0.22425 -0.5 0.112013 -0.24975 -0 0.247348 -0.103 -2
0.552 0.224 -0.5 0.111888 -0.24975 -0 0.247296 -0.104 -2
0.5525 0.22375 -0.5 0.111763 -0.24975 -0 0.247244 -0.105 -2
0.553 0.2235 -0.5 0.111638 -0.24975 -0 0.247191 -0.106 -2
0.5535 0.22325 -0.5 0.111513 -0.24975 -0 0.247138 -0.107 -2
0.554 0.223 -0.5 0.111388 -0.24975 -0 0.247084 -0.108 -2
0.5545 0.22275 -0.5 0.111264 -0.24975 -0 0.24703 -0.109 -2
0.555 0.2225 -0.5 0.111139 -0.24975 -0 0.246975 -0.11 -2
0.5555 0.22225 -0.5 0.111014 -0.24975 -0 0.24692 -0.111 -2
0.556 0.222 -0.5 0.110889 -0.24975 -0 0.246864 -0.112 -2
0.5565 0.22175 -0.5 0.110764 -0.24975 -0 0.246808 -0.113 -2
0.557 0.2215 -0.5 0.110639 -0.24975 -0 0.246751 -0.114 -2
0.5575 0.22125 -0.5 0.110514 -0.24975 -0 0.246694 -0.115 -2
0.558 0.221 -0.5 0.110389 -0.24975 -0 0.246636 -0.116 -2
0.5585 0.22075 -0.5 0.110265 -0.24975 -0 0.246578 -0.117 -2
0.559 0.2205 -0.5 0.11014 -0.24975 -0 0.246519 -0.118 -2
0.5595 0.22025 -0.5 0.110015 -0.24975 -0 0.24646 -0.119 -2
0.56 0.22 -0.5 0.10989 -0.24975 -0 0.2464 -0.12 -2
0.5605 0.21975 -0.5 0.109765 -0.24975 -0 0.24634 -0.121 -2
0.561 0.2195 -0.5 0.10964 -0.24975 -0 0.246279 -0.122 -2
0.5615 0.21925 -0.5 0.109515 -0.24975 -0 0.246218 -0.123 -2
0.562 0.219 -0.5 0.10939 -0.24975 -0 0.246156 -0.124 -2
0.5625 0.21875 -0.5 0.109266 -0.24975 -0 0.246094 -0.125 -2
0.563 0.2185 -0.5 0.109141 -0.24975 -0 0.246031 -0.126 -2
0.5635 0.21825 -0.5 0.109016 -0.24975 -0 0.245968 -0.127 -2
0.564 0.218 -0.5 0.108891 -0.24975 -0 0.245904 -0.128 -2
0.5645 0.21775 -0.5 0.108766 -0.24975 -0 0.24584 -0.129 -2
0.565 0.2175 -0.5 0.108641 -0.24975 -0 0.245775 -0.13 -2
0.5655 0.21725 -0.5 0.108516 -0.24975 -0 0.24571 -0.131 -2
0.566 0.217 -0.5 0.108391 -0.24975 -0 0.245644 -0.132 -2
0.5665 0.21675 -0.5 0.108267 -0.24975 -0 0.245578 -0.133 -2
0.567 0.2165 -0.5 0.108142 -0.24975 -0 0.245511 -0.134 -2
0.5675 0.21625 -0.5 0.108017 -0.24975 -0 0.245444 -0.135 -2
0.568 0.216 -0.5 0.107892 -0.24975 -0 0.245376 -0.136 -2
0.5685 0.21575 -0.5 0.107767 -0.24975 -0 0.245308 -0.137 -2
0.569 0.2155 -0.5 0.107642 -0.24975 -0 0.245239 -0.138 -2
0.5695 0.21525 -0.5 0.107517 -0.24975 -0 0.24517 -0.139 -2
0.57 0.215 -0.5 0.107392 -0.24975 -0 0.2451 -0.14 -2
0.5705 0.21475 -0.5 0.107268 -0.24975 -0 0.24503 -0.141 -2
0.571 0.2145 -0.5 0.107143 -0.24975 -0 0.244959 -0.142 -2
0.5715 0.21425 -0.5 0.107018 -0.24975 -0 0.244888 -0.143 -2
0.572 0.214 -0.5 0.106893 -0.24975 -0 0.244816 -0.144 -2
0.5725 0.21375 -0.5 0.106768 -0.24975 -0 0.244744 -0.145 -2
0.573 0.2135 -0.5 0.106643 -0.24975 -0 0.244671 -0.146 -2
0.5735 0.21325 -0.5 0.106518 -0.24975 -0 0.244598 -0.147 -2
0.574 0.213 -0.5 0.106393 -0.24975 -0 0.244524 -0.148 -2
0.5745 0.21275 -0.5 0.106269 -0.24975 -0 0.24445 -0.149 -2
0.575 0.2125 -0.5 0.106144 -0.24975 -0 0.244375 -0.15 -2
0.5755 0.21225 -0.5 0.106019 -0.24975 -0 0.2443 -0.151 -2
0.576 0.212 -0.5 0.105894 -0.24975 -0 0.244224 -0.152 -2
0.5765 0.21175 -0.5 0.105769 -0.24975 -0 0.244148 -0.153 -2
0.577 0.2115 -0.5 0.105644 -0.24975 -0 0.244071 -0.154 -2
0.5775 0.21125 -0.5 0.105519 -0.24975 -0 0.243994 -0.155 -2
0.578 0.211 -0.5 0.105395 -0.24975 -0 0.243916 -0.156 -2
0.5785 0.21075 -0.5 0.10527 -0.24975 -0 0.243838 -0.157 -2
0.579 0.2105 -0.5 0.105145 -0.24975 -0 0.243759 -0.158 -2
0.5795 0.21025 -0.5 0.10502 -0.24975 -0 0.24368 -0.159 -2
0.58 0.21 -0.5 0.104895 -0.24975 -0 0.2436 -0.16 -2
0.5805 0.20975 -0.5 0.10477 -0.24975 -0 0.24352 -0.161 -2
0.581 0.2095 -0.5 0.104645 -0.24975 -0 0.243439 -0.162 -2
0.5815 0.20925 -0.5 0.10452 -0.24975 -0 0.243358 -0.163 -2
0.582 0.209 -0.5 0.104396 -0.24975 -0 0.243276 -0.164 -2
0.5825 0.20875 -0.5 0.104271 -0.24975 -0 0.243194 -0.165 -2
0.583 0.2085 -0.5 0.104146 -0.24975 -0 0.243111 -0.166 -2
0.5835 0.20825 -0.5 0.104021 -0.24975 -0 0.243028 -0.167 -2
0.584 0.208 -0.5 0.103896 -0.24975 -0 0.242944 -0.168 -2
0.5845 0.20775 -0.5 0.103771 -0.24975 -0 0.24286 -0.169 -2
0.585 0.2075 -0.5 0.103646 -0.24975 -0 0.242775 -0.17 -2
0.5855 0.20725 -0.5 0.103521 -0.24975 -0 0.24269 -0.171 -2
0.586 0.207 -0.5 0.103397 -0.24975 -0 0.242604 -0.172 -2
0.5865 0.20675 -0.5 0.103272 -0.24975 -0 0.242518 -0.173 -2
0.587 0.2065 -0.5 0.103147 -0.24975 -0 0.242431 -0.174 -2
0.5875 0.20625 -0.5 0.103022 -0.24975 -0 0.242344 -0.175 -2
0.588 0.206 -0.5 0.102897 -0.24975 -0 0.242256 -0.176 -2
0.5885 0.20575 -0.5 0.102772 -0.24975 -0 0.242168 -0.177 -2
0.589 0.2055 -0.5 0.102647 -0.24975 -0 0.242079 -0.178 -2
0.5895 0.20525 -0.5 0.102522 -0.24975 -0 0.24199 -0.179 -2
0.59 0.205 -0.5 0.102398 -0.24975 -0 0.2419 -0.18 -2
0.5905 0.20475 -0.5 0.102273 -0.24975 -0 0.24181 -0.181 -2
0.591 0.2045 -0.5 0.102148 -0.24975 -0 0.241719 -0.182 -2
0.5915 0.20425 -0.5 0.102023 -0.24975 -0 0.241628 -0.183 -2
0.592 0.204 -0.5 0.101898 -0.24975 -0 0.241536 -0.184 -2
0.5925 0.20375 -0.5 0.101773 -0.24975 -0 0.241444 -0.185 -2
0.593 0.2035 -0.5 0.101648 -0.24975 -0 0.241351 -0.186 -2
0.5935 0.20325 -0.5 0.101523 -0.24975 -0 0.241258 -0.187 -2
0.594 0.203 -0.5 0.101399 -0.24975 -0 0.241164 -0.188 -2
0.5945 0.20275 -0.5 0.101274 -0.24975 -0 0.24107 -0.189 -2
0.595 0.2025 -0.5 0.101149 -0.24975 -0 0.240975 -0.19 -2
0.5955 0.20225 -0.5 0.101024 -0.24975 -0 0.24088 -0.191 -2
0.596 0.202 -0.5 0.100899 -0.24975 -0 0.240784 -0.192 -2
0.5965 0.20175 -0.5 0.100774 -0.24975 -0 0.240688 -0.193 -2
0.597 0.2015 -0.5 0.100649 -0.24975 -0 0.240591 -0.194 -2
0.5975 0.20125 -0.5 0.100524 -0.24975 -0 0.240494 -0.195 -2
0.598 0.201 -0.5 0.1004 -0.24975 -0 0.240396 -0.196 -2
0.5985 0.20075 -0.5 0.100275 -0.24975 -0 0.240298 -0.197 -2
0.599 0.2005 -0.5 0.10015 -0.24975 -0 0.240199 -0.198 -2
0.5995 0.20025 -0.5 0.100025 -0.24975 -0 0.2401 -0.199 -2
0.6 0.2 -0.5 0.0999 -0.24975 -0 0.24 -0.2 -2
0.6005 0.19975 -0.5 0.0997751 -0.24975 -0 0.2399 -0.201 -2
0.601 0.1995 -0.5 0.0996503 -0.24975 -0 0.239799 -0.202 -2
0.6015 0.19925 -0.5 0.0995254 -0.24975 -0 0.239698 -0.203 -2
0.602 0.199 -0.5 0.0994005 -0.24975 -0 0.239596 -0.204 -2
0.6025 0.19875 -0.5 0.0992756 -0.24975 -0 0.239494 -0.205 -2
0.603 0.1985 -0.5 0.0991508 -0.24975 -0 0.239391 -0.206 -2
0.6035 0.19825 -0.5 0.0990259 -0.24975 -0 0.239288 -0.207 -2
0.604 0.198 -0.5 0.098901 -0.24975 -0 0.239184 -0.208 -2
0.6045 0.19775 -0.5 0.0987761 -0.24975 -0 0.23908 -0.209 -2
0.605 0.1975 -0.5 0.0986512 -0.24975 -0 0.238975 -0.21 -2
0.6055 0.19725 -0.5 0.0985264 -0.24975 -0 0.23887 -0.211 -2
0.606 0.197 -0.5 0.0984015 -0.24975 -0 0.238764 -0.212 -2
0.6065 0.19675 -0.5 0.0982766 -0.24975 -0 0.238658 -0.213 -2
0.607 0.1965 -0.5 0.0981518 -0.24975 -0 0.238551 -0.214 -2
0.6075 0.19625 -0.5 0.0980269 -0.24975 -0 0.238444 -0.215 -2
0.608 0.196 -0.5 0.097902 -0.24975 -0 0.238336 -0.216 -2
0.6085 0.19575 -0.5 0.0977771 -0.24975 -0 0.238228 -0.217 -2
0.609 0.1955 -0.5 0.0976523 -0.24975 -0 0.238119 -0.218 -2
0.6095 0.19525 -0.5 0.0975274 -0.24975 -0 0.23801 -0.219 -2
0.61 0.195 -0.5 0.0974025 -0.24975 -0 0.2379 -0.22 -2
0.6105 0.19475 -0.5 0.0972776 -0.24975 -0 0.23779 -0.221 -2
0.611 0.1945 -0.5 0.0971527 -0.24975 -0 0.237679 -0.222 -2
0.6115 0.19425 -0.5 0.0970279 -0.24975 -0 0.237568 -0.223 -2
0.612 0.194 -0.5 0.096903 -0.24975 -0 0.237456 -0.224 -2
0.6125 0.19375 -0.5 0.0967781 -0.24975 -0 0.237344 -0.225 -2
0.613 0.1935 -0.5 0.0966533 -0.24975 -0 0.237231 -0.226 -2
0.6135 0.19325 -0.5 0.0965284 -0.24975 -0 0.237118 -0.227 -2
0.614 0.193 -0.5 0.0964035 -0.24975 -0 0.237004 -0.228 -2
0.6145 0.19275 -0.5 0.0962786 -0.24975 -0 0.23689 -0.229 -2
0.615 0.1925 -0.5 0.0961537 -0.24975 -0 0.236775 -0.23 -2
0.6155 0.19225 -0.5 0.0960289 -0.24975 -0 0.23666 -0.231 -2
0.616 0.192 -0.5 0.095904 -0.24975 -0 0.236544 -0.232 -2
0.6165 0.19175 -0.5 0.0957791 -0.24975 -0 0.236428 -0.233 -2
0.617 0.1915 -0.5 0.0956542 -0.24975 -0 0.236311 -0.234 -2
0.6175 0.19125 -0.5 0.0955294 -0.24975 -0 0.236194 -0.235 -2
0.618 0.191 -0.5 0.0954045 -0.24975 -0 0.236076 -0.236 -2
0.6185 0.19075 -0.5 0.0952796 -0.24975 -0 0.235958 -0.237 -2
0.619 0.1905 -0.5 0.0951548 -0.24975 -0 0.235839 -0.238 -2
0.6195 0.19025 -0.5 0.0950299 -0.24975 -0 0.23572 -0.239 -2
0.62 0.19 -0.5 0.094905 -0.24975 -0 0.2356 -0.24 -2
0.6205 0.18975 -0.5 0.0947801 -0.24975 -0 0.23548 -0.241 -2
0.621 0.1895 -0.5 0.0946552 -0.24975 -0 0.235359 -0.242 -2
0.6215 0.18925 -0.5 0.0945304 -0.24975 -0 0.235238 -0.243 -2
0.622 0.189 -0.5 0.0944055 -0.24975 -0 0.235116 -0.244 -2
0.6225 0.18875 -0.5 0.0942806 -0.24975 -0 0.234994 -0.245 -2
0.623 0.1885 -0.5 0.0941557 -0.24975 -0 0.234871 -0.246 -2
0.6235 0.18825 -0.5 0.0940309 -0.24975 -0 0.234748 -0.247 -2
0.624 0.188 -0.5 0.093906 -0.24975 -0 0.234624 -0.248 -2
0.6245 0.18775 -0.5 0.0937811 -0.24975 -0 0.2345 -0.249 -2
0.625 0.1875 -0.5 0.0936562 -0.24975 -0 0.234375 -0.25 -2
0.6255 0.18725 -0.5 0.0935314 -0.24975 -0 0.23425 -0.251 -2
0.626 0.187 -0.5 0.0934065 -0.24975 -0 0.234124 -0.252 -2
0.6265 0.18675 -0.5 0.0932816 -0.24975 -0 0.233998 -0.253 -2
0.627 0.1865 -0.5 0.0931568 -0.24975 -0 0.233871 -0.254 -2
0.6275 0.18625 -0.5 0.0930319 -0.24975 -0 0.233744 -0.255 -2
0.628 0.186 -0.5 0.092907 -0.24975 -0 0.233616 -0.256 -2
0.6285 0.18575 -0.5 0.0927821 -0.24975 -0 0.233488 -0.257 -2
0.629 0.1855 -0.5 0.0926572 -0.24975 -0 0.233359 -0.258 -2
0.6295 0.18525 -0.5 0.0925324 -0.24975 -0 0.23323 -0.259 -2
0.63 0.185 -0.5 0.0924075 -0.24975 -0 0.2331 -0.26 -2
0.6305 0.18475 -0.5 0.0922826 -0.24975 -0 0.23297 -0.261 -2
0.631 0.1845 -0.5 0.0921577 -0.24975 -0 0.232839 -0.262 -2
0.6315 0.18425 -0.5 0.0920329 -0.24975 -0 0.232708 -0.263 -2
0.632 0.184 -0.5 0.091908 -0.24975 -0 0.232576 -0.264 -2
0.6325 0.18375 -0.5 0.0917831 -0.24975 -0 0.232444 -0.265 -2
0.633 0.1835 -0.5 0.0916582 -0.24975 -0 0.232311 -0.266 -2
0.6335 0.18325 -0.5 0.0915334 -0.24975 -0 0.232178 -0.267 -2
0.634 0.183 -0.5 0.0914085 -0.24975 -0 0.232044 -0.268 -2
0.6345 0.18275 -0.5 0.0912836 -0.24975 -0 0.23191 -0.269 -2
0.635 0.1825 -0.5 0.0911587 -0.24975 -0 0.231775 -0.27 -2
0.6355 0.18225 -0.5 0.0910339 -0.24975 -0 0.23164 -0.271 -2
0.636 0.182 -0.5 0.090909 -0.24975 -0 0.231504 -0.272 -2
0.6365 0.18175 -0.5 0.0907841 -0.24975 -0 0.231368 -0.273 -2
0.637 0.1815 -0.5 0.0906592 -0.24975 -0 0.231231 -0.274 -2
0.6375 0.18125 -0.5 0.0905344 -0.24975 -0 0.231094 -0.275 -2
0.638 0.181 -0.5 0.0904095 -0.24975 -0 0.230956 -0.276 -2
0.6385 0.18075 -0.5 0.0902846 -0.24975 -0 0.230818 -0.277 -2
0.639 0.1805 -0.5 0.0901598 -0.24975 -0 0.230679 -0.278 -2
0.6395 0.18025 -0.5 0.0900349 -0.24975 -0 0.23054 -0.279 -2
0.64 0.18 -0.5 0.08991 -0.24975 -0 0.2304 -0.28 -2
0.6405 0.17975 -0.5 0.0897851 -0.24975 -0 0.23026 -0.281 -2
0.641 0.1795 -0.5 0.0896602 -0.24975 -0 0.230119 -0.282 -2
0.6415 0.17925 -0.5 0.0895354 -0.24975 -0 0.229978 -0.283 -2
0.642 0.179 -0.5 0.0894105 -0.24975 -0 0.229836 -0.284 -2
0.6425 0.17875 -0.5 0.0892856 -0.24975 -0 0.229694 -0.285 -2
0.643 0.1785 -0.5 0.0891607 -0.24975 -0 0.229551 -0.286 -2
0.6435 0.17825 -0.5 0.0890359 -0.24975 -0 0.229408 -0.287 -2
0.644 0.178 -0.5 0.088911 -0.24975 -0 0.229264 -0.288 -2
0.6445 0.17775 -0.5 0.0887861 -0.24975 -0 0.22912 -0.289 -2
0.645 0.1775 -0.5 0.0886612 -0.24975 -0 0.228975 -0.29 -2
0.6455 0.17725 -0.5 0.0885364 -0.24975 -0 0.22883 -0.291 -2
0.646 0.177 -0.5 0.0884115 -0.24975 -0 0.228684 -0.292 -2
0.6465 0.17675 -0.5 0.0882866 -0.24975 -0 0.228538 -0.293 -2
0.647 0.1765 -0.5 0.0881617 -0.24975 -0 0.228391 -0.294 -2
0.6475 0.17625 -0.5 0.0880369 -0.24975 -0 0.228244 -0.295 -2
0.648 0.176 -0.5 0.087912 -0.24975 -0 0.228096 -0.296 -2
0.6485 0.17575 -0.5 0.0877871 -0.24975 -0 0.227948 -0.297 -2
0.649 0.1755 -0.5 0.0876622 -0.24975 -0 0.227799 -0.298 -2
0.6495 0.17525 -0.5 0.0875374 -0.24975 -0 0.22765 -0.299 -2
0.65 0.175 -0.5 0.0874125 -0.24975 -0 0.2275 -0.3 -2
0.6505 0.17475 -0.5 0.0872876 -0.24975 -0 0.22735 -0.301 -2
0.651 0.1745 -0.5 0.0871627 -0.24975 -0 0.227199 -0.302 -2
0.6515 0.17425 -0.5 0.0870379 -0.24975 -0 0.227048 -0.303 -2
0.652 0.174 -0.5 0.086913 -0.24975 -0 0.226896 -0.304 -2
0.6525 0.17375 -0.5 0.0867881 -0.24975 -0 0.226744 -0.305 -2
0.653 0.1735 -0.5 0.0866632 -0.24975 -0 0.226591 -0.306 -2
0.6535 0.17325 -0.5 0.0865384 -0.24975 -0 0.226438 -0.307 -2
0.654 0.173 -0.5 0.0864135 -0.24975 -0 0.226284 -0.308 -2
0.6545 0.17275 -0.5 0.0862886 -0.24975 -0 0.22613 -0.309 -2
0.655 0.1725 -0.5 0.0861637 -0.24975 -0 0.225975 -0.31 -2
0.6555 0.17225 -0.5 0.0860389 -0.24975 -0 0.22582 -0.311 -2
0.656 0.172 -0.5 0.085914 -0.24975 -0 0.225664 -0.312 -2
0.6565 0.17175 -0.5 0.0857891 -0.24975 -0 0.225508 -0.313 -2
0.657 0.1715 -0.5 0.0856642 -0.24975 -0 0.225351 -0.314 -2
0.6575 0.17125 -0.5 0.0855394 -0.24975 -0 0.225194 -0.315 -2
0.658 0.171 -0.5 0.0854145 -0.24975 -0 0.225036 -0.316 -2
0.6585 0.17075 -0.5 0.0852896 -0.24975 -0 0.224878 -0.317 -2
0.659 0.1705 -0.5 0.0851647 -0.24975 -0 0.224719 -0.318 -2
0.6595 0.17025 -0.5 0.0850399 -0.24975 -0 0.22456 -0.319 -2
0.66 0.17 -0.5 0.084915 -0.24975 -0 0.2244 -0.32 -2
0.6605 0.16975 -0.5 0.0847901 -0.24975 -0 0.22424 -0.321 -2
0.661 0.1695 -0.5 0.0846652 -0.24975 -0 0.224079 -0.322 -2
0.6615 0.16925 -0.5 0.0845404 -0.24975 -0 0.223918 -0.323 -2
0.662 0.169 -0.5 0.0844155 -0.24975 -0 0.223756 -0.324 -2
0.6625 0.16875 -0.5 0.0842906 -0.24975 -0 0.223594 -0.325 -2
0.663 0.1685 -0.5 0.0841657 -0.24975 -0 0.223431 -0.326 -2
0.6635 0.16825 -0.5 0.0840409 -0.24975 -0 0.223268 -0.327 -2
0.664 0.168 -0.5 0.083916 -0.24975 -0 0.223104 -0.328 -2
0.6645 0.16775 -0.5 0.0837911 -0.24975 -0 0.22294 -0.329 -2
0.665 0.1675 -0.5 0.0836662 -0.24975 -0 0.222775 -0.33 -2
0.6655 0.16725 -0.5 0.0835414 -0.24975 -0 0.22261 -0.331 -2
0.666 0.167 -0.5 0.0834165 -0.24975 -0 0.222444 -0.332 -2
0.6665 0.16675 -0.5 0.0832916 -0.24975 -0 0.222278 -0.333 -2
0.667 0.1665 -0.5 0.0831667 -0.24975 -0 0.222111 -0.334 -2
0.6675 0.16625 -0.5 0.0830419 -0.24975 -0 0.221944 -0.335 -2
0.668 0.166 -0.5 0.082917 -0.24975 -0 0.221776 -0.336 -2
0.6685 0.16575 -0.5 0.0827921 -0.24975 -0 0.221608 -0.337 -2
0.669 0.1655 -0.5 0.0826672 -0.24975 -0 0.221439 -0.338 -2
0.6695 0.16525 -0.5 0.0825424 -0.24975 -0 0.22127 -0.339 -2
0.67 0.165 -0.5 0.0824175 -0.24975 -0 0.2211 -0.34 -2
0.6705 0.16475 -0.5 0.0822926 -0.24975 -0 0.22093 -0.341 -2
0.671 0.1645 -0.5 0.0821677 -0.24975 -0 0.220759 -0.342 -2
0.6715 0.16425 -0.5 0.0820429 -0.24975 -0 0.220588 -0.343 -2
0.672 0.164 -0.5 0.081918 -0.24975 -0 0.220416 -0.344 -2
0.6725 0.16375 -0.5 0.0817931 -0.24975 -0 0.220244 -0.345 -2
0.673 0.1635 -0.5 0.0816682 -0.24975 -0 0.220071 -0.346 -2
0.6735 0.16325 -0.5 0.0815434 -0.24975 -0 0.219898 -0.347 -2
0.674 0.163 -0.5 0.0814185 -0.24975 -0 0.219724 -0.348 -2
0.6745 0.16275 -0.5 0.0812936 -0.24975 -0 0.21955 -0.349 -2
0.675 0.1625 -0.5 0.0811687 -0.24975 -0 0.219375 -0.35 -2
0.6755 0.16225 -0.5 0.0810439 -0.24975 -0 0.2192 -0.351 -2
0.676 0.162 -0.5 0.080919 -0.24975 -0 0.219024 -0.352 -2
0.6765 0.16175 -0.5 0.0807941 -0.24975 -0 0.218848 -0.353 -2
0.677 0.1615 -0.5 0.0806692 -0.24975 -0 0.218671 -0.354 -2
0.6775 0.16125 -0.5 0.0805444 -0.24975 -0 0.218494 -0.355 -2
0.678 0.161 -0.5 0.0804195 -0.24975 -0 0.218316 -0.356 -2
0.6785 0.16075 -0.5 0.0802946 -0.24975 -0 0.218138 -0.357 -2
0.679 0.1605 -0.5 0.0801697 -0.24975 -0 0.217959 -0.358 -2
0.6795 0.16025 -0.5 0.0800449 -0.24975 -0 0.21778 -0.359 -2
0.68 0.16 -0.5 0.07992 -0.24975 -0 0.2176 -0.36 -2
0.6805 0.15975 -0.5 0.0797951 -0.24975 -0 0.21742 -0.361 -2
0.681 0.1595 -0.5 0.0796702 -0.24975 -0 0.217239 -0.362 -2
0.6815 0.15925 -0.5 0.0795454 -0.24975 -0 0.217058 -0.363 -2
0.682 0.159 -0.5 0.0794205 -0.24975 -0 0.216876 -0.364 -2
0.6825 0.15875 -0.5 0.0792956 -0.24975 -0 0.216694 -0.365 -2
0.683 0.1585 -0.5 0.0791707 -0.24975 -0 0.216511 -0.366 -2
0.6835 0.15825 -0.5 0.0790459 -0.24975 -0 0.216328 -0.367 -2
0.684 0.158 -0.5 0.078921 -0.24975 -0 0.216144 -0.368 -2
0.6845 0.15775 -0.5 0.0787961 -0.24975 -0 0.21596 -0.369 -2
0.685 0.1575 -0.5 0.0786712 -0.24975 -0 0.215775 -0.37 -2
0.6855 0.15725 -0.5 0.0785464 -0.24975 -0 0.21559 -0.371 -2
0.686 0.157 -0.5 0.0784215 -0.24975 -0 0.215404 -0.372 -2
0.6865 0.15675 -0.5 0.0782966 -0.24975 -0 0.215218 -0.373 -2
0.687 0.1565 -0.5 0.0781717 -0.24975 -0 0.215031 -0.374 -2
0.6875 0.15625 -0.5 0.0780469 -0.24975 -0 0.214844 -0.375 -2
0.688 0.156 -0.5 0.077922 -0.24975 -0 0.214656 -0.376 -2
0.6885 0.15575 -0.5 0.0777971 -0.24975 -0 0.214468 -0.377 -2
0.689 0.1555 -0.5 0.0776722 -0.24975 -0 0.214279 -0.378 -2
0.6895 0.15525 -0.5 0.0775474 -0.24975 -0 0.21409 -0.379 -2
0.69 0.155 -0.5 0.0774225 -0.24975 -0 0.2139 -0.38 -2
0.6905 0.15475 -0.5 0.0772976 -0.24975 -0 0.21371 -0.381 -2
0.691 0.1545 -0.5 0.0771727 -0.24975 -0 0.213519 -0.382 -2
0.6915 0.15425 -0.5 0.0770479 -0.24975 -0 0.213328 -0.383 -2
0.692 0.154 -0.5 0.076923 -0.24975 -0 0.213136 -0.384 -2
0.6925 0.15375 -0.5 0.0767981 -0.24975 -0 0.212944 -0.385 -2
0.693 0.1535 -0.5 0.0766732 -0.24975 -0 0.212751 -0.386 -2
0.6935 0.15325 -0.5 0.0765484 -0.24975 -0 0.212558 -0.387 -2
0.694 0.153 -0.5 0.0764235 -0.24975 -0 0.212364 -0.388 -2
0.6945 0.15275 -0.5 0.0762986 -0.24975 -0 0.21217 -0.389 -2
0.695 0.1525 -0.5 0.0761737 -0.24975 -0 0.211975 -0.39 -2
0.6955 0.15225 -0.5 0.0760489 -0.24975 -0 0.21178 -0.391 -2
0.696 0.152 -0.5 0.075924 -0.24975 -0 0.211584 -0.392 -2
0.6965 0.15175 -0.5 0.0757991 -0.24975 -0 0.211388 -0.393 -2
0.697 0.1515 -0.5 0.0756742 -0.24975 -0 0.211191 -0.394 -2
0.6975 0.15125 -0.5 0.0755494 -0.24975 -0 0.210994 -0.395 -2
0.698 0.151 -0.5 0.0754245 -0.24975 -0 0.210796 -0.396 -2
0.6985 0.15075 -0.5 0.0752996 -0.24975 -0 0.210598 -0.397 -2
0.699 0.1505 -0.5 0.0751747 -0.24975 -0 0.210399 -0.398 -2
0.6995 0.15025 -0.5 0.0750499 -0.24975 -0 0.2102 -0.399 -2
0.7 0.15 -0.5 0.074925 -0.24975 -0 0.21 -0.4 -2
0.7005 0.14975 -0.5 0.0748001 -0.24975 -0 0.2098 -0.401 -2
0.701 0.1495 -0.5 0.0746752 -0.24975 -0 0.209599 -0.402 -2
0.7015 0.14925 -0.5 0.0745504 -0.24975 -0 0.209398 -0.403 -2
0.702 0.149 -0.5 0.0744255 -0.24975 -0 0.209196 -0.404 -2
0.7025 0.14875 -0.5 0.0743006 -0.24975 -0 0.208994 -0.405 -2
0.703 0.1485 -0.5 0.0741757 -0.24975 -0 0.208791 -0.406 -2
0.7035 0.14825 -0.5 0.0740509 -0.24975 -0 0.208588 -0.407 -2
0.704 0.148 -0.5 0.073926 -0.24975 -0 0.208384 -0.408 -2
0.7045 0.14775 -0.5 0.0738011 -0.24975 -0 0.20818 -0.409 -2
0.705 0.1475 -0.5 0.0736762 -0.24975 -0 0.207975 -0.41 -2
0.7055 0.14725 -0.5 0.0735514 -0.24975 -0 0.20777 -0.411 -2
0.706 0.147 -0.5 0.0734265 -0.24975 -0 0.207564 -0.412 -2
0.7065 0.14675 -0.5 0.0733016 -0.24975 -0 0.207358 -0.413 -2
0.707 0.1465 -0.5 0.0731768 -0.24975 -0 0.207151 -0.414 -2
0.7075 0.14625 -0.5 0.0730519 -0.24975 -0 0.206944 -0.415 -2
0.708 0.146 -0.5 0.072927 -0.24975 -0 0.206736 -0.416 -2
0.7085 0.14575 -0.5 0.0728021 -0.24975 -0 0.206528 -0.417 -2
0.709 0.1455 -0.5 0.0726772 -0.24975 -0 0.206319 -0.418 -2
0.7095 0.14525 -0.5 0.0725524 -0.24975 -0 0.20611 -0.419 -2
0.71 0.145 -0.5 0.0724275 -0.24975 -0 0.2059 -0.42 -2
0.7105 0.14475 -0.5 0.0723026 -0.24975 -0 0.20569 -0.421 -2
0.711 0.1445 -0.5 0.0721778 -0.24975 -0 0.205479 -0.422 -2
0.7115 0.14425 -0.5 0.0720529 -0.24975 -0 0.205268 -0.423 -2
0.712 0.144 -0.5 0.071928 -0.24975 -0 0.205056 -0.424 -2
0.7125 0.14375 -0.5 0.0718031 -0.24975 -0 0.204844 -0.425 -2
0.713 0.1435 -0.5 0.0716783 -0.24975 -0 0.204631 -0.426 -2
0.7135 0.14325 -0.5 0.0715534 -0.24975 -0 0.204418 -0.427 -2
0.714 0.143 -0.5 0.0714285 -0.24975 -0 0.204204 -0.428 -2
0.7145 0.14275 -0.5 0.0713036 -0.24975 -0 0.20399 -0.429 -2
0.715 0.1425 -0.5 0.0711788 -0.24975 -0 0.203775 -0.43 -2
0.7155 0.14225 -0.5 0.0710539 -0.24975 -0 0.20356 -0.431 -2
0.716 0.142 -0.5 0.070929 -0.24975 -0 0.203344 -0.432 -2
0.7165 0.14175 -0.5 0.0708041 -0.24975 -0 0.203128 -0.433 -2
0.717 0.1415 -0.5 0.0706793 -0.24975 -0 0.202911 -0.434 -2
0.7175 0.14125 -0.5 0.0705544 -0.24975 -0 0.202694 -0.435 -2
0.718 0.141 -0.5 0.0704295 -0.24975 -0 0.202476 -0.436 -2
0.7185 0.14075 -0.5 0.0703046 -0.24975 -0 0.202258 -0.437 -2
0.719 0.1405 -0.5 0.0701798 -0.24975 -0 0.202039 -0.438 -2
0.7195 0.14025 -0.5 0.0700549 -0.24975 -0 0.20182 -0.439 -2
0.72 0.14 -0.5 0.06993 -0.24975 -0 0.2016 -0.44 -2
0.7205 0.13975 -0.5 0.0698051 -0.24975 -0 0.20138 -0.441 -2
0.721 0.1395 -0.5 0.0696802 -0.24975 -0 0.201159 -0.442 -2
0.7215 0.13925 -0.5 0.0695554 -0.24975 -0 0.200938 -0.443 -2
0.722 0.139 -0.5 0.0694305 -0.24975 -0 0.200716 -0.444 -2
0.7225 0.13875 -0.5 0.0693056 -0.24975 -0 0.200494 -0.445 -2
0.723 0.1385 -0.5 0.0691808 -0.24975 -0 0.200271 -0.446 -2
0.7235 0.13825 -0.5 0.0690559 -0.24975 -0 0.200048 -0.447 -2
0.724 0.138 -0.5 0.068931 -0.24975 -0 0.199824 -0.448 -2
0.7245 0.13775 -0.5 0.0688061 -0.24975 -0 0.1996 -0.449 -2
0.725 0.1375 -0.5 0.0686812 -0.24975 -0 0.199375 -0.45 -2
0.7255 0.13725 -0.5 0.0685564 -0.24975 -0 0.19915 -0.451 -2
0.726 0.137 -0.5 0.0684315 -0.24975 -0 0.198924 -0.452 -2
0.7265 0.13675 -0.5 0.0683066 -0.24975 -0 0.198698 -0.453 -2
0.727 0.1365 -0.5 0.0681818 -0.24975 -0 0.198471 -0.454 -2
0.7275 0.13625 -0.5 0.0680569 -0.24975 -0 0.198244 -0.455 -2
0.728 0.136 -0.5 0.067932 -0.24975 -0 0.198016 -0.456 -2
0.7285 0.13575 -0.5 0.0678071 -0.24975 -0 0.197788 -0.457 -2
0.729 0.1355 -0.5 0.0676822 -0.24975 -0 0.197559 -0.458 -2
0.7295 0.13525 -0.5 0.0675574 -0.24975 -0 0.19733 -0.459 -2
0.73 0.135 -0.5 0.0674325 -0.24975 -0 0.1971 -0.46 -2
0.7305 0.13475 -0.5 0.0673076 -0.24975 -0 0.19687 -0.461 -2
0.731 0.1345 -0.5 0.0671827 -0.24975 -0 0.196639 -0.462 -2
0.7315 0.13425 -0.5 0.0670579 -0.24975 -0 0.196408 -0.463 -2
0.732 0.134 -0.5 0.066933 -0.24975 -0 0.196176 -0.464 -2
0.7325 0.13375 -0.5 0.0668081 -0.24975 -0 0.195944 -0.465 -2
0.733 0.1335 -0.5 0.0666832 -0.24975 -0 0.195711 -0.466 -2
0.7335 0.13325 -0.5 0.0665584 -0.24975 -0 0.195478 -0.467 -2
0.734 0.133 -0.5 0.0664335 -0.24975 -0 0.195244 -0.468 -2
0.7345 0.13275 -0.5 0.0663086 -0.24975 -0 0.19501 -0.469 -2
0.735 0.1325 -0.5 0.0661838 -0.24975 -0 0.194775 -0.47 -2
0.7355 0.13225 -0.5 0.0660589 -0.24975 -0 0.19454 -0.471 -2
0.736 0.132 -0.5 0.065934 -0.24975 -0 0.194304 -0.472 -2
0.7365 0.13175 -0.5 0.0658091 -0.24975 -0 0.194068 -0.473 -2
0.737 0.1315 -0.5 0.0656842 -0.24975 -0 0.193831 -0.474 -2
0.7375 0.13125 -0.5 0.0655594 -0.24975 -0 0.193594 -0.475 -2
0.738 0.131 -0.5 0.0654345 -0.24975 -0 0.193356 -0.476 -2
0.7385 0.13075 -0.5 0.0653096 -0.24975 -0 0.193118 -0.477 -2
0.739 0.1305 -0.5 0.0651847 -0.24975 -0 0.192879 -0.478 -2
0.7395 0.13025 -0.5 0.0650599 -0.24975 -0 0.19264 -0.479 -2
0.74 0.13 -0.5 0.064935 -0.24975 -0 0.1924 -0.48 -2
0.7405 0.12975 -0.5 0.0648101 -0.24975 -0 0.19216 -0.481 -2
0.741 0.1295 -0.5 0.0646852 -0.24975 -0 0.191919 -0.482 -2
0.7415 0.12925 -0.5 0.0645604 -0.24975 -0 0.191678 -0.483 -2
0.742 0.129 -0.5 0.0644355 -0.24975 -0 0.191436 -0.484 -2
0.7425 0.12875 -0.5 0.0643106 -0.24975 -0 0.191194 -0.485 -2
0.743 0.1285 -0.5 0.0641857 -0.24975 -0 0.190951 -0.486 -2
0.7435 0.12825 -0.5 0.0640609 -0.24975 -0 0.190708 -0.487 -2
0.744 0.128 -0.5 0.063936 -0.24975 -0 0.190464 -0.488 -2
0.7445 0.12775 -0.5 0.0638111 -0.24975 -0 0.19022 -0.489 -2
0.745 0.1275 -0.5 0.0636862 -0.24975 -0 0.189975 -0.49 -2
0.7455 0.12725 -0.5 0.0635614 -0.24975 -0 0.18973 -0.491 -2
0.746 0.127 -0.5 0.0634365 -0.24975 -0 0.189484 -0.492 -2
0.7465 0.12675 -0.5 0.0633116 -0.24975 -0 0.189238 -0.493 -2
0.747 0.1265 -0.5 0.0631867 -0.24975 -0 0.188991 -0.494 -2
0.7475 0.12625 -0.5 0.0630619 -0.24975 -0 0.188744 -0.495 -2
0.748 0.126 -0.5 0.062937 -0.24975 -0 0.188496 -0.496 -2
0.7485 0.12575 -0.5 0.0628121 -0.24975 -0 0.188248 -0.497 -2
0.749 0.1255 -0.5 0.0626872 -0.24975 -0 0.187999 -0.498 -2
0.7495 0.12525 -0.5 0.0625624 -0.24975 -0 0.18775 -0.499 -2
0.75 0.125 -0.5 0.0624375 -0.24975 -0 0.1875 -0.5 -2
0.7505 0.12475 -0.5 0.0623126 -0.24975 -0 0.18725 -0.501 -2
0.751 0.1245 -0.5 0.0621877 -0.24975 -0 0.186999 -0.502 -2
0.7515 0.12425 -0.5 0.0620629 -0.24975 -0 0.186748 -0.503 -2
0.752 0.124 -0.5 0.061938 -0.24975 -0 0.186496 -0.504 -2
0.7525 0.12375 -0.5 0.0618131 -0.24975 -0 0.186244 -0.505 -2
0.753 0.1235 -0.5 0.0616883 -0.24975 -0 0.185991 -0.506 -2
0.7535 0.12325 -0.5 0.0615634 -0.24975 -0 0.185738 -0.507 -2
0.754 0.123 -0.5 0.0614385 -0.24975 -0 0.185484 -0.508 -2
0.7545 0.12275 -0.5 0.0613136 -0.24975 -0 0.18523 -0.509 -2
0.755 0.1225 -0.5 0.0611888 -0.24975 -0 0.184975 -0.51 -2
0.7555 0.12225 -0.5 0.0610639 -0.24975 -0 0.18472 -0.511 -2
0.756 0.122 -0.5 0.060939 -0.24975 -0 0.184464 -0.512 -2
0.7565 0.12175 -0.5 0.0608141 -0.24975 -0 0.184208 -0.513 -2
0.757 0.1215 -0.5 0.0606893 -0.24975 -0 0.183951 -0.514 -2
0.7575 0.12125 -0.5 0.0605644 -0.24975 -0 0.183694 -0.515 -2
0.758 0.121 -0.5 0.0604395 -0.24975 -0 0.183436 -0.516 -2
0.7585 0.12075 -0.5 0.0603146 -0.24975 -0 0.183178 -0.517 -2
0.759 0.1205 -0.5 0.0601897 -0.24975 -0 0.182919 -0.518 -2
0.7595 0.12025 -0.5 0.0600649 -0.24975 -0 0.18266 -0.519 -2
0.76 0.12 -0.5 0.05994 -0.24975 -0 0.1824 -0.52 -2
0.7605 0.11975 -0.5 0.0598151 -0.24975 -0 0.18214 -0.521 -2
0.761 0.1195 -0.5 0.0596903 -0.24975 -0 0.181879 -0.522 -2
0.7615 0.11925 -0.5 0.0595654 -0.24975 -0 0.181618 -0.523 -2
0.762 0.119 -0.5 0.0594405 -0.24975 -0 0.181356 -0.524 -2
0.7625 0.11875 -0.5 0.0593156 -0.24975 -0 0.181094 -0.525 -2
0.763 0.1185 -0.5 0.0591907 -0.24975 -0 0.180831 -0.526 -2
0.7635 0.11825 -0.5 0.0590659 -0.24975 -0 0.180568 -0.527 -2
0.764 0.118 -0.5 0.058941 -0.24975 -0 0.180304 -0.528 -2
0.7645 0.11775 -0.5 0.0588161 -0.24975 -0 0.18004 -0.529 -2
0.765 0.1175 -0.5 0.0586913 -0.24975 -0 0.179775 -0.53 -2
0.7655 0.11725 -0.5 0.0585664 -0.24975 -0 0.17951 -0.531 -2
0.766 0.117 -0.5 0.0584415 -0.24975 -0 0.179244 -0.532 -2
0.7665 0.11675 -0.5 0.0583166 -0.24975 -0 0.178978 -0.533 -2
0.767 0.1165 -0.5 0.0581917 -0.24975 -0 0.178711 -0.534 -2
0.7675 0.11625 -0.5 0.0580669 -0.24975 -0 0.178444 -0.535 -2
0.768 0.116 -0.5 0.057942 -0.24975 -0 0.178176 -0.536 -2
0.7685 0.11575 -0.5 0.0578171 -0.24975 -0 0.177908 -0.537 -2
0.769 0.1155 -0.5 0.0576922 -0.24975 -0 0.177639 -0.538 -2
0.7695 0.11525 -0.5 0.0575674 -0.24975 -0 0.17737 -0.539 -2
0.77 0.115 -0.5 0.0574425 -0.24975 -0 0.1771 -0.54 -2
0.7705 0.11475 -0.5 0.0573176 -0.24975 -0 0.17683 -0.541 -2
0.771 0.1145 -0.5 0.0571928 -0.24975 -0 0.176559 -0.542 -2
0.7715 0.11425 -0.5 0.0570679 -0.24975 -0 0.176288 -0.543 -2
0.772 0.114 -0.5 0.056943 -0.24975 -0 0.176016 -0.544 -2
0.7725 0.11375 -0.5 0.0568181 -0.24975 -0 0.175744 -0.545 -2
0.773 0.1135 -0.5 0.0566933 -0.24975 -0 0.175471 -0.546 -2
0.7735 0.11325 -0.5 0.0565684 -0.24975 -0 0.175198 -0.547 -2
0.774 0.113 -0.5 0.0564435 -0.24975 -0 0.174924 -0.548 -2
0.7745 0.11275 -0.5 0.0563186 -0.24975 -0 0.17465 -0.549 -2
0.775 0.1125 -0.5 0.0561938 -0.24975 -0 0.174375 -0.55 -2
0.7755 0.11225 -0.5 0.0560689 -0.24975 -0 0.1741 -0.551 -2
0.776 0.112 -0.5 0.055944 -0.24975 -0 0.173824 -0.552 -2
0.7765 0.11175 -0.5 0.0558191 -0.24975 -0 0.173548 -0.553 -2
0.777 0.1115 -0.5 0.0556942 -0.24975 -0 0.173271 -0.554 -2
0.7775 0.11125 -0.5 0.0555694 -0.24975 -0 0.172994 -0.555 -2
0.778 0.111 -0.5 0.0554445 -0.24975 -0 0.172716 -0.556 -2
0.7785 0.11075 -0.5 0.0553196 -0.24975 -0 0.172438 -0.557 -2
0.779 0.1105 -0.5 0.0551947 -0.24975 -0 0.172159 -0.558 -2
0.7795 0.11025 -0.5 0.0550699 -0.24975 -0 0.17188 -0.559 -2
0.78 0.11 -0.5 0.054945 -0.24975 -0 0.1716 -0.56 -2
0.7805 0.10975 -0.5 0.0548201 -0.24975 -0 0.17132 -0.561 -2
0.781 0.1095 -0.5 0.0546952 -0.24975 -0 0.171039 -0.562 -2
0.7815 0.10925 -0.5 0.0545704 -0.24975 -0 0.170758 -0.563 -2
0.782 0.109 -0.5 0.0544455 -0.24975 -0 0.170476 -0.564 -2
0.7825 0.10875 -0.5 0.0543206 -0.24975 -0 0.170194 -0.565 -2
0.783 0.1085 -0.5 0.0541957 -0.24975 -0 0.169911 -0.566 -2
0.7835 0.10825 -0.5 0.0540709 -0.24975 -0 0.169628 -0.567 -2
0.784 0.108 -0.5 0.053946 -0.24975 -0 0.169344 -0.568 -2
0.7845 0.10775 -0.5 0.0538211 -0.24975 -0 0.16906 -0.569 -2
0.785 0.1075 -0.5 0.0536962 -0.24975 -0 0.168775 -0.57 -2
0.7855 0.10725 -0.5 0.0535714 -0.24975 -0 0.16849 -0.571 -2
0.786 0.107 -0.5 0.0534465 -0.24975 -0 0.168204 -0.572 -2
0.7865 0.10675 -0.5 0.0533216 -0.24975 -0 0.167918 -0.573 -2
0.787 0.1065 -0.5 0.0531967 -0.24975 -0 0.167631 -0.574 -2
0.7875 0.10625 -0.5 0.0530719 -0.24975 -0 0.167344 -0.575 -2
0.788 0.106 -0.5 0.052947 -0.24975 -0 0.167056 -0.576 -2
0.7885 0.10575 -0.5 0.0528221 -0.24975 -0 0.166768 -0.577 -2
0.789 0.1055 -0.5 0.0526972 -0.24975 -0 0.166479 -0.578 -2
0.7895 0.10525 -0.5 0.0525724 -0.24975 -0 0.16619 -0.579 -2
0.79 0.105 -0.5 0.0524475 -0.24975 -0 0.1659 -0.58 -2
0.7905 0.10475 -0.5 0.0523226 -0.24975 -0 0.16561 -0.581 -2
0.791 0.1045 -0.5 0.0521977 -0.24975 -0 0.165319 -0.582 -2
0.7915 0.10425 -0.5 0.0520729 -0.24975 -0 0.165028 -0.583 -2
0.792 0.104 -0.5 0.051948 -0.24975 -0 0.164736 -0.584 -2
0.7925 0.10375 -0.5 0.0518231 -0.24975 -0 0.164444 -0.585 -2
0.793 0.1035 -0.5 0.0516982 -0.24975 -0 0.164151 -0.586 -2
0.7935 0.10325 -0.5 0.0515734 -0.24975 -0 0.163858 -0.587 -2
0.794 0.103 -0.5 0.0514485 -0.24975 -0 0.163564 -0.588 -2
0.7945 0.10275 -0.5 0.0513236 -0.24975 -0 0.16327 -0.589 -2
0.795 0.1025 -0.5 0.0511987 -0.24975 -0 0.162975 -0.59 -2
0.7955 0.10225 -0.5 0.0510739 -0.24975 -0 0.16268 -0.591 -2
0.796 0.102 -0.5 0.050949 -0.24975 -0 0.162384 -0.592 -2
0.7965 0.10175 -0.5 0.0508241 -0.24975 -0 0.162088 -0.593 -2
0.797 0.1015 -0.5 0.0506992 -0.24975 -0 0.161791 -0.594 -2
0.7975 0.10125 -0.5 0.0505744 -0.24975 -0 0.161494 -0.595 -2
0.798 0.101 -0.5 0.0504495 -0.24975 -0 0.161196 -0.596 -2
0.7985 0.10075 -0.5 0.0503246 -0.24975 -0 0.160898 -0.597 -2
0.799 0.1005 -0.5 0.0501997 -0.24975 -0 0.160599 -0.598 -2
0.7995 0.10025 -0.5 0.0500749 -0.24975 -0 0.1603 -0.599 -2
0.8 0.1 -0.5 0.04995 -0.24975 -0 0.16 -0.6 -2
0.8005 0.09975 -0.5 0.0498251 -0.24975 -0 0.1597 -0.601 -2
0.801 0.0995 -0.5 0.0497002 -0.24975 -0 0.159399 -0.602 -2
0.8015 0.09925 -0.5 0.0495754 -0.24975 -0 0.159098 -0.603 -2
0.802 0.099 -0.5 0.0494505 -0.24975 -0 0.158796 -0.604 -2
0.8025 0.09875 -0.5 0.0493256 -0.24975 -0 0.158494 -0.605 -2
0.803 0.0985 -0.5 0.0492007 -0.24975 -0 0.158191 -0.606 -2
0.8035 0.09825 -0.5 0.0490759 -0.24975 -0 0.157888 -0.607 -2
0.804 0.098 -0.5 0.048951 -0.24975 -0 0.157584 -0.608 -2
0.8045 0.09775 -0.5 0.0488261 -0.24975 -0 0.15728 -0.609 -2
0.805 0.0975 -0.5 0.0487012 -0.24975 -0 0.156975 -0.61 -2
0.8055 0.09725 -0.5 0.0485764 -0.24975 -0 0.15667 -0.611 -2
0.806 0.097 -0.5 0.0484515 -0.24975 -0 0.156364 -0.612 -2
0.8065 0.09675 -0.5 0.0483266 -0.24975 -0 0.156058 -0.613 -2
0.807 0.0965 -0.5 0.0482017 -0.24975 -0 0.155751 -0.614 -2
0.8075 0.09625 -0.5 0.0480769 -0.24975 -0 0.155444 -0.615 -2
0.808 0.096 -0.5 0.047952 -0.24975 -0 0.155136 -0.616 -2
0.8085 0.09575 -0.5 0.0478271 -0.24975 -0 0.154828 -0.617 -2
0.809 0.0955 -0.5 0.0477022 -0.24975 -0 0.154519 -0.618 -2
0.8095 0.09525 -0.5 0.0475774 -0.24975 -0 0.15421 -0.619 -2
0.81 0.095 -0.5 0.0474525 -0.24975 -0 0.1539 -0.62 -2
0.8105 0.09475 -0.5 0.0473276 -0.24975 -0 0.15359 -0.621 -2
0.811 0.0945 -0.5 0.0472027 -0.24975 -0 0.153279 -0.622 -2
0.8115 0.09425 -0.5 0.0470779 -0.24975 -0 0.152968 -0.623 -2
0.812 0.094 -0.5 0.046953 -0.24975 -0 0.152656 -0.624 -2
0.8125 0.09375 -0.5 0.0468281 -0.24975 -0 0.152344 -0.625 -2
0.813 0.0935 -0.5 0.0467032 -0.24975 -0 0.152031 -0.626 -2
0.8135 0.09325 -0.5 0.0465784 -0.24975 -0 0.151718 -0.627 -2
0.814 0.093 -0.5 0.0464535 -0.24975 -0 0.151404 -0.628 -2
0.8145 0.09275 -0.5 0.0463286 -0.24975 -0 0.15109 -0.629 -2
0.815 0.0925 -0.5 0.0462037 -0.24975 -0 0.150775 -0.63 -2
0.8155 0.09225 -0.5 0.0460789 -0.24975 -0 0.15046 -0.631 -2
0.816 0.092 -0.5 0.045954 -0.24975 -0 0.150144 -0.632 -2
0.8165 0.09175 -0.5 0.0458291 -0.24975 -0 0.149828 -0.633 -2
0.817 0.0915 -0.5 0.0457042 -0.24975 -0 0.149511 -0.634 -2
0.8175 0.09125 -0.5 0.0455794 -0.24975 -0 0.149194 -0.635 -2
0.818 0.091 -0.5 0.0454545 -0.24975 -0 0.148876 -0.636 -2
0.8185 0.09075 -0.5 0.0453296 -0.24975 -0 0.148558 -0.637 -2
0.819 0.0905 -0.5 0.0452047 -0.24975 -0 0.148239 -0.638 -2
0.8195 0.09025 -0.5 0.0450799 -0.24975 -0 0.14792 -0.639 -2
0.82 0.09 -0.5 0.044955 -0.24975 -0 0.1476 -0.64 -2
0.8205 0.08975 -0.5 0.0448301 -0.24975 -0 0.14728 -0.641 -2
0.821 0.0895 -0.5 0.0447052 -0.24975 -0 0.146959 -0.642 -2
0.8215 0.08925 -0.5 0.0445804 -0.24975 -0 0.146638 -0.643 -2
0.822 0.089 -0.5 0.0444555 -0.24975 -0 0.146316 -0.644 -2
0.8225 0.08875 -0.5 0.0443306 -0.24975 -0 0.145994 -0.645 -2
0.823 0.0885 -0.5 0.0442057 -0.24975 -0 0.145671 -0.646 -2
0.8235 0.08825 -0.5 0.0440809 -0.24975 -0 0.145348 -0.647 -2
0.824 0.088 -0.5 0.043956 -0.24975 -0 0.145024 -0.648 -2
0.8245 0.08775 -0.5 0.0438311 -0.24975 -0 0.1447 -0.649 -2
0.825 0.0875 -0.5 0.0437062 -0.24975 -0 0.144375 -0.65 -2
0.8255 0.08725 -0.5 0.0435814 -0.24975 -0 0.14405 -0.651 -2
0.826 0.087 -0.5 0.0434565 -0.24975 -0 0.143724 -0.652 -2
0.8265 0.08675 -0.5 0.0433316 -0.24975 -0 0.143398 -0.653 -2
0.827 0.0865 -0.5 0.0432067 -0.24975 -0 0.143071 -0.654 -2
0.8275 0.08625 -0.5 0.0430819 -0.24975 -0 0.142744 -0.655 -2
0.828 0.086 -0.5 0.042957 -0.24975 -0 0.142416 -0.656 -2
0.8285 0.08575 -0.5 0.0428321 -0.24975 -0 0.142088 -0.657 -2
0.829 0.0855 -0.5 0.0427072 -0.24975 -0 0.141759 -0.658 -2
0.8295 0.08525 -0.5 0.0425824 -0.24975 -0 0.14143 -0.659 -2
0.83 0.085 -0.5 0.0424575 -0.24975 -0 0.1411 -0.66 -2
0.8305 0.08475 -0.5 0.0423326 -0.24975 -0 0.14077 -0.661 -2
0.831 0.0845 -0.5 0.0422077 -0.24975 -0 0.140439 -0.662 -2
0.8315 0.08425 -0.5 0.0420829 -0.24975 -0 0.140108 -0.663 -2
0.832 0.084 -0.5 0.041958 -0.24975 -0 0.139776 -0.664 -2
0.8325 0.08375 -0.5 0.0418331 -0.24975 -0 0.139444 -0.665 -2
0.833 0.0835 -0.5 0.0417083 -0.24975 -0 0.139111 -0.666 -2
0.8335 0.08325 -0.5 0.0415834 -0.24975 -0 0.138778 -0.667 -2
0.834 0.083 -0.5 0.0414585 -0.24975 -0 0.138444 -0.668 -2
0.8345 0.08275 -0.5 0.0413336 -0.24975 -0 0.13811 -0.669 -2
0.835 0.0825 -0.5 0.0412088 -0.24975 -0 0.137775 -0.67 -2
0.8355 0.08225 -0.5 0.0410839 -0.24975 -0 0.13744 -0.671 -2
0.836 0.082 -0.5 0.040959 -0.24975 -0 0.137104 -0.672 -2
0.8365 0.08175 -0.5 0.0408341 -0.24975 -0 0.136768 -0.673 -2
0.837 0.0815 -0.5 0.0407093 -0.24975 -0 0.136431 -0.674 -2
0.8375 0.08125 -0.5 0.0405844 -0.24975 -0 0.136094 -0.675 -2
0.838 0.081 -0.5 0.0404595 -0.24975 -0 0.135756 -0.676 -2
0.8385 0.08075 -0.5 0.0403346 -0.24975 -0 0.135418 -0.677 -2
0.839 0.0805 -0.5 0.0402098 -0.24975 -0 0.135079 -0.678 -2
0.8395 0.08025 -0.5 0.0400849 -0.24975 -0 0.13474 -0.679 -2
0.84 0.08 -0.5 0.03996 -0.24975 -0 0.1344 -0.68 -2
0.8405 0.07975 -0.5 0.0398351 -0.24975 -0 0.13406 -0.681 -2
0.841 0.0795 -0.5 0.0397103 -0.24975 -0 0.133719 -0.682 -2
0.8415 0.07925 -0.5 0.0395854 -0.24975 -0 0.133378 -0.683 -2
0.842 0.079 -0.5 0.0394605 -0.24975 -0 0.133036 -0.684 -2
0.8425 0.07875 -0.5 0.0393356 -0.24975 -0 0.132694 -0.685 -2
0.843 0.0785 -0.5 0.0392108 -0.24975 -0 0.132351 -0.686 -2
0.8435 0.07825 -0.5 0.0390859 -0.24975 -0 0.132008 -0.687 -2
0.844 0.078 -0.5 0.038961 -0.24975 -0 0.131664 -0.688 -2
0.8445 0.07775 -0.5 0.0388361 -0.24975 -0 0.13132 -0.689 -2
0.845 0.0775 -0.5 0.0387113 -0.24975 -0 0.130975 -0.69 -2
0.8455 0.07725 -0.5 0.0385864 -0.24975 -0 0.13063 -0.691 -2
0.846 0.077 -0.5 0.0384615 -0.24975 -0 0.130284 -0.692 -2
0.8465 0.07675 -0.5 0.0383366 -0.24975 -0 0.129938 -0.693 -2
0.847 0.0765 -0.5 0.0382118 -0.24975 -0 0.129591 -0.694 -2
0.8475 0.07625 -0.5 0.0380869 -0.24975 -0 0.129244 -0.695 -2
0.848 0.076 -0.5 0.037962 -0.24975 -0 0.128896 -0.696 -2
0.8485 0.07575 -0.5 0.0378371 -0.24975 -0 0.128548 -0.697 -2
0.849 0.0755 -0.5 0.0377123 -0.24975 -0 0.128199 -0.698 -2
0.8495 0.07525 -0.5 0.0375874 -0.24975 -0 0.12785 -0.699 -2
0.85 0.075 -0.5 0.0374625 -0.24975 -0 0.1275 -0.7 -2
0.8505 0.07475 -0.5 0.0373376 -0.24975 -0 0.12715 -0.701 -2
0.851 0.0745 -0.5 0.0372128 -0.24975 -0 0.126799 -0.702 -2
0.8515 0.07425 -0.5 0.0370879 -0.24975 -0 0.126448 -0.703 -2
0.852 0.074 -0.5 0.036963 -0.24975 -0 0.126096 -0.704 -2
0.8525 0.07375 -0.5 0.0368381 -0.24975 -0 0.125744 -0.705 -2
0.853 0.0735 -0.5 0.0367133 -0.24975 -0 0.125391 -0.706 -2
0.8535 0.07325 -0.5 0.0365884 -0.24975 -0 0.125038 -0.707 -2
0.854 0.073 -0.5 0.0364635 -0.24975 -0 0.124684 -0.708 -2
0.8545 0.07275 -0.5 0.0363386 -0.24975 -0 0.12433 -0.709 -2
0.855 0.0725 -0.5 0.0362138 -0.24975 -0 0.123975 -0.71 -2
0.8555 0.07225 -0.5 0.0360889 -0.24975 -0 0.12362 -0.711 -2
0.856 0.072 -0.5 0.035964 -0.24975 -0 0.123264 -0.712 -2
0.8565 0.07175 -0.5 0.0358391 -0.24975 -0 0.122908 -0.713 -2
0.857 0.0715 -0.5 0.0357143 -0.24975 -0 0.122551 -0.714 -2
0.8575 0.07125 -0.5 0.0355894 -0.24975 -0 0.122194 -0.715 -2
0.858 0.071 -0.5 0.0354645 -0.24975 -0 0.121836 -0.716 -2
0.8585 0.07075 -0.5 0.0353396 -0.24975 -0 0.121478 -0.717 -2
0.859 0.0705 -0.5 0.0352148 -0.24975 -0 0.121119 -0.718 -2
0.8595 0.07025 -0.5 0.0350899 -0.24975 -0 0.12076 -0.719 -2
0.86 0.07 -0.5 0.034965 -0.24975 -0 0.1204 -0.72 -2
0.8605 0.06975 -0.5 0.0348401 -0.24975 -0 0.12004 -0.721 -2
0.861 0.0695 -0.5 0.0347153 -0.24975 -0 0.119679 -0.722 -2
0.8615 0.06925 -0.5 0.0345904 -0.24975 -0 0.119318 -0.723 -2
0.862 0.069 -0.5 0.0344655 -0.24975 -0 0.118956 -0.724 -2
0.8625 0.06875 -0.5 0.0343406 -0.24975 -0 0.118594 -0.725 -2
0.863 0.0685 -0.5 0.0342158 -0.24975 -0 0.118231 -0.726 -2
0.8635 0.06825 -0.5 0.0340909 -0.24975 -0 0.117868 -0.727 -2
0.864 0.068 -0.5 0.033966 -0.24975 -0 0.117504 -0.728 -2
0.8645 0.06775 -0.5 0.0338411 -0.24975 -0 0.11714 -0.729 -2
0.865 0.0675 -0.5 0.0337163 -0.24975 -0 0.116775 -0.73 -2
0.8655 0.06725 -0.5 0.0335914 -0.24975 -0 0.11641 -0.731 -2
0.866 0.067 -0.5 0.0334665 -0.24975 -0 0.116044 -0.732 -2
0.8665 0.06675 -0.5 0.0333416 -0.24975 -0 0.115678 -0.733 -2
0.867 0.0665 -0.5 0.0332168 -0.24975 -0 0.115311 -0.734 -2
0.8675 0.06625 -0.5 0.0330919 -0.24975 -0 0.114944 -0.735 -2
0.868 0.066 -0.5 0.032967 -0.24975 -0 0.114576 -0.736 -2
0.8685 0.06575 -0.5 0.0328421 -0.24975 -0 0.114208 -0.737 -2
0.869 0.0655 -0.5 0.0327173 -0.24975 -0 0.113839 -0.738 -2
0.8695 0.06525 -0.5 0.0325924 -0.24975 -0 0.11347 -0.739 -2
0.87 0.065 -0.5 0.0324675 -0.24975 -0 0.1131 -0.74 -2
0.8705 0.06475 -0.5 0.0323426 -0.24975 -0 0.11273 -0.741 -2
0.871 0.0645 -0.5 0.0322178 -0.24975 -0 0.112359 -0.742 -2
0.8715 0.06425 -0.5 0.0320929 -0.24975 -0 0.111988 -0.743 -2
0.872 0.064 -0.5 0.031968 -0.24975 -0 0.111616 -0.744 -2
0.8725 0.06375 -0.5 0.0318431 -0.24975 -0 0.111244 -0.745 -2
0.873 0.0635 -0.5 0.0317183 -0.24975 -0 0.110871 -0.746 -2
0.8735 0.06325 -0.5 0.0315934 -0.24975 -0 0.110498 -0.747 -2
0.874 0.063 -0.5 0.0314685 -0.24975 -0 0.110124 -0.748 -2
0.8745 0.06275 -0.5 0.0313436 -0.24975 -0 0.10975 -0.749 -2
0.875 0.0625 -0.5 0.0312187 -0.24975 -0 0.109375 -0.75 -2
0.8755 0.06225 -0.5 0.0310939 -0.24975 -0 0.109 -0.751 -2
0.876 0.062 -0.5 0.030969 -0.24975 -0 0.108624 -0.752 -2
0.8765 0.06175 -0.5 0.0308441 -0.24975 -0 0.108248 -0.753 -2
0.877 0.0615 -0.5 0.0307193 -0.24975 -0 0.107871 -0.754 -2
0.8775 0.06125 -0.5 0.0305944 -0.24975 -0 0.107494 -0.755 -2
0.878 0.061 -0.5 0.0304695 -0.24975 -0 0.107116 -0.756 -2
0.8785 0.06075 -0.5 0.0303446 -0.24975 -0 0.106738 -0.757 -2
0.879 0.0605 -0.5 0.0302197 -0.24975 -0 0.106359 -0.758 -2
0.8795 0.06025 -0.5 0.0300949 -0.24975 -0 0.10598 -0.759 -2
0.88 0.06 -0.5 0.02997 -0.24975 -0 0.1056 -0.76 -2
0.8805 0.05975 -0.5 0.0298451 -0.24975 -0 0.10522 -0.761 -2
0.881 0.0595 -0.5 0.0297203 -0.24975 -0 0.104839 -0.762 -2
0.8815 0.05925 -0.5 0.0295954 -0.24975 -0 0.104458 -0.763 -2
0.882 0.059 -0.5 0.0294705 -0.24975 -0 0.104076 -0.764 -2
0.8825 0.05875 -0.5 0.0293456 -0.24975 -0 0.103694 -0.765 -2
0.883 0.0585 -0.5 0.0292208 -0.24975 -0 0.103311 -0.766 -2
0.8835 0.05825 -0.5 0.0290959 -0.24975 -0 0.102928 -0.767 -2
0.884 0.058 -0.5 0.028971 -0.24975 -0 0.102544 -0.768 -2
0.8845 0.05775 -0.5 0.0288461 -0.24975 -0 0.10216 -0.769 -2
0.885 0.0575 -0.5 0.0287213 -0.24975 -0 0.101775 -0.77 -2
0.8855 0.05725 -0.5 0.0285964 -0.24975 -0 0.10139 -0.771 -2
0.886 0.057 -0.5 0.0284715 -0.24975 -0 0.101004 -0.772 -2
0.8865 0.05675 -0.5 0.0283466 -0.24975 -0 0.100618 -0.773 -2
0.887 0.0565 -0.5 0.0282218 -0.24975 -0 0.100231 -0.774 -2
0.8875 0.05625 -0.5 0.0280969 -0.24975 -0 0.0998437 -0.775 -2
0.888 0.056 -0.5 0.027972 -0.24975 -0 0.099456 -0.776 -2
0.8885 0.05575 -0.5 0.0278471 -0.24975 -0 0.0990677 -0.777 -2
0.889 0.0555 -0.5 0.0277222 -0.24975 -0 0.098679 -0.778 -2
0.8895 0.05525 -0.5 0.0275974 -0.24975 -0 0.0982897 -0.779 -2
0.89 0.055 -0.5 0.0274725 -0.24975 -0 0.0979 -0.78 -2
0.8905 0.05475 -0.5 0.0273476 -0.24975 -0 0.0975097 -0.781 -2
0.891 0.0545 -0.5 0.0272227 -0.24975 -0 0.097119 -0.782 -2
0.8915 0.05425 -0.5 0.0270979 -0.24975 -0 0.0967277 -0.783 -2
0.892 0.054 -0.5 0.026973 -0.24975 -0 0.096336 -0.784 -2
0.8925 0.05375 -0.5 0.0268481 -0.24975 -0 0.0959437 -0.785 -2
0.893 0.0535 -0.5 0.0267232 -0.24975 -0 0.095551 -0.786 -2
0.8935 0.05325 -0.5 0.0265984 -0.24975 -0 0.0951577 -0.787 -2
0.894 0.053 -0.5 0.0264735 -0.24975 -0 0.094764 -0.788 -2
0.8945 0.05275 -0.5 0.0263486 -0.24975 -0 0.0943697 -0.789 -2
0.895 0.0525 -0.5 0.0262237 -0.24975 -0 0.093975 -0.79 -2
0.8955 0.05225 -0.5 0.0260989 -0.24975 -0 0.0935797 -0.791 -2
0.896 0.052 -0.5 0.025974 -0.24975 -0 0.093184 -0.792 -2
0.8965 0.05175 -0.5 0.0258491 -0.24975 -0 0.0927878 -0.793 -2
0.897 0.0515 -0.5 0.0257242 -0.24975 -0 0.092391 -0.794 -2
0.8975 0.05125 -0.5 0.0255994 -0.24975 -0 0.0919938 -0.795 -2
0.898 0.051 -0.5 0.0254745 -0.24975 -0 0.091596 -0.796 -2
0.8985 0.05075 -0.5 0.0253496 -0.24975 -0 0.0911978 -0.797 -2
0.899 0.0505 -0.5 0.0252247 -0.24975 -0 0.090799 -0.798 -2
0.8995 0.05025 -0.5 0.0250999 -0.24975 -0 0.0903998 -0.799 -2
0.9 0.05 -0.5 0.024975 -0.24975 -0 0.09 -0.8 -2
0.9005 0.04975 -0.5 0.0248501 -0.24975 -0 0.0895998 -0.801 -2
0.901 0.0495 -0.5 0.0247252 -0.24975 -0 0.089199 -0.802 -2
0.9015 0.04925 -0.5 0.0246004 -0.24975 -0 0.0887978 -0.803 -2
0.902 0.049 -0.5 0.0244755 -0.24975 -0 0.088396 -0.804 -2
0.9025 0.04875 -0.5 0.0243506 -0.24975 -0 0.0879938 -0.805 -2
0.903 0.0485 -0.5 0.0242257 -0.24975 -0 0.087591 -0.806 -2
0.9035 0.04825 -0.5 0.0241009 -0.24975 -0 0.0871878 -0.807 -2
0.904 0.048 -0.5 0.023976 -0.24975 -0 0.086784 -0.808 -2
0.9045 0.04775 -0.5 0.0238511 -0.24975 -0 0.0863798 -0.809 -2
0.905 0.0475 -0.5 0.0237262 -0.24975 -0 0.085975 -0.81 -2
0.9055 0.04725 -0.5 0.0236014 -0.24975 -0 0.0855698 -0.811 -2
0.906 0.047 -0.5 0.0234765 -0.24975 -0 0.085164 -0.812 -2
0.9065 0.04675 -0.5 0.0233516 -0.24975 -0 0.0847578 -0.813 -2
0.907 0.0465 -0.5 0.0232267 -0.24975 -0 0.084351 -0.814 -2
0.9075 0.04625 -0.5 0.0231019 -0.24975 -0 0.0839438 -0.815 -2
0.908 0.046 -0.5 0.022977 -0.24975 -0 0.083536 -0.816 -2
0.9085 0.04575 -0.5 0.0228521 -0.24975 -0 0.0831278 -0.817 -2
0.909 0.0455 -0.5 0.0227272 -0.24975 -0 0.082719 -0.818 -2
0.9095 0.04525 -0.5 0.0226024 -0.24975 -0 0.0823098 -0.819 -2
0.91 0.045 -0.5 0.0224775 -0.24975 -0 0.0819 -0.82 -2
0.9105 0.04475 -0.5 0.0223526 -0.24975 -0 0.0814898 -0.821 -2
0.911 0.0445 -0.5 0.0222277 -0.24975 -0 0.081079 -0.822 -2
0.9115 0.04425 -0.5 0.0221029 -0.24975 -0 0.0806678 -0.823 -2
0.912 0.044 -0.5 0.021978 -0.24975 -0 0.080256 -0.824 -2
0.9125 0.04375 -0.5 0.0218531 -0.24975 -0 0.0798438 -0.825 -2
0.913 0.0435 -0.5 0.0217282 -0.24975 -0 0.079431 -0.826 -2
0.9135 0.04325 -0.5 0.0216034 -0.24975 -0 0.0790178 -0.827 -2
0.914 0.043 -0.5 0.0214785 -0.24975 -0 0.078604 -0.828 -2
0.9145 0.04275 -0.5 0.0213536 -0.24975 -0 0.0781898 -0.829 -2
0.915 0.0425 -0.5 0.0212287 -0.24975 -0 0.077775 -0.83 -2
0.9155 0.04225 -0.5 0.0211039 -0.24975 -0 0.0773598 -0.831 -2
0.916 0.042 -0.5 0.020979 -0.24975 -0 0.076944 -0.832 -2
0.9165 0.04175 -0.5 0.0208541 -0.24975 -0 0.0765278 -0.833 -2
0.917 0.0415 -0.5 0.0207292 -0.24975 -0 0.076111 -0.834 -2
0.9175 0.04125 -0.5 0.0206044 -0.24975 -0 0.0756938 -0.835 -2
0.918 0.041 -0.5 0.0204795 -0.24975 -0 0.075276 -0.836 -2
0.9185 0.04075 -0.5 0.0203546 -0.24975 -0 0.0748578 -0.837 -2
0.919 0.0405 -0.5 0.0202297 -0.24975 -0 0.074439 -0.838 -2
0.9195 0.04025 -0.5 0.0201049 -0.24975 -0 0.0740198 -0.839 -2
0.92 0.04 -0.5 0.01998 -0.24975 -0 0.0736 -0.84 -2
0.9205 0.03975 -0.5 0.0198551 -0.24975 -0 0.0731798 -0.841 -2
0.921 0.0395 -0.5 0.0197302 -0.24975 -0 0.072759 -0.842 -2
0.9215 0.03925 -0.5 0.0196054 -0.24975 -0 0.0723378 -0.843 -2
0.922 0.039 -0.5 0.0194805 -0.24975 -0 0.071916 -0.844 -2
0.9225 0.03875 -0.5 0.0193556 -0.24975 -0 0.0714938 -0.845 -2
0.923 0.0385 -0.5 0.0192307 -0.24975 -0 0.071071 -0.846 -2
0.9235 0.03825 -0.5 0.0191059 -0.24975 -0 0.0706478 -0.847 -2
0.924 0.038 -0.5 0.018981 -0.24975 -0 0.070224 -0.848 -2
0.9245 0.03775 -0.5 0.0188561 -0.24975 -0 0.0697998 -0.849 -2
0.925 0.0375 -0.5 0.0187312 -0.24975 -0 0.069375 -0.85 -2
0.9255 0.03725 -0.5 0.0186064 -0.24975 -0 0.0689498 -0.851 -2
0.926 0.037 -0.5 0.0184815 -0.24975 -0 0.068524 -0.852 -2
0.9265 0.03675 -0.5 0.0183566 -0.24975 -0 0.0680978 -0.853 -2
0.927 0.0365 -0.5 0.0182317 -0.24975 -0 0.067671 -0.854 -2
0.9275 0.03625 -0.5 0.0181069 -0.24975 -0 0.0672438 -0.855 -2
0.928 0.036 -0.5 0.017982 -0.24975 -0 0.066816 -0.856 -2
0.9285 0.03575 -0.5 0.0178571 -0.24975 -0 0.0663878 -0.857 -2
0.929 0.0355 -0.5 0.0177322 -0.24975 -0 0.065959 -0.858 -2
0.9295 0.03525 -0.5 0.0176074 -0.24975 -0 0.0655298 -0.859 -2
0.93 0.035 -0.5 0.0174825 -0.24975 -0 0.0651 -0.86 -2
0.9305 0.03475 -0.5 0.0173576 -0.24975 -0 0.0646698 -0.861 -2
0.931 0.0345 -0.5 0.0172327 -0.24975 -0 0.064239 -0.862 -2
0.9315 0.03425 -0.5 0.0171079 -0.24975 -0 0.0638078 -0.863 -2
0.932 0.034 -0.5 0.016983 -0.24975 -0 0.063376 -0.864 -2
0.9325 0.03375 -0.5 0.0168581 -0.24975 -0 0.0629438 -0.865 -2
0.933 0.0335 -0.5 0.0167332 -0.24975 -0 0.062511 -0.866 -2
0.9335 0.03325 -0.5 0.0166084 -0.24975 -0 0.0620778 -0.867 -2
0.934 0.033 -0.5 0.0164835 -0.24975 -0 0.061644 -0.868 -2
0.9345 0.03275 -0.5 0.0163586 -0.24975 -0 0.0612098 -0.869 -2
0.935 0.0325 -0.5 0.0162337 -0.24975 -0 0.060775 -0.87 -2
0.9355 0.03225 -0.5 0.0161089 -0.24975 -0 0.0603398 -0.871 -2
0.936 0.032 -0.5 0.015984 -0.24975 -0 0.059904 -0.872 -2
0.9365 0.03175 -0.5 0.0158591 -0.24975 -0 0.0594677 -0.873 -2
0.937 0.0315 -0.5 0.0157342 -0.24975 -0 0.059031 -0.874 -2
0.9375 0.03125 -0.5 0.0156094 -0.24975 -0 0.0585938 -0.875 -2
0.938 0.031 -0.5 0.0154845 -0.24975 -0 0.058156 -0.876 -2
0.9385 0.03075 -0.5 0.0153596 -0.24975 -0 0.0577177 -0.877 -2
0.939 0.0305 -0.5 0.0152347 -0.24975 -0 0.057279 -0.878 -2
0.9395 0.03025 -0.5 0.0151099 -0.24975 -0 0.0568398 -0.879 -2
0.94 0.03 -0.5 0.014985 -0.24975 -0 0.0564 -0.88 -2
0.9405 0.02975 -0.5 0.0148601 -0.24975 -0 0.0559597 -0.881 -2
0.941 0.0295 -0.5 0.0147352 -0.24975 -0 0.055519 -0.882 -2
0.9415 0.02925 -0.5 0.0146104 -0.24975 -0 0.0550777 -0.883 -2
0.942 0.029 -0.5 0.0144855 -0.24975 -0 0.054636 -0.884 -2
0.9425 0.02875 -0.5 0.0143606 -0.24975 -0 0.0541937 -0.885 -2
0.943 0.0285 -0.5 0.0142357 -0.24975 -0 0.053751 -0.886 -2
0.9435 0.02825 -0.5 0.0141109 -0.24975 -0 0.0533077 -0.887 -2
0.944 0.028 -0.5 0.013986 -0.24975 -0 0.052864 -0.888 -2
0.9445 0.02775 -0.5 0.0138611 -0.24975 -0 0.0524197 -0.889 -2
0.945 0.0275 -0.5 0.0137362 -0.24975 -0 0.051975 -0.89 -2
0.9455 0.02725 -0.5 0.0136114 -0.24975 -0 0.0515297 -0.891 -2
0.946 0.027 -0.5 0.0134865 -0.24975 -0 0.051084 -0.892 -2
0.9465 0.02675 -0.5 0.0133616 -0.24975 -0 0.0506377 -0.893 -2
0.947 0.0265 -0.5 0.0132367 -0.24975 -0 0.050191 -0.894 -2
0.9475 0.02625 -0.5 0.0131119 -0.24975 -0 0.0497437 -0.895 -2
0.948 0.026 -0.5 0.012987 -0.24975 -0 0.049296 -0.896 -2
0.9485 0.02575 -0.5 0.0128621 -0.24975 -0 0.0488477 -0.897 -2
0.949 0.0255 -0.5 0.0127372 -0.24975 -0 0.048399 -0.898 -2
0.9495 0.02525 -0.5 0.0126124 -0.24975 -0 0.0479497 -0.899 -2
0.95 0.025 -0.5 0.0124875 -0.24975 -0 0.0475 -0.9 -2
0.9505 0.02475 -0.5 0.0123626 -0.24975 -0 0.0470497 -0.901 -2
0.951 0.0245 -0.5 0.0122377 -0.24975 -0 0.046599 -0.902 -2
0.9515 0.02425 -0.5 0.0121129 -0.24975 -0 0.0461477 -0.903 -2
0.952 0.024 -0.5 0.011988 -0.24975 -0 0.045696 -0.904 -2
0.9525 0.02375 -0.5 0.0118631 -0.24975 -0 0.0452437 -0.905 -2
0.953 0.0235 -0.5 0.0117382 -0.24975 -0 0.044791 -0.906 -2
0.9535 0.02325 -0.5 0.0116134 -0.24975 -0 0.0443377 -0.907 -2
0.954 0.023 -0.5 0.0114885 -0.24975 -0 0.043884 -0.908 -2
0.9545 0.02275 -0.5 0.0113636 -0.24975 -0 0.0434297 -0.909 -2
0.955 0.0225 -0.5 0.0112387 -0.24975 -0 0.042975 -0.91 -2
0.9555 0.02225 -0.5 0.0111139 -0.24975 -0 0.0425197 -0.911 -2
0.956 0.022 -0.5 0.010989 -0.24975 -0 0.042064 -0.912 -2
0.9565 0.02175 -0.5 0.0108641 -0.24975 -0 0.0416077 -0.913 -2
0.957 0.0215 -0.5 0.0107392 -0.24975 -0 0.041151 -0.914 -2
0.9575 0.02125 -0.5 0.0106144 -0.24975 -0 0.0406937 -0.915 -2
0.958 0.021 -0.5 0.0104895 -0.24975 -0 0.040236 -0.916 -2
0.9585 0.02075 -0.5 0.0103646 -0.24975 -0 0.0397777 -0.917 -2
0.959 0.0205 -0.5 0.0102397 -0.24975 -0 0.039319 -0.918 -2
0.9595 0.02025 -0.5 0.0101149 -0.24975 -0 0.0388597 -0.919 -2
0.96 0.02 -0.5 0.00999 -0.24975 -0 0.0384 -0.92 -2
0.9605 0.01975 -0.5 0.00986512 -0.24975 -0 0.0379397 -0.921 -2
0.961 0.0195 -0.5 0.00974025 -0.24975 -0 0.037479 -0.922 -2
0.9615 0.01925 -0.5 0.00961537 -0.24975 -0 0.0370177 -0.923 -2
0.962 0.019 -0.5 0.0094905 -0.24975 -0 0.036556 -0.924 -2
0.9625 0.01875 -0.5 0.00936562 -0.24975 -0 0.0360937 -0.925 -2
0.963 0.0185 -0.5 0.00924075 -0.24975 -0 0.035631 -0.926 -2
0.9635 0.01825 -0.5 0.00911587 -0.24975 -0 0.0351677 -0.927 -2
0.964 0.018 -0.5 0.008991 -0.24975 -0 0.034704 -0.928 -2
0.9645 0.01775 -0.5 0.00886612 -0.24975 -0 0.0342397 -0.929 -2
0.965 0.0175 -0.5 0.00874125 -0.24975 -0 0.033775 -0.93 -2
0.9655 0.01725 -0.5 0.00861637 -0.24975 -0 0.0333097 -0.931 -2
0.966 0.017 -0.5 0.0084915 -0.24975 -0 0.032844 -0.932 -2
0.9665 0.01675 -0.5 0.00836662 -0.24975 -0 0.0323777 -0.933 -2
0.967 0.0165 -0.5 0.00824175 -0.24975 -0 0.031911 -0.934 -2
0.9675 0.01625 -0.5 0.00811687 -0.24975 -0 0.0314437 -0.935 -2
0.968 0.016 -0.5 0.007992 -0.24975 -0 0.030976 -0.936 -2
0.9685 0.01575 -0.5 0.00786712 -0.24975 -0 0.0305077 -0.937 -2
0.969 0.0155 -0.5 0.00774225 -0.24975 -0 0.030039 -0.938 -2
0.9695 0.01525 -0.5 0.00761737 -0.24975 -0 0.0295697 -0.939 -2
0.97 0.015 -0.5 0.0074925 -0.24975 -0 0.0291 -0.94 -2
0.9705 0.01475 -0.5 0.00736762 -0.24975 -0 0.0286297 -0.941 -2
0.971 0.0145 -0.5 0.00724275 -0.24975 -0 0.028159 -0.942 -2
0.9715 0.01425 -0.5 0.00711787 -0.24975 -0 0.0276877 -0.943 -2
0.972 0.014 -0.5 0.006993 -0.24975 -0 0.027216 -0.944 -2
0.9725 0.01375 -0.5 0.00686812 -0.24975 -0 0.0267437 -0.945 -2
0.973 0.0135 -0.5 0.00674325 -0.24975 -0 0.026271 -0.946 -2
0.9735 0.01325 -0.5 0.00661837 -0.24975 -0 0.0257977 -0.947 -2
0.974 0.013 -0.5 0.0064935 -0.24975 -0 0.025324 -0.948 -2
0.9745 0.01275 -0.5 0.00636862 -0.24975 -0 0.0248497 -0.949 -2
0.975 0.0125 -0.5 0.00624375 -0.24975 -0 0.024375 -0.95 -2
0.9755 0.01225 -0.5 0.00611887 -0.24975 -0 0.0238997 -0.951 -2
0.976 0.012 -0.5 0.005994 -0.24975 -0 0.023424 -0.952 -2
0.9765 0.01175 -0.5 0.00586912 -0.24975 -0 0.0229477 -0.953 -2
0.977 0.0115 -0.5 0.00574425 -0.24975 -0 0.022471 -0.954 -2
0.9775 0.01125 -0.5 0.00561937 -0.24975 -0 0.0219937 -0.955 -2
0.978 0.011 -0.5 0.0054945 -0.24975 -0 0.021516 -0.956 -2
0.9785 0.01075 -0.5 0.00536962 -0.24975 -0 0.0210377 -0.957 -2
0.979 0.0105 -0.5 0.00524475 -0.24975 -0 0.020559 -0.958 -2
0.9795 0.01025 -0.5 0.00511987 -0.24975 -0 0.0200797 -0.959 -2
0.98 0.01 -0.5 0.004995 -0.24975 -0 0.0196 -0.96 -2
0.9805 0.00975 -0.5 0.00487012 -0.24975 -0 0.0191197 -0.961 -2
0.981 0.0095 -0.5 0.00474525 -0.24975 -0 0.018639 -0.962 -2
0.9815 0.00925 -0.5 0.00462037 -0.24975 -0 0.0181577 -0.963 -2
0.982 0.009 -0.5 0.0044955 -0.24975 -0 0.017676 -0.964 -2
0.9825 0.00875 -0.5 0.00437062 -0.24975 -0 0.0171937 -0.965 -2
0.983 0.0085 -0.5 0.00424575 -0.24975 -0 0.016711 -0.966 -2
0.9835 0.00825 -0.5 0.00412087 -0.24975 -0 0.0162277 -0.967 -2
0.984 0.008 -0.5 0.003996 -0.24975 -0 0.015744 -0.968 -2
0.9845 0.00775 -0.5 0.00387112 -0.24975 -0 0.0152597 -0.969 -2
0.985 0.0075 -0.5 0.00374625 -0.24975 -0 0.014775 -0.97 -2
0.9855 0.00725 -0.5 0.00362137 -0.24975 -0 0.0142897 -0.971 -2
0.986 0.007 -0.5 0.0034965 -0.24975 -0 0.013804 -0.972 -2
0.9865 0.00675 -0.5 0.00337162 -0.24975 -0 0.0133177 -0.973 -2
0.987 0.0065 -0.5 0.00324675 -0.24975 -0 0.012831 -0.974 -2
0.9875 0.00625 -0.5 0.00312187 -0.24975 -0 0.0123437 -0.975 -2
0.988 0.006 -0.5 0.002997 -0.24975 -0 0.011856 -0.976 -2
0.9885 0.00575 -0.5 0.00287212 -0.24975 -0 0.0113677 -0.977 -2
0.989 0.0055 -0.5 0.00274725 -0.24975 -0 0.010879 -0.978 -2
0.9895 0.00525 -0.5 0.00262237 -0.24975 -0 0.0103897 -0.979 -2
0.99 0.005 -0.5 0.0024975 -0.24975 -0 0.0099 -0.98 -2
0.9905 0.00475 -0.5 0.00237262 -0.24975 -0 0.00940975 -0.981 -2
0.991 0.0045 -0.5 0.00224775 -0.24975 -0 0.008919 -0.982 -2
0.9915 0.00425 -0.5 0.00212287 -0.24975 -0 0.00842775 -0.983 -2
0.992 0.004 -0.5 0.001998 -0.24975 -0 0.007936 -0.984 -2
0.9925 0.00375 -0.5 0.00187312 -0.24975 -0 0.00744375 -0.985 -2
0.993 0.0035 -0.5 0.00174825 -0.24975 -0 0.006951 -0.986 -2
0.9935 0.00325 -0.5 0.00162337 -0.24975 -0 0.00645775 -0.987 -2
0.994 0.003 -0.5 0.0014985 -0.24975 -0 0.005964 -0.988 -2
0.9945 0.00275 -0.5 0.00137362 -0.24975 -0 0.00546975 -0.989 -2
0.995 0.0025 -0.5 0.00124875 -0.24975 -0 0.004975 -0.99 -2
0.9955 0.00225 -0.5 0.00112387 -0.24975 -0 0.00447975 -0.991 -2
0.996 0.002 -0.5 0.000999 -0.24975 -0 0.003984 -0.992 -2
0.9965 0.00175 -0.5 0.000874125 -0.24975 -0 0.00348775 -0.993 -2
0.997 0.0015 -0.5 0.00074925 -0.24975 -0 0.002991 -0.994 -2
0.9975 0.00125 -0.5 0.000624375 -0.24975 -0 0.00249375 -0.995 -2
0.998 0.001 -0.5 0.0004995 -0.24975 -0 0.001996 -0.996 -2
0.9985 0.00075 -0.5 0.000374625 -0.24975 -0 0.00149775 -0.997 -2
0.999 0.0005 -0.5 0.00024975 -0.24975 -0 0.000999 -0.998 -2
0.9995 0.00025 -0.5 0.000124875 -0.24975 -0 0.00049975 -0.999 -2
1 0 -0.5 0 -0.24975 -0 0 -1 -2
